/****** Object:  Table [__EFMigrationsHistory]    Script Date: 13/01/2021 16:27:37 ******/
SET ANSI_NULLS ON
GO
SET QUOTED_IDENTIFIER ON
GO
CREATE TABLE [__EFMigrationsHistory](
	[MigrationId] [nvarchar](150) NOT NULL,
	[ProductVersion] [nvarchar](32) NOT NULL,
 CONSTRAINT [PK___EFMigrationsHistory] PRIMARY KEY CLUSTERED 
(
	[MigrationId] ASC
)WITH (PAD_INDEX = OFF, STATISTICS_NORECOMPUTE = OFF, IGNORE_DUP_KEY = OFF, ALLOW_ROW_LOCKS = ON, ALLOW_PAGE_LOCKS = ON) ON [PRIMARY]
) ON [PRIMARY]

GO
/****** Object:  Table [AspNetRoleClaims]    Script Date: 13/01/2021 16:27:37 ******/
SET ANSI_NULLS ON
GO
SET QUOTED_IDENTIFIER ON
GO
CREATE TABLE [AspNetRoleClaims](
	[Id] [int] IDENTITY(1,1) NOT NULL,
	[RoleId] [bigint] NOT NULL,
	[ClaimType] [nvarchar](max) NULL,
	[ClaimValue] [nvarchar](max) NULL,
 CONSTRAINT [PK_AspNetRoleClaims] PRIMARY KEY CLUSTERED 
(
	[Id] ASC
)WITH (PAD_INDEX = OFF, STATISTICS_NORECOMPUTE = OFF, IGNORE_DUP_KEY = OFF, ALLOW_ROW_LOCKS = ON, ALLOW_PAGE_LOCKS = ON) ON [PRIMARY]
) ON [PRIMARY] TEXTIMAGE_ON [PRIMARY]

GO
/****** Object:  Table [AspNetRoles]    Script Date: 13/01/2021 16:27:37 ******/
SET ANSI_NULLS ON
GO
SET QUOTED_IDENTIFIER ON
GO
CREATE TABLE [AspNetRoles](
	[Id] [bigint] IDENTITY(1,1) NOT NULL,
	[Name] [nvarchar](256) NULL,
	[NormalizedName] [nvarchar](256) NULL,
	[ConcurrencyStamp] [nvarchar](max) NULL,
 CONSTRAINT [PK_AspNetRoles] PRIMARY KEY CLUSTERED 
(
	[Id] ASC
)WITH (PAD_INDEX = OFF, STATISTICS_NORECOMPUTE = OFF, IGNORE_DUP_KEY = OFF, ALLOW_ROW_LOCKS = ON, ALLOW_PAGE_LOCKS = ON) ON [PRIMARY]
) ON [PRIMARY] TEXTIMAGE_ON [PRIMARY]

GO
/****** Object:  Table [AspNetUserClaims]    Script Date: 13/01/2021 16:27:37 ******/
SET ANSI_NULLS ON
GO
SET QUOTED_IDENTIFIER ON
GO
CREATE TABLE [AspNetUserClaims](
	[Id] [int] IDENTITY(1,1) NOT NULL,
	[UserId] [bigint] NOT NULL,
	[ClaimType] [nvarchar](max) NULL,
	[ClaimValue] [nvarchar](max) NULL,
 CONSTRAINT [PK_AspNetUserClaims] PRIMARY KEY CLUSTERED 
(
	[Id] ASC
)WITH (PAD_INDEX = OFF, STATISTICS_NORECOMPUTE = OFF, IGNORE_DUP_KEY = OFF, ALLOW_ROW_LOCKS = ON, ALLOW_PAGE_LOCKS = ON) ON [PRIMARY]
) ON [PRIMARY] TEXTIMAGE_ON [PRIMARY]

GO
/****** Object:  Table [AspNetUserLogins]    Script Date: 13/01/2021 16:27:37 ******/
SET ANSI_NULLS ON
GO
SET QUOTED_IDENTIFIER ON
GO
CREATE TABLE [AspNetUserLogins](
	[LoginProvider] [nvarchar](450) NOT NULL,
	[ProviderKey] [nvarchar](450) NOT NULL,
	[ProviderDisplayName] [nvarchar](max) NULL,
	[UserId] [bigint] NOT NULL,
 CONSTRAINT [PK_AspNetUserLogins] PRIMARY KEY CLUSTERED 
(
	[LoginProvider] ASC,
	[ProviderKey] ASC
)WITH (PAD_INDEX = OFF, STATISTICS_NORECOMPUTE = OFF, IGNORE_DUP_KEY = OFF, ALLOW_ROW_LOCKS = ON, ALLOW_PAGE_LOCKS = ON) ON [PRIMARY]
) ON [PRIMARY] TEXTIMAGE_ON [PRIMARY]

GO
/****** Object:  Table [AspNetUserRoles]    Script Date: 13/01/2021 16:27:37 ******/
SET ANSI_NULLS ON
GO
SET QUOTED_IDENTIFIER ON
GO
CREATE TABLE [AspNetUserRoles](
	[UserId] [bigint] NOT NULL,
	[RoleId] [bigint] NOT NULL,
 CONSTRAINT [PK_AspNetUserRoles] PRIMARY KEY CLUSTERED 
(
	[UserId] ASC,
	[RoleId] ASC
)WITH (PAD_INDEX = OFF, STATISTICS_NORECOMPUTE = OFF, IGNORE_DUP_KEY = OFF, ALLOW_ROW_LOCKS = ON, ALLOW_PAGE_LOCKS = ON) ON [PRIMARY]
) ON [PRIMARY]

GO
/****** Object:  Table [AspNetUsers]    Script Date: 13/01/2021 16:27:37 ******/
SET ANSI_NULLS ON
GO
SET QUOTED_IDENTIFIER ON
GO
CREATE TABLE [AspNetUsers](
	[Id] [bigint] IDENTITY(1,1) NOT NULL,
	[UserName] [nvarchar](256) NULL,
	[NormalizedUserName] [nvarchar](256) NULL,
	[Email] [nvarchar](256) NULL,
	[NormalizedEmail] [nvarchar](256) NULL,
	[EmailConfirmed] [bit] NOT NULL,
	[PasswordHash] [nvarchar](max) NULL,
	[SecurityStamp] [nvarchar](max) NULL,
	[ConcurrencyStamp] [nvarchar](max) NULL,
	[PhoneNumber] [nvarchar](max) NULL,
	[PhoneNumberConfirmed] [bit] NOT NULL,
	[TwoFactorEnabled] [bit] NOT NULL,
	[LockoutEnd] [datetimeoffset](7) NULL,
	[LockoutEnabled] [bit] NOT NULL,
	[AccessFailedCount] [int] NOT NULL,
	[Balance] [decimal](18, 2) NOT NULL,
	[DiscordId] [nvarchar](max) NULL,
 CONSTRAINT [PK_AspNetUsers] PRIMARY KEY CLUSTERED 
(
	[Id] ASC
)WITH (PAD_INDEX = OFF, STATISTICS_NORECOMPUTE = OFF, IGNORE_DUP_KEY = OFF, ALLOW_ROW_LOCKS = ON, ALLOW_PAGE_LOCKS = ON) ON [PRIMARY]
) ON [PRIMARY] TEXTIMAGE_ON [PRIMARY]

GO
/****** Object:  Table [AspNetUserTokens]    Script Date: 13/01/2021 16:27:37 ******/
SET ANSI_NULLS ON
GO
SET QUOTED_IDENTIFIER ON
GO
CREATE TABLE [AspNetUserTokens](
	[UserId] [bigint] NOT NULL,
	[LoginProvider] [nvarchar](450) NOT NULL,
	[Name] [nvarchar](450) NOT NULL,
	[Value] [nvarchar](max) NULL,
 CONSTRAINT [PK_AspNetUserTokens] PRIMARY KEY CLUSTERED 
(
	[UserId] ASC,
	[LoginProvider] ASC,
	[Name] ASC
)WITH (PAD_INDEX = OFF, STATISTICS_NORECOMPUTE = OFF, IGNORE_DUP_KEY = OFF, ALLOW_ROW_LOCKS = ON, ALLOW_PAGE_LOCKS = ON) ON [PRIMARY]
) ON [PRIMARY] TEXTIMAGE_ON [PRIMARY]

GO
/****** Object:  Table [BoostingModel]    Script Date: 13/01/2021 16:27:37 ******/
SET ANSI_NULLS ON
GO
SET QUOTED_IDENTIFIER ON
GO
CREATE TABLE [BoostingModel](
	[Id] [int] IDENTITY(1,1) NOT NULL,
	[YourCurrentLeague] [nvarchar](max) NULL,
	[DesiredCurrentLeague] [nvarchar](max) NULL,
	[CurrentDivision] [nvarchar](max) NULL,
	[DesiredCurrentDivision] [nvarchar](max) NULL,
	[CurrentLP] [nvarchar](max) NULL,
	[Server] [nvarchar](max) NULL,
	[TypeOfQueue] [nvarchar](max) NULL,
	[SpecificRolesTop] [nvarchar](max) NULL,
	[SpecificRolesJungle] [nvarchar](max) NULL,
	[SpecificRolesMiddle] [nvarchar](max) NULL,
	[SpecificRolesADC] [nvarchar](max) NULL,
	[SpecificRolesSupport] [nvarchar](max) NULL,
	[TypeOfDuoRegular] [nvarchar](max) NULL,
	[TypeOfDuoPremium] [nvarchar](max) NULL,
	[SpecificChampions] [nvarchar](max) NULL,
	[VPN] [bit] NOT NULL,
	[DiscountCode] [nvarchar](max) NULL,
 CONSTRAINT [PK_BoostingModel] PRIMARY KEY CLUSTERED 
(
	[Id] ASC
)WITH (PAD_INDEX = OFF, STATISTICS_NORECOMPUTE = OFF, IGNORE_DUP_KEY = OFF, ALLOW_ROW_LOCKS = ON, ALLOW_PAGE_LOCKS = ON) ON [PRIMARY]
) ON [PRIMARY] TEXTIMAGE_ON [PRIMARY]

GO
/****** Object:  Table [ChatModel]    Script Date: 13/01/2021 16:27:37 ******/
SET ANSI_NULLS ON
GO
SET QUOTED_IDENTIFIER ON
GO
CREATE TABLE [ChatModel](
	[Id] [int] IDENTITY(1,1) NOT NULL,
	[SenderId] [bigint] NULL,
	[RecieverId] [bigint] NULL,
	[Message] [nvarchar](max) NULL,
	[DateTimeSent] [datetime2](7) NOT NULL,
	[purchaseFormId] [int] NULL,
 CONSTRAINT [PK_ChatModel] PRIMARY KEY CLUSTERED 
(
	[Id] ASC
)WITH (PAD_INDEX = OFF, STATISTICS_NORECOMPUTE = OFF, IGNORE_DUP_KEY = OFF, ALLOW_ROW_LOCKS = ON, ALLOW_PAGE_LOCKS = ON) ON [PRIMARY]
) ON [PRIMARY] TEXTIMAGE_ON [PRIMARY]

GO
/****** Object:  Table [CoachingModel]    Script Date: 13/01/2021 16:27:37 ******/
SET ANSI_NULLS ON
GO
SET QUOTED_IDENTIFIER ON
GO
CREATE TABLE [CoachingModel](
	[Id] [int] IDENTITY(1,1) NOT NULL,
	[SpecificChampions] [nvarchar](max) NULL,
	[SpecificRolesTop] [nvarchar](max) NULL,
	[SpecificRolesJungle] [nvarchar](max) NULL,
	[SpecificRolesMiddle] [nvarchar](max) NULL,
	[SpecificRolesADC] [nvarchar](max) NULL,
	[SpecificRolesSupport] [nvarchar](max) NULL,
	[Server] [nvarchar](max) NULL,
	[CoachingPackage] [nvarchar](max) NULL,
	[CurrentRank] [nvarchar](max) NULL,
 CONSTRAINT [PK_CoachingModel] PRIMARY KEY CLUSTERED 
(
	[Id] ASC
)WITH (PAD_INDEX = OFF, STATISTICS_NORECOMPUTE = OFF, IGNORE_DUP_KEY = OFF, ALLOW_ROW_LOCKS = ON, ALLOW_PAGE_LOCKS = ON) ON [PRIMARY]
) ON [PRIMARY] TEXTIMAGE_ON [PRIMARY]

GO
/****** Object:  Table [Discount]    Script Date: 13/01/2021 16:27:37 ******/
SET ANSI_NULLS ON
GO
SET QUOTED_IDENTIFIER ON
GO
CREATE TABLE [Discount](
	[Id] [int] IDENTITY(1,1) NOT NULL,
	[DiscountCode] [varchar](255) NOT NULL,
	[SingleUse] [bit] NOT NULL,
	[DiscountPercentage] [int] NOT NULL,
 CONSTRAINT [PK_Discount] PRIMARY KEY CLUSTERED 
(
	[Id] ASC
)WITH (PAD_INDEX = OFF, STATISTICS_NORECOMPUTE = OFF, IGNORE_DUP_KEY = OFF, ALLOW_ROW_LOCKS = ON, ALLOW_PAGE_LOCKS = ON) ON [PRIMARY]
) ON [PRIMARY]

GO
/****** Object:  Table [LeagueOfLegendsAuditModel]    Script Date: 13/01/2021 16:27:37 ******/
SET ANSI_NULLS ON
GO
SET QUOTED_IDENTIFIER ON
GO
CREATE TABLE [LeagueOfLegendsAuditModel](
	[Id] [int] IDENTITY(1,1) NOT NULL,
	[UserId] [bigint] NULL,
	[Action] [nvarchar](max) NULL,
	[DateTime] [datetime2](7) NOT NULL,
 CONSTRAINT [PK_LeagueOfLegendsAuditModel] PRIMARY KEY CLUSTERED 
(
	[Id] ASC
)WITH (PAD_INDEX = OFF, STATISTICS_NORECOMPUTE = OFF, IGNORE_DUP_KEY = OFF, ALLOW_ROW_LOCKS = ON, ALLOW_PAGE_LOCKS = ON) ON [PRIMARY]
) ON [PRIMARY] TEXTIMAGE_ON [PRIMARY]

GO
/****** Object:  Table [PersonalInformation]    Script Date: 13/01/2021 16:27:37 ******/
SET ANSI_NULLS ON
GO
SET QUOTED_IDENTIFIER ON
GO
CREATE TABLE [PersonalInformation](
	[Id] [int] IDENTITY(1,1) NOT NULL,
	[UserName] [nvarchar](max) NULL,
	[Password] [nvarchar](max) NULL,
	[FirstName] [nvarchar](max) NULL,
	[LastName] [nvarchar](max) NULL,
	[Email] [nvarchar](max) NULL,
	[Discord] [nvarchar](max) NULL,
	[PaymentMethod] [nvarchar](max) NULL,
	[stripeToken] [nvarchar](max) NULL,
 CONSTRAINT [PK_PersonalInformation] PRIMARY KEY CLUSTERED 
(
	[Id] ASC
)WITH (PAD_INDEX = OFF, STATISTICS_NORECOMPUTE = OFF, IGNORE_DUP_KEY = OFF, ALLOW_ROW_LOCKS = ON, ALLOW_PAGE_LOCKS = ON) ON [PRIMARY]
) ON [PRIMARY] TEXTIMAGE_ON [PRIMARY]

GO
/****** Object:  Table [PlacementMatchesModel]    Script Date: 13/01/2021 16:27:37 ******/
SET ANSI_NULLS ON
GO
SET QUOTED_IDENTIFIER ON
GO
CREATE TABLE [PlacementMatchesModel](
	[Id] [int] IDENTITY(1,1) NOT NULL,
	[LastSeasonStanding] [nvarchar](max) NULL,
	[Server] [nvarchar](max) NULL,
	[TypeOfQueue] [nvarchar](max) NULL,
	[TypeOfService] [nvarchar](max) NULL,
	[TypeOfDuoRegular] [nvarchar](max) NULL,
	[TypeOfDuoPremium] [nvarchar](max) NULL,
	[NumOfGames] [nvarchar](max) NULL,
	[Discount] [nvarchar](max) NULL,
 CONSTRAINT [PK_PlacementMatchesModel] PRIMARY KEY CLUSTERED 
(
	[Id] ASC
)WITH (PAD_INDEX = OFF, STATISTICS_NORECOMPUTE = OFF, IGNORE_DUP_KEY = OFF, ALLOW_ROW_LOCKS = ON, ALLOW_PAGE_LOCKS = ON) ON [PRIMARY]
) ON [PRIMARY] TEXTIMAGE_ON [PRIMARY]

GO
/****** Object:  Table [PurchaseForm]    Script Date: 13/01/2021 16:27:37 ******/
SET ANSI_NULLS ON
GO
SET QUOTED_IDENTIFIER ON
GO
CREATE TABLE [PurchaseForm](
	[Id] [int] IDENTITY(1,1) NOT NULL,
	[CoachingModelId] [int] NULL,
	[BoostingModelId] [int] NULL,
	[PlacementMatchesModelId] [int] NULL,
	[WinBoostModelId] [int] NULL,
	[PersonalInformationId] [int] NULL,
	[TFTPlacementModelId] [int] NULL,
	[TFTBoostingModelId] [int] NULL,
	[Pricing] [nvarchar](max) NULL,
	[JobAvailable] [bit] NOT NULL,
	[PayPalApproval] [nvarchar](max) NULL,
	[PayPalCapture] [nvarchar](max) NULL,
	[PurchaseType] [int] NOT NULL,
	[BoosterCompletionConfirmed] [bit] NOT NULL,
	[BoosterPricing] [nvarchar](max) NULL,
	[CustomerCompletionConfirmed] [bit] NOT NULL,
	[BoosterAssignedToId] [bigint] NULL,
	[AdminCompletionConfirmed] [bit] NOT NULL,
	[CreatedDate] [datetime] NOT NULL,
	[DiscountId] [int] NULL,
	[Discount] [int] NULL,
 CONSTRAINT [PK_PurchaseForm] PRIMARY KEY CLUSTERED 
(
	[Id] ASC
)WITH (PAD_INDEX = OFF, STATISTICS_NORECOMPUTE = OFF, IGNORE_DUP_KEY = OFF, ALLOW_ROW_LOCKS = ON, ALLOW_PAGE_LOCKS = ON) ON [PRIMARY]
) ON [PRIMARY] TEXTIMAGE_ON [PRIMARY]

GO
/****** Object:  Table [TFTBoostingModel]    Script Date: 13/01/2021 16:27:37 ******/
SET ANSI_NULLS ON
GO
SET QUOTED_IDENTIFIER ON
GO
CREATE TABLE [TFTBoostingModel](
	[Id] [int] IDENTITY(1,1) NOT NULL,
	[YourCurrentLeague] [nvarchar](max) NULL,
	[DesiredCurrentLeague] [nvarchar](max) NULL,
	[CurrentDivision] [nvarchar](max) NULL,
	[DesiredCurrentDivision] [nvarchar](max) NULL,
	[CurrentLP] [nvarchar](max) NULL,
	[Server] [nvarchar](max) NULL,
	[DiscountCode] [nvarchar](max) NULL,
 CONSTRAINT [PK_TFTBoostingModel] PRIMARY KEY CLUSTERED 
(
	[Id] ASC
)WITH (PAD_INDEX = OFF, STATISTICS_NORECOMPUTE = OFF, IGNORE_DUP_KEY = OFF, ALLOW_ROW_LOCKS = ON, ALLOW_PAGE_LOCKS = ON) ON [PRIMARY]
) ON [PRIMARY] TEXTIMAGE_ON [PRIMARY]

GO
/****** Object:  Table [TFTPlacementModel]    Script Date: 13/01/2021 16:27:37 ******/
SET ANSI_NULLS ON
GO
SET QUOTED_IDENTIFIER ON
GO
CREATE TABLE [TFTPlacementModel](
	[Id] [int] IDENTITY(1,1) NOT NULL,
	[LastSeasonStanding] [nvarchar](max) NULL,
	[Server] [nvarchar](max) NULL,
	[NumberOfGames] [nvarchar](max) NULL,
	[DiscountCode] [nvarchar](max) NULL,
 CONSTRAINT [PK_TFTPlacementModel] PRIMARY KEY CLUSTERED 
(
	[Id] ASC
)WITH (PAD_INDEX = OFF, STATISTICS_NORECOMPUTE = OFF, IGNORE_DUP_KEY = OFF, ALLOW_ROW_LOCKS = ON, ALLOW_PAGE_LOCKS = ON) ON [PRIMARY]
) ON [PRIMARY] TEXTIMAGE_ON [PRIMARY]

GO
/****** Object:  Table [WinBoostModel]    Script Date: 13/01/2021 16:27:37 ******/
SET ANSI_NULLS ON
GO
SET QUOTED_IDENTIFIER ON
GO
CREATE TABLE [WinBoostModel](
	[Id] [int] IDENTITY(1,1) NOT NULL,
	[YourCurrentLeague] [nvarchar](max) NULL,
	[CurrentDivision] [nvarchar](max) NULL,
	[Server] [nvarchar](max) NULL,
	[TypeOfService] [nvarchar](max) NULL,
	[TypeOfQueue] [nvarchar](max) NULL,
	[TypeOfDuoRegular] [nvarchar](max) NULL,
	[TypeOfDuoPremium] [nvarchar](max) NULL,
	[Discount] [nvarchar](max) NULL,
	[NumOfGames] [nvarchar](max) NULL,
 CONSTRAINT [PK_WinBoostModel] PRIMARY KEY CLUSTERED 
(
	[Id] ASC
)WITH (PAD_INDEX = OFF, STATISTICS_NORECOMPUTE = OFF, IGNORE_DUP_KEY = OFF, ALLOW_ROW_LOCKS = ON, ALLOW_PAGE_LOCKS = ON) ON [PRIMARY]
) ON [PRIMARY] TEXTIMAGE_ON [PRIMARY]

GO
INSERT [__EFMigrationsHistory] ([MigrationId], [ProductVersion]) VALUES (N'20200817221715_Initial', N'3.1.7')
GO
INSERT [__EFMigrationsHistory] ([MigrationId], [ProductVersion]) VALUES (N'20200819222611_InitialBoosterAssignedTo', N'3.1.7')
GO
INSERT [__EFMigrationsHistory] ([MigrationId], [ProductVersion]) VALUES (N'20200824204616_AddBoosterInformation', N'3.1.7')
GO
INSERT [__EFMigrationsHistory] ([MigrationId], [ProductVersion]) VALUES (N'20201019211604_ChatModelMigration', N'3.1.7')
GO
INSERT [__EFMigrationsHistory] ([MigrationId], [ProductVersion]) VALUES (N'20201029223758_AddDiscordId', N'3.1.7')
GO
INSERT [__EFMigrationsHistory] ([MigrationId], [ProductVersion]) VALUES (N'20201029230828_LeagueOfLegendsAudit', N'3.1.7')
GO
SET IDENTITY_INSERT [AspNetRoles] ON 

GO
INSERT [AspNetRoles] ([Id], [Name], [NormalizedName], [ConcurrencyStamp]) VALUES (1, N'EUBooster', N'EUBOOSTER', NULL)
GO
INSERT [AspNetRoles] ([Id], [Name], [NormalizedName], [ConcurrencyStamp]) VALUES (2, N'Superuser', N'SUPERUSER', NULL)
GO
INSERT [AspNetRoles] ([Id], [Name], [NormalizedName], [ConcurrencyStamp]) VALUES (3, N'Booster', N'BOOSTER', NULL)
GO
SET IDENTITY_INSERT [AspNetRoles] OFF
GO
INSERT [AspNetUserRoles] ([UserId], [RoleId]) VALUES (1, 2)
GO
INSERT [AspNetUserRoles] ([UserId], [RoleId]) VALUES (2, 2)
GO
INSERT [AspNetUserRoles] ([UserId], [RoleId]) VALUES (5, 3)
GO
INSERT [AspNetUserRoles] ([UserId], [RoleId]) VALUES (7, 3)
GO
INSERT [AspNetUserRoles] ([UserId], [RoleId]) VALUES (9, 3)
GO
INSERT [AspNetUserRoles] ([UserId], [RoleId]) VALUES (11, 3)
GO
INSERT [AspNetUserRoles] ([UserId], [RoleId]) VALUES (13, 3)
GO
INSERT [AspNetUserRoles] ([UserId], [RoleId]) VALUES (15, 3)
GO
INSERT [AspNetUserRoles] ([UserId], [RoleId]) VALUES (20, 3)
GO
INSERT [AspNetUserRoles] ([UserId], [RoleId]) VALUES (22, 3)
GO
INSERT [AspNetUserRoles] ([UserId], [RoleId]) VALUES (27, 3)
GO
INSERT [AspNetUserRoles] ([UserId], [RoleId]) VALUES (30, 3)
GO
INSERT [AspNetUserRoles] ([UserId], [RoleId]) VALUES (33, 3)
GO
INSERT [AspNetUserRoles] ([UserId], [RoleId]) VALUES (35, 3)
GO
INSERT [AspNetUserRoles] ([UserId], [RoleId]) VALUES (36, 3)
GO
INSERT [AspNetUserRoles] ([UserId], [RoleId]) VALUES (38, 3)
GO
INSERT [AspNetUserRoles] ([UserId], [RoleId]) VALUES (10040, 3)
GO
INSERT [AspNetUserRoles] ([UserId], [RoleId]) VALUES (10041, 3)
GO
INSERT [AspNetUserRoles] ([UserId], [RoleId]) VALUES (10042, 3)
GO
INSERT [AspNetUserRoles] ([UserId], [RoleId]) VALUES (10043, 3)
GO
INSERT [AspNetUserRoles] ([UserId], [RoleId]) VALUES (10044, 3)
GO
INSERT [AspNetUserRoles] ([UserId], [RoleId]) VALUES (10046, 3)
GO
INSERT [AspNetUserRoles] ([UserId], [RoleId]) VALUES (10047, 3)
GO
INSERT [AspNetUserRoles] ([UserId], [RoleId]) VALUES (10048, 3)
GO
INSERT [AspNetUserRoles] ([UserId], [RoleId]) VALUES (10049, 3)
GO
INSERT [AspNetUserRoles] ([UserId], [RoleId]) VALUES (20050, 3)
GO
INSERT [AspNetUserRoles] ([UserId], [RoleId]) VALUES (20055, 3)
GO
INSERT [AspNetUserRoles] ([UserId], [RoleId]) VALUES (20058, 3)
GO
INSERT [AspNetUserRoles] ([UserId], [RoleId]) VALUES (20059, 3)
GO
INSERT [AspNetUserRoles] ([UserId], [RoleId]) VALUES (20061, 3)
GO
INSERT [AspNetUserRoles] ([UserId], [RoleId]) VALUES (20062, 3)
GO
INSERT [AspNetUserRoles] ([UserId], [RoleId]) VALUES (20063, 3)
GO
INSERT [AspNetUserRoles] ([UserId], [RoleId]) VALUES (20064, 3)
GO
INSERT [AspNetUserRoles] ([UserId], [RoleId]) VALUES (20065, 3)
GO
INSERT [AspNetUserRoles] ([UserId], [RoleId]) VALUES (20066, 3)
GO
INSERT [AspNetUserRoles] ([UserId], [RoleId]) VALUES (20067, 3)
GO
INSERT [AspNetUserRoles] ([UserId], [RoleId]) VALUES (20068, 3)
GO
INSERT [AspNetUserRoles] ([UserId], [RoleId]) VALUES (20069, 3)
GO
INSERT [AspNetUserRoles] ([UserId], [RoleId]) VALUES (20070, 3)
GO
INSERT [AspNetUserRoles] ([UserId], [RoleId]) VALUES (20071, 3)
GO
INSERT [AspNetUserRoles] ([UserId], [RoleId]) VALUES (20072, 3)
GO
INSERT [AspNetUserRoles] ([UserId], [RoleId]) VALUES (20073, 3)
GO
INSERT [AspNetUserRoles] ([UserId], [RoleId]) VALUES (20074, 3)
GO
INSERT [AspNetUserRoles] ([UserId], [RoleId]) VALUES (20075, 3)
GO
INSERT [AspNetUserRoles] ([UserId], [RoleId]) VALUES (20076, 3)
GO
INSERT [AspNetUserRoles] ([UserId], [RoleId]) VALUES (20077, 3)
GO
INSERT [AspNetUserRoles] ([UserId], [RoleId]) VALUES (20078, 3)
GO
INSERT [AspNetUserRoles] ([UserId], [RoleId]) VALUES (20080, 3)
GO
INSERT [AspNetUserRoles] ([UserId], [RoleId]) VALUES (20081, 3)
GO
INSERT [AspNetUserRoles] ([UserId], [RoleId]) VALUES (20083, 3)
GO
INSERT [AspNetUserRoles] ([UserId], [RoleId]) VALUES (20084, 3)
GO
SET IDENTITY_INSERT [AspNetUsers] ON 

GO
INSERT [AspNetUsers] ([Id], [UserName], [NormalizedUserName], [Email], [NormalizedEmail], [EmailConfirmed], [PasswordHash], [SecurityStamp], [ConcurrencyStamp], [PhoneNumber], [PhoneNumberConfirmed], [TwoFactorEnabled], [LockoutEnd], [LockoutEnabled], [AccessFailedCount], [Balance], [DiscordId]) VALUES (1, N'info@spartanboosting.com', N'INFO@SPARTANBOOSTING.COM', N'info@spartanboosting.com', N'INFO@SPARTANBOOSTING.COM', 0, N'AQAAAAEAACcQAAAAEFon0BF3hYg2eI4tADSqBc4RW0IAlZm4mrx1dRTIgJAyLgg4uICeBDW+JpeXmR72tA==', N'CGHZ4LML7NBCFMYNEXAF6G3AHXWTN6CF', N'79a18ba0-f357-4b94-8198-7ca44b1e93ed', NULL, 0, 0, NULL, 1, 0, CAST(0.00 AS Decimal(18, 2)), N'1234')
GO
INSERT [AspNetUsers] ([Id], [UserName], [NormalizedUserName], [Email], [NormalizedEmail], [EmailConfirmed], [PasswordHash], [SecurityStamp], [ConcurrencyStamp], [PhoneNumber], [PhoneNumberConfirmed], [TwoFactorEnabled], [LockoutEnd], [LockoutEnabled], [AccessFailedCount], [Balance], [DiscordId]) VALUES (2, N'bobbywardell@hotmail.com', N'BOBBYWARDELL@HOTMAIL.COM', N'bobbywardell@hotmail.com', N'BOBBYWARDELL@HOTMAIL.COM', 0, N'AQAAAAEAACcQAAAAEDgUblRchEAS4/GcvgUi1E6jA9kMMS2EsuHk9h2nZCyRndWUwXLoUQ3VK7pFciPcDg==', N'7PMP5ZEPSMK54FWCNQ7DA5LCPXHWKVPM', N'07b15c78-a6f5-4f3d-81f1-b4efa08b5105', NULL, 0, 0, NULL, 1, 0, CAST(3.30 AS Decimal(18, 2)), NULL)
GO
INSERT [AspNetUsers] ([Id], [UserName], [NormalizedUserName], [Email], [NormalizedEmail], [EmailConfirmed], [PasswordHash], [SecurityStamp], [ConcurrencyStamp], [PhoneNumber], [PhoneNumberConfirmed], [TwoFactorEnabled], [LockoutEnd], [LockoutEnabled], [AccessFailedCount], [Balance], [DiscordId]) VALUES (3, N'tim.trutina@gmail.com', N'TIM.TRUTINA@GMAIL.COM', N'tim.trutina@gmail.com', N'TIM.TRUTINA@GMAIL.COM', 0, N'AQAAAAEAACcQAAAAENXXssf1IR/y1La0QKDR+jDLVCrhZNortLrBoHtzMQmJcWhH5W1hpD5S98u2WBa5Ig==', N'GEHAEQ474BCSUCTED245FI2W5TQC4XOY', N'3717f4aa-3344-48b7-9ec5-4e07ca150a76', NULL, 0, 0, NULL, 1, 0, CAST(0.00 AS Decimal(18, 2)), NULL)
GO
INSERT [AspNetUsers] ([Id], [UserName], [NormalizedUserName], [Email], [NormalizedEmail], [EmailConfirmed], [PasswordHash], [SecurityStamp], [ConcurrencyStamp], [PhoneNumber], [PhoneNumberConfirmed], [TwoFactorEnabled], [LockoutEnd], [LockoutEnabled], [AccessFailedCount], [Balance], [DiscordId]) VALUES (4, N'brandonevans102@yahoo.ca', N'BRANDONEVANS102@YAHOO.CA', N'brandonevans102@yahoo.ca', N'BRANDONEVANS102@YAHOO.CA', 0, N'AQAAAAEAACcQAAAAEHKQFiUHCQFhhUwsnAbIafWOOXjDAbRSbJOh1XSm/P55Uo5Xkt0m2Ip1QXoChNVysw==', N'MHB2G4OJT4GTHMLXSKF5TEXWNOLXJ4B6', N'da3ab20a-9894-4cdf-afc5-ff99c7464b7e', NULL, 0, 0, NULL, 1, 0, CAST(0.00 AS Decimal(18, 2)), NULL)
GO
INSERT [AspNetUsers] ([Id], [UserName], [NormalizedUserName], [Email], [NormalizedEmail], [EmailConfirmed], [PasswordHash], [SecurityStamp], [ConcurrencyStamp], [PhoneNumber], [PhoneNumberConfirmed], [TwoFactorEnabled], [LockoutEnd], [LockoutEnabled], [AccessFailedCount], [Balance], [DiscordId]) VALUES (5, N'synadc1@gmail.com', N'SYNADC1@GMAIL.COM', N'synadc1@gmail.com', N'SYNADC1@GMAIL.COM', 0, N'AQAAAAEAACcQAAAAENJ0MRAaeE40N0eDvD4JZAVLnZ/gAJNdfAguvSvNVOfJDsQsDsJPbLMaxrkVFj8ApA==', N'6L4NWE5Z5VUPIWAACTTILOB4KL4I22KA', N'e03caf24-0a58-4e9c-aa03-6827e2f379aa', NULL, 0, 0, NULL, 1, 0, CAST(0.00 AS Decimal(18, 2)), N'150997904390225920')
GO
INSERT [AspNetUsers] ([Id], [UserName], [NormalizedUserName], [Email], [NormalizedEmail], [EmailConfirmed], [PasswordHash], [SecurityStamp], [ConcurrencyStamp], [PhoneNumber], [PhoneNumberConfirmed], [TwoFactorEnabled], [LockoutEnd], [LockoutEnabled], [AccessFailedCount], [Balance], [DiscordId]) VALUES (6, N'dpcdpc2@yahoo.com', N'DPCDPC2@YAHOO.COM', N'dpcdpc2@yahoo.com', N'DPCDPC2@YAHOO.COM', 0, N'AQAAAAEAACcQAAAAECLm6Nv3YG+Xcq3xF6ciFH97wfNBDBxWtWZcsPuR6wNMXVIrEBLrixzdHZ4lHw+D2g==', N'ME4OOXR4YJOFKVEEIZJUVRJMTBSRGX3W', N'27e020c7-775c-4285-b903-2f0548cc2bb2', NULL, 0, 0, NULL, 1, 0, CAST(0.00 AS Decimal(18, 2)), NULL)
GO
INSERT [AspNetUsers] ([Id], [UserName], [NormalizedUserName], [Email], [NormalizedEmail], [EmailConfirmed], [PasswordHash], [SecurityStamp], [ConcurrencyStamp], [PhoneNumber], [PhoneNumberConfirmed], [TwoFactorEnabled], [LockoutEnd], [LockoutEnabled], [AccessFailedCount], [Balance], [DiscordId]) VALUES (7, N'patrick.bistrian@gmail.com', N'PATRICK.BISTRIAN@GMAIL.COM', N'patrick.bistrian@gmail.com', N'PATRICK.BISTRIAN@GMAIL.COM', 0, N'AQAAAAEAACcQAAAAECbHQGSUw9BjJ/0fiu1GxwfbJD2P0WZxe+5HQoe6UzPwcOxdgiPbFLH4+QkPpGjEUw==', N'J5TMSKXQTR5DSWBHQPR6LHU3WAFIQDK2', N'49b1bd5b-0f86-49cc-86d6-7d898fb12f3d', NULL, 0, 0, NULL, 1, 0, CAST(0.00 AS Decimal(18, 2)), N'525312349687644210')
GO
INSERT [AspNetUsers] ([Id], [UserName], [NormalizedUserName], [Email], [NormalizedEmail], [EmailConfirmed], [PasswordHash], [SecurityStamp], [ConcurrencyStamp], [PhoneNumber], [PhoneNumberConfirmed], [TwoFactorEnabled], [LockoutEnd], [LockoutEnabled], [AccessFailedCount], [Balance], [DiscordId]) VALUES (8, N'shanky46@yahoo.com', N'SHANKY46@YAHOO.COM', N'shanky46@yahoo.com', N'SHANKY46@YAHOO.COM', 0, N'AQAAAAEAACcQAAAAECqyIb0ZeIVeg99sGjLKFK/MhnJxuMt/LitHedNKavIGzLZqPXiZZ7x0d69UfQ56ig==', N'BGIHJTTNTPQGMNXLJVDHDMS6BPDJGNTL', N'84cb826a-0ba2-499e-a857-3a1d77a1873e', NULL, 0, 0, NULL, 1, 0, CAST(0.00 AS Decimal(18, 2)), NULL)
GO
INSERT [AspNetUsers] ([Id], [UserName], [NormalizedUserName], [Email], [NormalizedEmail], [EmailConfirmed], [PasswordHash], [SecurityStamp], [ConcurrencyStamp], [PhoneNumber], [PhoneNumberConfirmed], [TwoFactorEnabled], [LockoutEnd], [LockoutEnabled], [AccessFailedCount], [Balance], [DiscordId]) VALUES (9, N'bmsgarfield@gmail.com', N'BMSGARFIELD@GMAIL.COM', N'bmsgarfield@gmail.com', N'BMSGARFIELD@GMAIL.COM', 0, N'AQAAAAEAACcQAAAAEJLzW0QqRhuyzSSwzDroP1+kSZK223mBUBHK0zhfkTL7oh3P87CZG7D9M5SPVNApSQ==', N'JOPDRFKP2IQJZUAJ6F5NOI4CGOLBHGNU', N'c85a0ffc-6ee6-4988-a0ed-2538800547ad', NULL, 0, 0, NULL, 1, 0, CAST(0.00 AS Decimal(18, 2)), N'600652281376931840')
GO
INSERT [AspNetUsers] ([Id], [UserName], [NormalizedUserName], [Email], [NormalizedEmail], [EmailConfirmed], [PasswordHash], [SecurityStamp], [ConcurrencyStamp], [PhoneNumber], [PhoneNumberConfirmed], [TwoFactorEnabled], [LockoutEnd], [LockoutEnabled], [AccessFailedCount], [Balance], [DiscordId]) VALUES (10, N'eliashellman020114@gmail.com', N'ELIASHELLMAN020114@GMAIL.COM', N'eliashellman020114@gmail.com', N'ELIASHELLMAN020114@GMAIL.COM', 0, N'AQAAAAEAACcQAAAAEEZ1y8fnzozgp5RIKqtphOQAsTdYnuqDiDP42CyjIqQgsC78OaMAVjGifgbxZykWTA==', N'CBA7MJYBKBPJPN6HXKVS422K34UZOWM2', N'42f1854a-44fb-4fe1-849c-b5cb4f991498', NULL, 0, 0, NULL, 1, 0, CAST(0.00 AS Decimal(18, 2)), NULL)
GO
INSERT [AspNetUsers] ([Id], [UserName], [NormalizedUserName], [Email], [NormalizedEmail], [EmailConfirmed], [PasswordHash], [SecurityStamp], [ConcurrencyStamp], [PhoneNumber], [PhoneNumberConfirmed], [TwoFactorEnabled], [LockoutEnd], [LockoutEnabled], [AccessFailedCount], [Balance], [DiscordId]) VALUES (11, N'gui.360.oli@gmail.com', N'GUI.360.OLI@GMAIL.COM', N'gui.360.oli@gmail.com', N'GUI.360.OLI@GMAIL.COM', 0, N'AQAAAAEAACcQAAAAEOB79fBRj5/VfmXA0J+dYjH+Csl95V8RS53lm8wpb+1dZQ50EIaym2nSKhUc4/k3Bg==', N'SSF4A6U5E7JKIOYCFZADTD5N3M5YBRGI', N'a4b9d1cd-f1d4-4b33-bf9a-0631036cb79c', NULL, 0, 0, NULL, 1, 0, CAST(0.00 AS Decimal(18, 2)), N'202143971596697600')
GO
INSERT [AspNetUsers] ([Id], [UserName], [NormalizedUserName], [Email], [NormalizedEmail], [EmailConfirmed], [PasswordHash], [SecurityStamp], [ConcurrencyStamp], [PhoneNumber], [PhoneNumberConfirmed], [TwoFactorEnabled], [LockoutEnd], [LockoutEnabled], [AccessFailedCount], [Balance], [DiscordId]) VALUES (12, N'redpham123@gmail.com', N'REDPHAM123@GMAIL.COM', N'redpham123@gmail.com', N'REDPHAM123@GMAIL.COM', 0, N'AQAAAAEAACcQAAAAEG/LdAfJyAHAv5Nas4yO9CyPREZioW352bi60nJi5fGWAhJC2/9zLujlpgLwqvNTww==', N'RNII7WEOUZHBI77ASSY5LBB45QWDHWKH', N'2633d45a-36e2-4844-8a9b-2293bbcd83c2', NULL, 0, 0, NULL, 1, 0, CAST(0.00 AS Decimal(18, 2)), NULL)
GO
INSERT [AspNetUsers] ([Id], [UserName], [NormalizedUserName], [Email], [NormalizedEmail], [EmailConfirmed], [PasswordHash], [SecurityStamp], [ConcurrencyStamp], [PhoneNumber], [PhoneNumberConfirmed], [TwoFactorEnabled], [LockoutEnd], [LockoutEnabled], [AccessFailedCount], [Balance], [DiscordId]) VALUES (13, N'pinkevelynn@abv.bg', N'PINKEVELYNN@ABV.BG', N'pinkevelynn@abv.bg', N'PINKEVELYNN@ABV.BG', 0, N'AQAAAAEAACcQAAAAECE3e83mN28VXkBvdbh5xt0rcHNUYNaRJLq+zwi20KtQsFNQkVNbJx7s2yyRsvjm8A==', N'O262GCB3Z6NTVX5POYF3MH52C2CB5OA6', N'463140e0-2acc-4af0-b5be-ef767daf97ba', NULL, 0, 0, NULL, 1, 0, CAST(0.00 AS Decimal(18, 2)), N'218714700731383808')
GO
INSERT [AspNetUsers] ([Id], [UserName], [NormalizedUserName], [Email], [NormalizedEmail], [EmailConfirmed], [PasswordHash], [SecurityStamp], [ConcurrencyStamp], [PhoneNumber], [PhoneNumberConfirmed], [TwoFactorEnabled], [LockoutEnd], [LockoutEnabled], [AccessFailedCount], [Balance], [DiscordId]) VALUES (14, N'ima_imz@hotmail.com', N'IMA_IMZ@HOTMAIL.COM', N'ima_imz@hotmail.com', N'IMA_IMZ@HOTMAIL.COM', 0, N'AQAAAAEAACcQAAAAEA+0O9YxalG8y5FwZsvc76Kv4T9clpqsPM05FK4mVBkLGFKJhFeKBWSAvyOiAwg7Pw==', N'6LVRCM762ZY4B5RY2UAHI6WN44ISIPTK', N'27943089-b621-40f2-8046-dd5c0ac51ca2', NULL, 0, 0, NULL, 1, 0, CAST(0.00 AS Decimal(18, 2)), NULL)
GO
INSERT [AspNetUsers] ([Id], [UserName], [NormalizedUserName], [Email], [NormalizedEmail], [EmailConfirmed], [PasswordHash], [SecurityStamp], [ConcurrencyStamp], [PhoneNumber], [PhoneNumberConfirmed], [TwoFactorEnabled], [LockoutEnd], [LockoutEnabled], [AccessFailedCount], [Balance], [DiscordId]) VALUES (15, N'Alpacana@gmx.net', N'ALPACANA@GMX.NET', N'Alpacana@gmx.net', N'ALPACANA@GMX.NET', 0, N'AQAAAAEAACcQAAAAEKfmW7YiFdvEchlg3jEDoumnL3yt80G4B+cFRPHWb4bkOWbqusmQ1/3RKmeBg7fldQ==', N'XIOFAOVTVYFWKGVUZBLR76BEIFYWM3EQ', N'55d3cca0-4fa9-4b70-9aa5-868ee1950e9b', NULL, 0, 0, NULL, 1, 0, CAST(0.00 AS Decimal(18, 2)), N'207445262371782656')
GO
INSERT [AspNetUsers] ([Id], [UserName], [NormalizedUserName], [Email], [NormalizedEmail], [EmailConfirmed], [PasswordHash], [SecurityStamp], [ConcurrencyStamp], [PhoneNumber], [PhoneNumberConfirmed], [TwoFactorEnabled], [LockoutEnd], [LockoutEnabled], [AccessFailedCount], [Balance], [DiscordId]) VALUES (16, N's2zee@wp.pl', N'S2ZEE@WP.PL', N's2zee@wp.pl', N'S2ZEE@WP.PL', 0, N'AQAAAAEAACcQAAAAEHROPp7AOjKOpzGdQe7De6+TRf5R+QWN/OikDaWx2489Q+41+Ady9IwmWFSX1Ua/IQ==', N'ER62MPYL6JX7OHIR3PY3WEPXFPJS7SHR', N'c22a47ad-ebc1-4d96-aa7b-2e6ca870488e', NULL, 0, 0, NULL, 1, 0, CAST(0.00 AS Decimal(18, 2)), NULL)
GO
INSERT [AspNetUsers] ([Id], [UserName], [NormalizedUserName], [Email], [NormalizedEmail], [EmailConfirmed], [PasswordHash], [SecurityStamp], [ConcurrencyStamp], [PhoneNumber], [PhoneNumberConfirmed], [TwoFactorEnabled], [LockoutEnd], [LockoutEnabled], [AccessFailedCount], [Balance], [DiscordId]) VALUES (17, N'Narbex112@gmail.com', N'NARBEX112@GMAIL.COM', N'Narbex112@gmail.com', N'NARBEX112@GMAIL.COM', 0, N'AQAAAAEAACcQAAAAEItYeidxmVZSYeeL8QTxWwTUYkPB6pfkzPoQe4B+1QuaXaf1bpkUNKOGNmChoRhWjg==', N'R7DJ4XQWS7QJWKL6ZYO4ZUOPY6JDZY37', N'93d72f98-9544-4ba5-afef-3947a08196b5', NULL, 0, 0, NULL, 1, 0, CAST(0.00 AS Decimal(18, 2)), NULL)
GO
INSERT [AspNetUsers] ([Id], [UserName], [NormalizedUserName], [Email], [NormalizedEmail], [EmailConfirmed], [PasswordHash], [SecurityStamp], [ConcurrencyStamp], [PhoneNumber], [PhoneNumberConfirmed], [TwoFactorEnabled], [LockoutEnd], [LockoutEnabled], [AccessFailedCount], [Balance], [DiscordId]) VALUES (18, N'mayonplays@gmail.com', N'MAYONPLAYS@GMAIL.COM', N'mayonplays@gmail.com', N'MAYONPLAYS@GMAIL.COM', 0, N'AQAAAAEAACcQAAAAEM3+nb1dQMQPG3EEHFwRBN9YbOTgQoHfUMHjMz5gpPpgilidzOyW0xYe3RJM9/d0gQ==', N'6EAB6ZEEQEZPPXPKINQ3JNDF7CZFB4GM', N'931c1bd3-b8d9-4c00-8a26-c4aa97e53086', NULL, 0, 0, NULL, 1, 0, CAST(0.00 AS Decimal(18, 2)), NULL)
GO
INSERT [AspNetUsers] ([Id], [UserName], [NormalizedUserName], [Email], [NormalizedEmail], [EmailConfirmed], [PasswordHash], [SecurityStamp], [ConcurrencyStamp], [PhoneNumber], [PhoneNumberConfirmed], [TwoFactorEnabled], [LockoutEnd], [LockoutEnabled], [AccessFailedCount], [Balance], [DiscordId]) VALUES (19, N'apdo3122@gmail.com', N'APDO3122@GMAIL.COM', N'apdo3122@gmail.com', N'APDO3122@GMAIL.COM', 0, N'AQAAAAEAACcQAAAAELXtuZ+R94Z15Qiimbdj2OmCoyaOV9RvtbN2sQtwZvzKLdbwggd73fnF9Pd0BoanaQ==', N'H26OBXNLIB37WIANVHDIU2V4GRBG2PCR', N'd5f68d34-44d3-4d0e-89b7-bd8d23df5bfa', NULL, 0, 0, NULL, 1, 0, CAST(0.00 AS Decimal(18, 2)), NULL)
GO
INSERT [AspNetUsers] ([Id], [UserName], [NormalizedUserName], [Email], [NormalizedEmail], [EmailConfirmed], [PasswordHash], [SecurityStamp], [ConcurrencyStamp], [PhoneNumber], [PhoneNumberConfirmed], [TwoFactorEnabled], [LockoutEnd], [LockoutEnabled], [AccessFailedCount], [Balance], [DiscordId]) VALUES (20, N'baraban4obg@gmail.com', N'BARABAN4OBG@GMAIL.COM', N'baraban4obg@gmail.com', N'BARABAN4OBG@GMAIL.COM', 0, N'AQAAAAEAACcQAAAAECrTAgZjaW4+ym6VTxINrg1gAoFHSpbTNkWp+CyJXxw9oBUkKWnpY+OitGcwEfgHPQ==', N'KBA3CZB4XDTWFLLFYA57SHKNVYSQLRJF', N'1aee605c-0ab2-4698-9ccf-ab96ef754568', NULL, 0, 0, NULL, 1, 0, CAST(0.00 AS Decimal(18, 2)), N'218708417517191168')
GO
INSERT [AspNetUsers] ([Id], [UserName], [NormalizedUserName], [Email], [NormalizedEmail], [EmailConfirmed], [PasswordHash], [SecurityStamp], [ConcurrencyStamp], [PhoneNumber], [PhoneNumberConfirmed], [TwoFactorEnabled], [LockoutEnd], [LockoutEnabled], [AccessFailedCount], [Balance], [DiscordId]) VALUES (21, N'aykaytm@gmail.com', N'AYKAYTM@GMAIL.COM', N'aykaytm@gmail.com', N'AYKAYTM@GMAIL.COM', 0, N'AQAAAAEAACcQAAAAEPzvdRdKBm/YCxkaXh7zj3FsEXL9ISxRl5OFyrS4ZIFEJ8aBxf+Vh/AcG9lNwP20Rw==', N'RQTNSRVHJCPAQYISTGHPPA4N77TIRYX7', N'1449a1cd-a68f-4f47-8314-0bc4d114fba0', NULL, 0, 0, NULL, 1, 0, CAST(0.00 AS Decimal(18, 2)), NULL)
GO
INSERT [AspNetUsers] ([Id], [UserName], [NormalizedUserName], [Email], [NormalizedEmail], [EmailConfirmed], [PasswordHash], [SecurityStamp], [ConcurrencyStamp], [PhoneNumber], [PhoneNumberConfirmed], [TwoFactorEnabled], [LockoutEnd], [LockoutEnabled], [AccessFailedCount], [Balance], [DiscordId]) VALUES (22, N'tyler.nguyen6789@gmail.com', N'TYLER.NGUYEN6789@GMAIL.COM', N'tyler.nguyen6789@gmail.com', N'TYLER.NGUYEN6789@GMAIL.COM', 0, N'AQAAAAEAACcQAAAAEB746zsoqXJ7cHuRQ/NA4FvhQlcfA8J0MMV6Yqi6uWtx6KlXpvrMLEer9NVX/eOSlA==', N'JOAU5MUL2GTXRC37IVHZ5N53CRHB4TC4', N'c0b6ba01-0b28-4423-8049-155201fdef23', NULL, 0, 0, NULL, 1, 0, CAST(0.00 AS Decimal(18, 2)), N'300782215560691713')
GO
INSERT [AspNetUsers] ([Id], [UserName], [NormalizedUserName], [Email], [NormalizedEmail], [EmailConfirmed], [PasswordHash], [SecurityStamp], [ConcurrencyStamp], [PhoneNumber], [PhoneNumberConfirmed], [TwoFactorEnabled], [LockoutEnd], [LockoutEnabled], [AccessFailedCount], [Balance], [DiscordId]) VALUES (23, N'drew.burkholder@hotmail.com', N'DREW.BURKHOLDER@HOTMAIL.COM', N'drew.burkholder@hotmail.com', N'DREW.BURKHOLDER@HOTMAIL.COM', 0, N'AQAAAAEAACcQAAAAEBpIBI9AEXDrms5OIGh/4GDGhBKn5nJffRdc74WniUwhsKV57kNSvdqOhs24mcJaVQ==', N'B2YHMFMEKDRQUVRHJ6XPYAPUOFJ3T6DE', N'48c8faea-6b2a-42c9-866e-552aa8363048', NULL, 0, 0, NULL, 1, 0, CAST(0.00 AS Decimal(18, 2)), NULL)
GO
INSERT [AspNetUsers] ([Id], [UserName], [NormalizedUserName], [Email], [NormalizedEmail], [EmailConfirmed], [PasswordHash], [SecurityStamp], [ConcurrencyStamp], [PhoneNumber], [PhoneNumberConfirmed], [TwoFactorEnabled], [LockoutEnd], [LockoutEnabled], [AccessFailedCount], [Balance], [DiscordId]) VALUES (24, N'jbs0821@yahoo.com', N'JBS0821@YAHOO.COM', N'jbs0821@yahoo.com', N'JBS0821@YAHOO.COM', 0, N'AQAAAAEAACcQAAAAEMkw404P2ie3HCGjVSOaDsMhXoyfEviPmhl1FXGC5Z/CuGZ/ybcSod4Tarn6ujgOZg==', N'MKBWTQR7PTELHXWEBTJQ6GBMWLOTSPU7', N'188fab83-f732-4ff6-ae2a-3dc7b04c3622', NULL, 0, 0, NULL, 1, 0, CAST(0.00 AS Decimal(18, 2)), NULL)
GO
INSERT [AspNetUsers] ([Id], [UserName], [NormalizedUserName], [Email], [NormalizedEmail], [EmailConfirmed], [PasswordHash], [SecurityStamp], [ConcurrencyStamp], [PhoneNumber], [PhoneNumberConfirmed], [TwoFactorEnabled], [LockoutEnd], [LockoutEnabled], [AccessFailedCount], [Balance], [DiscordId]) VALUES (25, N'Yamyv9@gmail.com', N'YAMYV9@GMAIL.COM', N'Yamyv9@gmail.com', N'YAMYV9@GMAIL.COM', 0, N'AQAAAAEAACcQAAAAELJfo+TaJU3tubsfeNGMpVj+Ew+4vAOUMmU31pp58oylZ+Bpy9zrh9BLZLs1yDqsnQ==', N'YFTEKQRPLYCQ3RWVDUQEBW7AJAKHK56P', N'8fa398d8-886f-4e3f-b1dd-fded07abd4ce', NULL, 0, 0, NULL, 1, 0, CAST(0.00 AS Decimal(18, 2)), NULL)
GO
INSERT [AspNetUsers] ([Id], [UserName], [NormalizedUserName], [Email], [NormalizedEmail], [EmailConfirmed], [PasswordHash], [SecurityStamp], [ConcurrencyStamp], [PhoneNumber], [PhoneNumberConfirmed], [TwoFactorEnabled], [LockoutEnd], [LockoutEnabled], [AccessFailedCount], [Balance], [DiscordId]) VALUES (26, N'abjelkic4@gmail.com', N'ABJELKIC4@GMAIL.COM', N'abjelkic4@gmail.com', N'ABJELKIC4@GMAIL.COM', 0, N'AQAAAAEAACcQAAAAELzRwI9fgzA+TNGHhTh5q29zQR9NV5m5zPnRJvdGwaQQ2Qf22MiSfKy2ToFVpa/lng==', N'STCIGJVHR526TXEEGDTUPL22HVP254IP', N'4242c31c-66b6-48a6-b7ac-8e0a6ea1eea4', NULL, 0, 0, NULL, 1, 0, CAST(0.00 AS Decimal(18, 2)), NULL)
GO
INSERT [AspNetUsers] ([Id], [UserName], [NormalizedUserName], [Email], [NormalizedEmail], [EmailConfirmed], [PasswordHash], [SecurityStamp], [ConcurrencyStamp], [PhoneNumber], [PhoneNumberConfirmed], [TwoFactorEnabled], [LockoutEnd], [LockoutEnabled], [AccessFailedCount], [Balance], [DiscordId]) VALUES (27, N'zygizthegamer@gmail.com', N'ZYGIZTHEGAMER@GMAIL.COM', N'zygizthegamer@gmail.com', N'ZYGIZTHEGAMER@GMAIL.COM', 0, N'AQAAAAEAACcQAAAAELEliQiB2ypkDc5dc2zDhBJUvhWoHFDdGRaIxF0KCcyxy5sSe9jHpPy1uPLxF9p6vw==', N'YFJYQ5M4OM2ARGLLLNDR7DFMA4IFGD5Y', N'a1faea80-5284-4f82-9889-702924024bb2', NULL, 0, 0, NULL, 1, 0, CAST(28.35 AS Decimal(18, 2)), N'167513524719976448')
GO
INSERT [AspNetUsers] ([Id], [UserName], [NormalizedUserName], [Email], [NormalizedEmail], [EmailConfirmed], [PasswordHash], [SecurityStamp], [ConcurrencyStamp], [PhoneNumber], [PhoneNumberConfirmed], [TwoFactorEnabled], [LockoutEnd], [LockoutEnabled], [AccessFailedCount], [Balance], [DiscordId]) VALUES (28, N'zerocopyrightrock@gmail.com', N'ZEROCOPYRIGHTROCK@GMAIL.COM', N'zerocopyrightrock@gmail.com', N'ZEROCOPYRIGHTROCK@GMAIL.COM', 0, N'AQAAAAEAACcQAAAAEFZErbBTwf/SZ6XTyG4e04mY77redn9zlsbJC67cwTljCp2P2Mt4019h22OAseiKGQ==', N'JQPDRDS7JTWA55N6D6K6KYFKUVXUIDEV', N'60619f2c-10da-4a8c-9954-dd23208020ca', NULL, 0, 0, NULL, 1, 0, CAST(0.00 AS Decimal(18, 2)), NULL)
GO
INSERT [AspNetUsers] ([Id], [UserName], [NormalizedUserName], [Email], [NormalizedEmail], [EmailConfirmed], [PasswordHash], [SecurityStamp], [ConcurrencyStamp], [PhoneNumber], [PhoneNumberConfirmed], [TwoFactorEnabled], [LockoutEnd], [LockoutEnabled], [AccessFailedCount], [Balance], [DiscordId]) VALUES (29, N't3chguy7@gmail.com', N'T3CHGUY7@GMAIL.COM', N't3chguy7@gmail.com', N'T3CHGUY7@GMAIL.COM', 0, N'AQAAAAEAACcQAAAAEOyRcozNlmCOe9bvO57tegQtrFVjdtDo3CAU4Vn6F366z1W5nq6SOEFfqo80kJBEAw==', N'L2JOXNRMYR6LKQPQNTOAEUKLOELIJUJB', N'7b9cf972-f063-4cc8-af34-e37a9c481aa0', NULL, 0, 0, NULL, 1, 0, CAST(0.00 AS Decimal(18, 2)), NULL)
GO
INSERT [AspNetUsers] ([Id], [UserName], [NormalizedUserName], [Email], [NormalizedEmail], [EmailConfirmed], [PasswordHash], [SecurityStamp], [ConcurrencyStamp], [PhoneNumber], [PhoneNumberConfirmed], [TwoFactorEnabled], [LockoutEnd], [LockoutEnabled], [AccessFailedCount], [Balance], [DiscordId]) VALUES (30, N'scheckidens@web.de', N'SCHECKIDENS@WEB.DE', N'scheckidens@web.de', N'SCHECKIDENS@WEB.DE', 0, N'AQAAAAEAACcQAAAAEE7eKLul6Tutup4RMXhmfeRjF5y/rj46Jsf3ZLpwo9dILRfj/oQWGyXF8BEsD+lmfw==', N'BGSD2RSCXCCYYK5YBAT5NQ2KA3ERGZST', N'd297d44b-eca0-4de3-92dd-b73065c1417a', NULL, 0, 0, NULL, 1, 0, CAST(0.00 AS Decimal(18, 2)), N'393482437776244736')
GO
INSERT [AspNetUsers] ([Id], [UserName], [NormalizedUserName], [Email], [NormalizedEmail], [EmailConfirmed], [PasswordHash], [SecurityStamp], [ConcurrencyStamp], [PhoneNumber], [PhoneNumberConfirmed], [TwoFactorEnabled], [LockoutEnd], [LockoutEnabled], [AccessFailedCount], [Balance], [DiscordId]) VALUES (31, N'kanbinguyen.dn96@gmail.com', N'KANBINGUYEN.DN96@GMAIL.COM', N'kanbinguyen.dn96@gmail.com', N'KANBINGUYEN.DN96@GMAIL.COM', 0, N'AQAAAAEAACcQAAAAEBF+Z1cf1/4QeiWTMG45SE+FvCcwAx0AC3Wy9C8qLtB5+/iHm7qk31uGrymZQdyA7Q==', N'YHJNN7TV7NBVFSS2JU5USYD3BRVEAGDL', N'63c24865-4fff-4f41-ac6b-04efe9c294a9', NULL, 0, 0, NULL, 1, 0, CAST(0.00 AS Decimal(18, 2)), NULL)
GO
INSERT [AspNetUsers] ([Id], [UserName], [NormalizedUserName], [Email], [NormalizedEmail], [EmailConfirmed], [PasswordHash], [SecurityStamp], [ConcurrencyStamp], [PhoneNumber], [PhoneNumberConfirmed], [TwoFactorEnabled], [LockoutEnd], [LockoutEnabled], [AccessFailedCount], [Balance], [DiscordId]) VALUES (32, N'michalovtibor@gmail.com', N'MICHALOVTIBOR@GMAIL.COM', N'michalovtibor@gmail.com', N'MICHALOVTIBOR@GMAIL.COM', 0, N'AQAAAAEAACcQAAAAEEiFQy8LRd9qeMT/Pueg+UJLxesRYQoSN+Dvi13VnGeuQwlNyBzt5V5l+dN1VyqiAw==', N'6IKMVI3X43E4PWARHTWSJINFFKXDLUEZ', N'd650089f-b5b4-4d48-8fdc-877a0d60161a', NULL, 0, 0, NULL, 1, 0, CAST(0.00 AS Decimal(18, 2)), NULL)
GO
INSERT [AspNetUsers] ([Id], [UserName], [NormalizedUserName], [Email], [NormalizedEmail], [EmailConfirmed], [PasswordHash], [SecurityStamp], [ConcurrencyStamp], [PhoneNumber], [PhoneNumberConfirmed], [TwoFactorEnabled], [LockoutEnd], [LockoutEnabled], [AccessFailedCount], [Balance], [DiscordId]) VALUES (33, N'dmytromanz1@gmail.com', N'DMYTROMANZ1@GMAIL.COM', N'dmytromanz1@gmail.com', N'DMYTROMANZ1@GMAIL.COM', 1, N'AQAAAAEAACcQAAAAELMy/5g1jx3FnDfQLLmcDDCMdf4mHt0i1aobcDLfBlOLX2sITDW1Tkt3Wo4b+RxJ7w==', N'2PX7BAEP6FM7LFTAU7S3BEPZOHFWKZ4Q', N'7fd7dcbe-7408-419e-bf67-abce8580a38c', NULL, 0, 0, NULL, 1, 0, CAST(0.00 AS Decimal(18, 2)), N'119289327254503429')
GO
INSERT [AspNetUsers] ([Id], [UserName], [NormalizedUserName], [Email], [NormalizedEmail], [EmailConfirmed], [PasswordHash], [SecurityStamp], [ConcurrencyStamp], [PhoneNumber], [PhoneNumberConfirmed], [TwoFactorEnabled], [LockoutEnd], [LockoutEnabled], [AccessFailedCount], [Balance], [DiscordId]) VALUES (34, N'bobbywardell@hotmail.comm', N'BOBBYWARDELL@HOTMAIL.COMM', N'bobbywardell@hotmail.comm', N'BOBBYWARDELL@HOTMAIL.COMM', 0, N'AQAAAAEAACcQAAAAEPFYvlzFXfn7UpQy9IWTmK1EdRM++6bm+l9DoiUwbglNuKZn3g8z0CfY4F7GuSSGvQ==', N'3LXND5IYZDMYCJSF2CQ23M5ZISVTFMJG', N'8df96b44-4123-4bde-a7d4-8bbd66d87927', NULL, 0, 0, NULL, 1, 0, CAST(0.00 AS Decimal(18, 2)), NULL)
GO
INSERT [AspNetUsers] ([Id], [UserName], [NormalizedUserName], [Email], [NormalizedEmail], [EmailConfirmed], [PasswordHash], [SecurityStamp], [ConcurrencyStamp], [PhoneNumber], [PhoneNumberConfirmed], [TwoFactorEnabled], [LockoutEnd], [LockoutEnabled], [AccessFailedCount], [Balance], [DiscordId]) VALUES (35, N'fabbbyy@outlook.com', N'FABBBYY@OUTLOOK.COM', N'fabbbyy@outlook.com', N'FABBBYY@OUTLOOK.COM', 0, N'AQAAAAEAACcQAAAAEKGwyt51zzSBcSfgIpi4dL6xaThqXfdk2j5KHtuTE9SErJGbxTq+MRYDCqcbo36XHg==', N'A7JTQKOHCFGWXOUAPI3VV2ZNV5MSOMYL', N'494c8720-61c5-40d5-91b5-de05c160b14e', NULL, 0, 0, NULL, 1, 0, CAST(0.00 AS Decimal(18, 2)), N'693283744060014602')
GO
INSERT [AspNetUsers] ([Id], [UserName], [NormalizedUserName], [Email], [NormalizedEmail], [EmailConfirmed], [PasswordHash], [SecurityStamp], [ConcurrencyStamp], [PhoneNumber], [PhoneNumberConfirmed], [TwoFactorEnabled], [LockoutEnd], [LockoutEnabled], [AccessFailedCount], [Balance], [DiscordId]) VALUES (36, N'adzwind1579@gmail.com', N'ADZWIND1579@GMAIL.COM', N'adzwind1579@gmail.com', N'ADZWIND1579@GMAIL.COM', 0, N'AQAAAAEAACcQAAAAEEd28BoM0bCr3NI4K7piKFFyEtVfCG0LxhvRlhw0QL1AQ9/sGZvtfRxE3QJS/WdxQg==', N'TEBBINDDBUUZTIECGLXUYBPA66Y2PVMP', N'd9f1e5dc-b9aa-49a7-97b3-bc0acf60f46f', NULL, 0, 0, NULL, 1, 0, CAST(0.00 AS Decimal(18, 2)), N'178882301176840192')
GO
INSERT [AspNetUsers] ([Id], [UserName], [NormalizedUserName], [Email], [NormalizedEmail], [EmailConfirmed], [PasswordHash], [SecurityStamp], [ConcurrencyStamp], [PhoneNumber], [PhoneNumberConfirmed], [TwoFactorEnabled], [LockoutEnd], [LockoutEnabled], [AccessFailedCount], [Balance], [DiscordId]) VALUES (37, N'gamerztheguy@gmail.com', N'GAMERZTHEGUY@GMAIL.COM', N'gamerztheguy@gmail.com', N'GAMERZTHEGUY@GMAIL.COM', 0, N'AQAAAAEAACcQAAAAEN9zdvgrjg26uxON4P0YGYET7SvXnadd7xzhj4qrq3P9ty1ytmtppGZlOThUcEPT5g==', N'SW7VSU4DZQZWQTNZDRWEB4EHV37IXBVL', N'8f659fdc-3d85-45a1-b5a0-fc24b746c6ee', NULL, 0, 0, NULL, 1, 0, CAST(0.00 AS Decimal(18, 2)), NULL)
GO
INSERT [AspNetUsers] ([Id], [UserName], [NormalizedUserName], [Email], [NormalizedEmail], [EmailConfirmed], [PasswordHash], [SecurityStamp], [ConcurrencyStamp], [PhoneNumber], [PhoneNumberConfirmed], [TwoFactorEnabled], [LockoutEnd], [LockoutEnabled], [AccessFailedCount], [Balance], [DiscordId]) VALUES (38, N'SpanishSoul1204@hotmail.com', N'SPANISHSOUL1204@HOTMAIL.COM', N'SpanishSoul1204@hotmail.com', N'SPANISHSOUL1204@HOTMAIL.COM', 0, N'AQAAAAEAACcQAAAAEDH/1v6+E6U80cWi7NHBfNBz8tCS5COvhUYsP1qHiMXQH+ZMeJS4bnh4BSGVx2DcxA==', N'BMZQOLLFARK6EC3XAATEH3XSRY4TEG3D', N'49b9f2d4-b467-4084-9b17-f67d7a1c72a4', NULL, 0, 0, NULL, 1, 0, CAST(0.00 AS Decimal(18, 2)), N'713992078929166348')
GO
INSERT [AspNetUsers] ([Id], [UserName], [NormalizedUserName], [Email], [NormalizedEmail], [EmailConfirmed], [PasswordHash], [SecurityStamp], [ConcurrencyStamp], [PhoneNumber], [PhoneNumberConfirmed], [TwoFactorEnabled], [LockoutEnd], [LockoutEnabled], [AccessFailedCount], [Balance], [DiscordId]) VALUES (39, N'nguyentuanlonghn123@gmail.com', N'NGUYENTUANLONGHN123@GMAIL.COM', N'nguyentuanlonghn123@gmail.com', N'NGUYENTUANLONGHN123@GMAIL.COM', 1, N'AQAAAAEAACcQAAAAEG0p1bA9Zlc3QZzWm4wMqk+zEwSkWlJn4RYImaouyAHX3dTRYPfu4hyLUjRZLiwOHQ==', N'RR2W2QL7FNBM5FJIQMENDRLLPSFM6F2T', N'f437cdbc-e810-4d33-8ceb-2a7eae562852', NULL, 0, 0, NULL, 1, 0, CAST(0.00 AS Decimal(18, 2)), NULL)
GO
INSERT [AspNetUsers] ([Id], [UserName], [NormalizedUserName], [Email], [NormalizedEmail], [EmailConfirmed], [PasswordHash], [SecurityStamp], [ConcurrencyStamp], [PhoneNumber], [PhoneNumberConfirmed], [TwoFactorEnabled], [LockoutEnd], [LockoutEnabled], [AccessFailedCount], [Balance], [DiscordId]) VALUES (40, N'canicosmic@yahoo.com', N'CANICOSMIC@YAHOO.COM', N'canicosmic@yahoo.com', N'CANICOSMIC@YAHOO.COM', 1, N'AQAAAAEAACcQAAAAEHDvVSEihOfUKFsMYaM4mNWVne8dhVLqjyB9BJtcDNPZJIQU4BvH4vT+Bw0eYMRCZw==', N'3SIK3C3MUXNIDFCF6MRVSVJQ3NTW4XWR', N'42bed093-8b3c-421b-b73f-4a4a1124725c', NULL, 0, 0, NULL, 1, 0, CAST(0.00 AS Decimal(18, 2)), NULL)
GO
INSERT [AspNetUsers] ([Id], [UserName], [NormalizedUserName], [Email], [NormalizedEmail], [EmailConfirmed], [PasswordHash], [SecurityStamp], [ConcurrencyStamp], [PhoneNumber], [PhoneNumberConfirmed], [TwoFactorEnabled], [LockoutEnd], [LockoutEnabled], [AccessFailedCount], [Balance], [DiscordId]) VALUES (10040, N'dennis.mueller62@web.de', N'DENNIS.MUELLER62@WEB.DE', N'dennis.mueller62@web.de', N'DENNIS.MUELLER62@WEB.DE', 0, N'AQAAAAEAACcQAAAAEPCavyGLlf0079VzWDolD4zTuz8cbCl0vyQm8GCcQ0BPiwk9c1OaCOszSN8rDfpHGA==', N'V4BHI3SGGUDJORU7NSKWOSRKJXQJIWY2', N'11329de2-c8b3-4c73-8804-7980f65770d0', NULL, 0, 0, NULL, 1, 0, CAST(0.00 AS Decimal(18, 2)), N'513011253338177536')
GO
INSERT [AspNetUsers] ([Id], [UserName], [NormalizedUserName], [Email], [NormalizedEmail], [EmailConfirmed], [PasswordHash], [SecurityStamp], [ConcurrencyStamp], [PhoneNumber], [PhoneNumberConfirmed], [TwoFactorEnabled], [LockoutEnd], [LockoutEnabled], [AccessFailedCount], [Balance], [DiscordId]) VALUES (10041, N'qs235874@gmail.com', N'QS235874@GMAIL.COM', N'qs235874@gmail.com', N'QS235874@GMAIL.COM', 0, N'AQAAAAEAACcQAAAAEN08az11W8Rdu6cg9Jt7b4PnWIZJ8U7WGkGGfDheg2lgujSNm9K/i7fdHTIudJ9vaQ==', N'PY4XQZWBDTHRD47TIWQ36CERNBOOCBU3', N'1cbf6c44-3e42-4c1d-b58b-b0de6096e36b', NULL, 0, 0, NULL, 1, 0, CAST(0.00 AS Decimal(18, 2)), NULL)
GO
INSERT [AspNetUsers] ([Id], [UserName], [NormalizedUserName], [Email], [NormalizedEmail], [EmailConfirmed], [PasswordHash], [SecurityStamp], [ConcurrencyStamp], [PhoneNumber], [PhoneNumberConfirmed], [TwoFactorEnabled], [LockoutEnd], [LockoutEnabled], [AccessFailedCount], [Balance], [DiscordId]) VALUES (10042, N'l.schreiber14@web.de', N'L.SCHREIBER14@WEB.DE', N'l.schreiber14@web.de', N'L.SCHREIBER14@WEB.DE', 1, N'AQAAAAEAACcQAAAAEJqhW1WTMtnSbUuqkbJ7C1aDt0R//CfofAuoQlzWQh+NdxaCfvrbq+lz9IP/JUDzGw==', N'QHZFILUHED7QSL2NDAXKRFQJPB3E6BDU', N'1c246f2f-a33d-43a5-8e3d-2b4310662898', NULL, 0, 0, NULL, 1, 0, CAST(0.00 AS Decimal(18, 2)), N'231856972708839439')
GO
INSERT [AspNetUsers] ([Id], [UserName], [NormalizedUserName], [Email], [NormalizedEmail], [EmailConfirmed], [PasswordHash], [SecurityStamp], [ConcurrencyStamp], [PhoneNumber], [PhoneNumberConfirmed], [TwoFactorEnabled], [LockoutEnd], [LockoutEnabled], [AccessFailedCount], [Balance], [DiscordId]) VALUES (10043, N'joyandrew1804@gmail.com', N'JOYANDREW1804@GMAIL.COM', N'joyandrew1804@gmail.com', N'JOYANDREW1804@GMAIL.COM', 0, N'AQAAAAEAACcQAAAAEAdpS4/YZKlvr7QSlPTu13DDQWtpt1GLVFoKqToXY3t0MGXiq323eosHS9gXOOOzVg==', N'YZU7JC6G54LKOLPQERUXT6BFC466RDKK', N'70d73d8c-7d09-4e6d-8f3b-f68444be169a', NULL, 0, 0, NULL, 1, 0, CAST(0.00 AS Decimal(18, 2)), N'540421511920484355')
GO
INSERT [AspNetUsers] ([Id], [UserName], [NormalizedUserName], [Email], [NormalizedEmail], [EmailConfirmed], [PasswordHash], [SecurityStamp], [ConcurrencyStamp], [PhoneNumber], [PhoneNumberConfirmed], [TwoFactorEnabled], [LockoutEnd], [LockoutEnabled], [AccessFailedCount], [Balance], [DiscordId]) VALUES (10044, N'gazalives@outlook.com', N'GAZALIVES@OUTLOOK.COM', N'gazalives@outlook.com', N'GAZALIVES@OUTLOOK.COM', 1, N'AQAAAAEAACcQAAAAEFXm+XoSFonv+c91gCIFTQX1WGna260cfjKQMRZn5k+MBKIwnhIX7kaCetDHWdFAdw==', N'KF6TIBWGFSZXKG5TYBJS6YB23ZJ5LGDQ', N'12be6727-e1f7-43e2-8858-85fff273bda6', NULL, 0, 0, NULL, 1, 0, CAST(0.00 AS Decimal(18, 2)), N'211615432178794496')
GO
INSERT [AspNetUsers] ([Id], [UserName], [NormalizedUserName], [Email], [NormalizedEmail], [EmailConfirmed], [PasswordHash], [SecurityStamp], [ConcurrencyStamp], [PhoneNumber], [PhoneNumberConfirmed], [TwoFactorEnabled], [LockoutEnd], [LockoutEnabled], [AccessFailedCount], [Balance], [DiscordId]) VALUES (10045, N'diego__dario@outlook.es', N'DIEGO__DARIO@OUTLOOK.ES', N'diego__dario@outlook.es', N'DIEGO__DARIO@OUTLOOK.ES', 1, N'AQAAAAEAACcQAAAAEBoZU7pCgFz6WHJVclyRynYlQF3ujZOMlcoN4MOIbS0a76jLVL2JSyc4uJlwUzasKQ==', N'2722HCJ7RIA7IIPJYVI4SRALS2A6UEHJ', N'8c16cdd8-85ee-497d-b6a0-3a64eb86543a', NULL, 0, 0, NULL, 1, 0, CAST(0.00 AS Decimal(18, 2)), NULL)
GO
INSERT [AspNetUsers] ([Id], [UserName], [NormalizedUserName], [Email], [NormalizedEmail], [EmailConfirmed], [PasswordHash], [SecurityStamp], [ConcurrencyStamp], [PhoneNumber], [PhoneNumberConfirmed], [TwoFactorEnabled], [LockoutEnd], [LockoutEnabled], [AccessFailedCount], [Balance], [DiscordId]) VALUES (10046, N'riftylol@hotmail.com', N'RIFTYLOL@HOTMAIL.COM', N'riftylol@hotmail.com', N'RIFTYLOL@HOTMAIL.COM', 1, N'AQAAAAEAACcQAAAAEI8BKGcOvlsRlpp8GK01+3JmqCMfpElHUfDf3otBEk7Z/UPcWWdaxrh7x7L7ATLNaQ==', N'ZCUDDUSVXHFL5MALMK6KYTLNFU77CLYT', N'cfe00a18-2703-4b61-88f5-41365e1ef1aa', NULL, 0, 0, NULL, 1, 0, CAST(0.00 AS Decimal(18, 2)), N'127481742239072256')
GO
INSERT [AspNetUsers] ([Id], [UserName], [NormalizedUserName], [Email], [NormalizedEmail], [EmailConfirmed], [PasswordHash], [SecurityStamp], [ConcurrencyStamp], [PhoneNumber], [PhoneNumberConfirmed], [TwoFactorEnabled], [LockoutEnd], [LockoutEnabled], [AccessFailedCount], [Balance], [DiscordId]) VALUES (10047, N'mathieu@kompu.be', N'MATHIEU@KOMPU.BE', N'mathieu@kompu.be', N'MATHIEU@KOMPU.BE', 0, N'AQAAAAEAACcQAAAAEJBYxZpRVtV8UpDLHfY+p0YvP2L3l1ERNuxw/QYAtoLU58LBGxoCHpd4K0BAavVTIg==', N'LCC27TQK26BWCND53HK2XWQA55UANX5Y', N'3d2e7178-ca6e-4ad5-8148-902097f399f2', NULL, 0, 0, NULL, 1, 0, CAST(0.00 AS Decimal(18, 2)), N'310440282506264577')
GO
INSERT [AspNetUsers] ([Id], [UserName], [NormalizedUserName], [Email], [NormalizedEmail], [EmailConfirmed], [PasswordHash], [SecurityStamp], [ConcurrencyStamp], [PhoneNumber], [PhoneNumberConfirmed], [TwoFactorEnabled], [LockoutEnd], [LockoutEnabled], [AccessFailedCount], [Balance], [DiscordId]) VALUES (10048, N'abdulwahid-2002@hotmail.com', N'ABDULWAHID-2002@HOTMAIL.COM', N'abdulwahid-2002@hotmail.com', N'ABDULWAHID-2002@HOTMAIL.COM', 0, N'AQAAAAEAACcQAAAAEMO4BAZGTnC3bSAlh2rd+mfhTuUaHL00Ba43+YWUcYRCvWXGuc3wOx7vPewC8vzPgw==', N'65EFP7T7T7WKZUW66ZOPZGJWPRHYNPGM', N'394a31b3-aff3-4cb5-8049-1b86dbae7cfa', NULL, 0, 0, NULL, 1, 0, CAST(0.00 AS Decimal(18, 2)), N'194427543045013506')
GO
INSERT [AspNetUsers] ([Id], [UserName], [NormalizedUserName], [Email], [NormalizedEmail], [EmailConfirmed], [PasswordHash], [SecurityStamp], [ConcurrencyStamp], [PhoneNumber], [PhoneNumberConfirmed], [TwoFactorEnabled], [LockoutEnd], [LockoutEnabled], [AccessFailedCount], [Balance], [DiscordId]) VALUES (10049, N'simpabob2@gmail.com', N'SIMPABOB2@GMAIL.COM', N'simpabob2@gmail.com', N'SIMPABOB2@GMAIL.COM', 0, N'AQAAAAEAACcQAAAAEA8GULEhe8ph5O2UCv5+zVmfj4RgK7OGsaccmbyi1AV12sd9tyxhhwbw2trQqfV2Kw==', N'MLNG7AOO3JJFFFAQC5SM5R467JT5SQPJ', N'eb3fa123-8e32-4a19-b197-8cc2e8c6374b', NULL, 0, 0, NULL, 1, 0, CAST(0.00 AS Decimal(18, 2)), N'367336065008271362')
GO
INSERT [AspNetUsers] ([Id], [UserName], [NormalizedUserName], [Email], [NormalizedEmail], [EmailConfirmed], [PasswordHash], [SecurityStamp], [ConcurrencyStamp], [PhoneNumber], [PhoneNumberConfirmed], [TwoFactorEnabled], [LockoutEnd], [LockoutEnabled], [AccessFailedCount], [Balance], [DiscordId]) VALUES (20049, N'majos.stastny@email.cz', N'MAJOS.STASTNY@EMAIL.CZ', N'majos.stastny@email.cz', N'MAJOS.STASTNY@EMAIL.CZ', 1, N'AQAAAAEAACcQAAAAEEIaIvn+R8Ed/CyQfTLNyHuhI8H2Q10OGPYZ4vkzENeJXr3+9TFpg1lYOaE/evhzuQ==', N'IOCW4XI6RDB674GGQOP7R6A3XJTQY5K7', N'1d459336-f71f-4694-9a1e-4e3ff144aea0', NULL, 0, 0, NULL, 1, 0, CAST(0.00 AS Decimal(18, 2)), NULL)
GO
INSERT [AspNetUsers] ([Id], [UserName], [NormalizedUserName], [Email], [NormalizedEmail], [EmailConfirmed], [PasswordHash], [SecurityStamp], [ConcurrencyStamp], [PhoneNumber], [PhoneNumberConfirmed], [TwoFactorEnabled], [LockoutEnd], [LockoutEnabled], [AccessFailedCount], [Balance], [DiscordId]) VALUES (20050, N'charles.sabatini.1@gmail.com', N'CHARLES.SABATINI.1@GMAIL.COM', N'charles.sabatini.1@gmail.com', N'CHARLES.SABATINI.1@GMAIL.COM', 0, N'AQAAAAEAACcQAAAAEMDz046HOxaG9agVBnKWE853LZrGZHOQDQrLS46WkIQN3s13/Oy+fWxdCqyA0ICNhQ==', N'VFV2N5HY2MFDFCZ4OGD2IDPP4M32DPPO', N'10b6bbe1-b393-4afc-a841-24d6b5ec9a3d', NULL, 0, 0, NULL, 1, 0, CAST(0.00 AS Decimal(18, 2)), N'160898447073869824')
GO
INSERT [AspNetUsers] ([Id], [UserName], [NormalizedUserName], [Email], [NormalizedEmail], [EmailConfirmed], [PasswordHash], [SecurityStamp], [ConcurrencyStamp], [PhoneNumber], [PhoneNumberConfirmed], [TwoFactorEnabled], [LockoutEnd], [LockoutEnabled], [AccessFailedCount], [Balance], [DiscordId]) VALUES (20051, N'abreu1998@gmail.com', N'ABREU1998@GMAIL.COM', N'abreu1998@gmail.com', N'ABREU1998@GMAIL.COM', 1, N'AQAAAAEAACcQAAAAEDCjj8JtqIN828i33OD7JLZ1LFDuF/GrRyPNYsVnV8jvh+3LGwmofXsaOCv48TYzKg==', N'CLSGW5DP75GH43MXKNA5EAZL3SGOBT26', N'b1eacf30-69ca-4328-9853-9e86cbec59d7', NULL, 0, 0, NULL, 1, 0, CAST(0.00 AS Decimal(18, 2)), N'300628101996478474')
GO
INSERT [AspNetUsers] ([Id], [UserName], [NormalizedUserName], [Email], [NormalizedEmail], [EmailConfirmed], [PasswordHash], [SecurityStamp], [ConcurrencyStamp], [PhoneNumber], [PhoneNumberConfirmed], [TwoFactorEnabled], [LockoutEnd], [LockoutEnabled], [AccessFailedCount], [Balance], [DiscordId]) VALUES (20052, N'ozanaydogan1@outlook.com', N'OZANAYDOGAN1@OUTLOOK.COM', N'ozanaydogan1@outlook.com', N'OZANAYDOGAN1@OUTLOOK.COM', 1, N'AQAAAAEAACcQAAAAEKj3wlkw0UGdkabkJvkBXrL2+trJziF3l26Wf+Ntcv1MequWfY2qGp2hlkg4DTBU7A==', N'52LRXOQRJOC3MO5L6ZW3NAU4YCXZVCNY', N'c94080ab-2bda-491f-9cb5-558cc338ee14', NULL, 0, 0, NULL, 1, 0, CAST(0.00 AS Decimal(18, 2)), NULL)
GO
INSERT [AspNetUsers] ([Id], [UserName], [NormalizedUserName], [Email], [NormalizedEmail], [EmailConfirmed], [PasswordHash], [SecurityStamp], [ConcurrencyStamp], [PhoneNumber], [PhoneNumberConfirmed], [TwoFactorEnabled], [LockoutEnd], [LockoutEnabled], [AccessFailedCount], [Balance], [DiscordId]) VALUES (20053, N'ozi_aydo@hotmail.com.tr', N'OZI_AYDO@HOTMAIL.COM.TR', N'ozi_aydo@hotmail.com.tr', N'OZI_AYDO@HOTMAIL.COM.TR', 0, N'AQAAAAEAACcQAAAAEEwCK2jb/2MicOEp+IyP+UTY5LaUZbnrwRnrObBJP29GGy5HNQikwZsJpfxCn3hEVA==', N'BYAMQUX7CVMEUQ55KGWEE3H2SQTDKMGG', N'e29e5bdf-c6a1-402d-82c9-6269fa38dbff', NULL, 0, 0, NULL, 1, 0, CAST(0.00 AS Decimal(18, 2)), NULL)
GO
INSERT [AspNetUsers] ([Id], [UserName], [NormalizedUserName], [Email], [NormalizedEmail], [EmailConfirmed], [PasswordHash], [SecurityStamp], [ConcurrencyStamp], [PhoneNumber], [PhoneNumberConfirmed], [TwoFactorEnabled], [LockoutEnd], [LockoutEnabled], [AccessFailedCount], [Balance], [DiscordId]) VALUES (20054, N'lauge020203@gmail.com', N'LAUGE020203@GMAIL.COM', N'lauge020203@gmail.com', N'LAUGE020203@GMAIL.COM', 0, N'AQAAAAEAACcQAAAAEBw7BD0D58V1H1Ois4aqI5bHdGxw7YhaNDW/EGbekJHge61YskeD9FqJG23AZCB2XA==', N'TNVN3RAQPZQ3KJJVK6DG24II4LY5ANSC', N'2bec1b43-e191-4f0a-a049-73e4243d02f6', NULL, 0, 0, NULL, 1, 0, CAST(0.00 AS Decimal(18, 2)), NULL)
GO
INSERT [AspNetUsers] ([Id], [UserName], [NormalizedUserName], [Email], [NormalizedEmail], [EmailConfirmed], [PasswordHash], [SecurityStamp], [ConcurrencyStamp], [PhoneNumber], [PhoneNumberConfirmed], [TwoFactorEnabled], [LockoutEnd], [LockoutEnabled], [AccessFailedCount], [Balance], [DiscordId]) VALUES (20055, N'tbatuhan_11@hotmail.com', N'TBATUHAN_11@HOTMAIL.COM', N'tbatuhan_11@hotmail.com', N'TBATUHAN_11@HOTMAIL.COM', 0, N'AQAAAAEAACcQAAAAEIftl9C4DezCUDfQe4MwbT2fbASD0LZNBkvnGQQ6hqUPqxCI2HI7vx5TTuHRBpvUDg==', N'UGUZP2XLKJ3DVBN3I4P7OZOIL23K3W24', N'ffa3cb5d-2e27-4bc2-ae14-724b259954b0', NULL, 0, 0, NULL, 1, 0, CAST(0.00 AS Decimal(18, 2)), N'113004262274973696')
GO
INSERT [AspNetUsers] ([Id], [UserName], [NormalizedUserName], [Email], [NormalizedEmail], [EmailConfirmed], [PasswordHash], [SecurityStamp], [ConcurrencyStamp], [PhoneNumber], [PhoneNumberConfirmed], [TwoFactorEnabled], [LockoutEnd], [LockoutEnabled], [AccessFailedCount], [Balance], [DiscordId]) VALUES (20056, N'dglovac@yahoo.com', N'DGLOVAC@YAHOO.COM', N'dglovac@yahoo.com', N'DGLOVAC@YAHOO.COM', 0, N'AQAAAAEAACcQAAAAEOMob2rwXVOFM7pWwGaRvnOnY7aqkHf4xEnVsT5pzx9KmedB87/8Fke/X6hR/zWIAA==', N'EZB4VITJDQUWFISF7BQRQS6X42WZF4FO', N'eece4349-9a23-49c2-b8d7-d84cb7fab6bf', NULL, 0, 0, NULL, 1, 0, CAST(0.00 AS Decimal(18, 2)), NULL)
GO
INSERT [AspNetUsers] ([Id], [UserName], [NormalizedUserName], [Email], [NormalizedEmail], [EmailConfirmed], [PasswordHash], [SecurityStamp], [ConcurrencyStamp], [PhoneNumber], [PhoneNumberConfirmed], [TwoFactorEnabled], [LockoutEnd], [LockoutEnabled], [AccessFailedCount], [Balance], [DiscordId]) VALUES (20057, N'sonic-2002@seznam.cz', N'SONIC-2002@SEZNAM.CZ', N'sonic-2002@seznam.cz', N'SONIC-2002@SEZNAM.CZ', 1, N'AQAAAAEAACcQAAAAEDtaoaaEudZivbsbSzsGxvuFJv19RVNoJe6F9rmFc015i6CltlxMxqLkdoBIm1YwQg==', N'GMIMSRSMGBWJECNPRI73TWLICUGUPPHT', N'679db951-f025-492b-826e-bbef56e16b0b', NULL, 0, 0, NULL, 1, 0, CAST(0.00 AS Decimal(18, 2)), NULL)
GO
INSERT [AspNetUsers] ([Id], [UserName], [NormalizedUserName], [Email], [NormalizedEmail], [EmailConfirmed], [PasswordHash], [SecurityStamp], [ConcurrencyStamp], [PhoneNumber], [PhoneNumberConfirmed], [TwoFactorEnabled], [LockoutEnd], [LockoutEnabled], [AccessFailedCount], [Balance], [DiscordId]) VALUES (20058, N'dominikg2a@hotmail.com', N'DOMINIKG2A@HOTMAIL.COM', N'dominikg2a@hotmail.com', N'DOMINIKG2A@HOTMAIL.COM', 0, N'AQAAAAEAACcQAAAAEBpQ/cm+oam6dvIkAoY3MEGVtd47YCWfBA0pR8LpG0TmAJYJhkvyZz7Odvpa1tB1Fg==', N'DOZNDKHRM72Y2HCBMME4775FUCBVJJ4S', N'2bae0da8-5a9e-4c50-bb83-a560c1242e2e', NULL, 0, 0, NULL, 1, 0, CAST(0.00 AS Decimal(18, 2)), N'219081413268340737')
GO
INSERT [AspNetUsers] ([Id], [UserName], [NormalizedUserName], [Email], [NormalizedEmail], [EmailConfirmed], [PasswordHash], [SecurityStamp], [ConcurrencyStamp], [PhoneNumber], [PhoneNumberConfirmed], [TwoFactorEnabled], [LockoutEnd], [LockoutEnabled], [AccessFailedCount], [Balance], [DiscordId]) VALUES (20059, N'greekfreekss@gmail.com', N'GREEKFREEKSS@GMAIL.COM', N'greekfreekss@gmail.com', N'GREEKFREEKSS@GMAIL.COM', 0, N'AQAAAAEAACcQAAAAEDidK94FHUAsRM4LcLkJkiwhhNvPlwXfTBJoX5uJMg5wiXBtBlUe3v+GeQPygcQ1MA==', N'Z7OFH2QGFINRS7RKCRKTFQQE6P7CEFUT', N'3e9155c0-ee06-418f-9341-e1b60990f083', NULL, 0, 0, NULL, 1, 0, CAST(0.00 AS Decimal(18, 2)), N'746584055788732489')
GO
INSERT [AspNetUsers] ([Id], [UserName], [NormalizedUserName], [Email], [NormalizedEmail], [EmailConfirmed], [PasswordHash], [SecurityStamp], [ConcurrencyStamp], [PhoneNumber], [PhoneNumberConfirmed], [TwoFactorEnabled], [LockoutEnd], [LockoutEnabled], [AccessFailedCount], [Balance], [DiscordId]) VALUES (20060, N'james.abdallah@gmail.com', N'JAMES.ABDALLAH@GMAIL.COM', N'james.abdallah@gmail.com', N'JAMES.ABDALLAH@GMAIL.COM', 0, N'AQAAAAEAACcQAAAAEP9oZKZ0m/EnfEFV81lXueGTphjjggUy2ETJuOUE389VOSON32O6CU/VWdOU+VUBBg==', N'KTZWRL75O6QVCTG5X467UD7UVOCUXV7U', N'f242e515-861e-42a0-b6ff-6d2be30fc338', NULL, 0, 0, NULL, 1, 0, CAST(0.00 AS Decimal(18, 2)), NULL)
GO
INSERT [AspNetUsers] ([Id], [UserName], [NormalizedUserName], [Email], [NormalizedEmail], [EmailConfirmed], [PasswordHash], [SecurityStamp], [ConcurrencyStamp], [PhoneNumber], [PhoneNumberConfirmed], [TwoFactorEnabled], [LockoutEnd], [LockoutEnabled], [AccessFailedCount], [Balance], [DiscordId]) VALUES (20061, N'a12boosting@gmail.com', N'A12BOOSTING@GMAIL.COM', N'a12boosting@gmail.com', N'A12BOOSTING@GMAIL.COM', 1, N'AQAAAAEAACcQAAAAENfqMoARvuUuIn57eJY4Qo/Qg9N2HCBTypgQEu5WipXeyVOQWWf8y5EKaxVxRtFbxg==', N'E67ONMSOZVV2ZUA6IMNKORQX424OT3C4', N'02066ca1-399b-40f1-bb50-fe5a0f7acabb', NULL, 0, 0, NULL, 1, 0, CAST(0.00 AS Decimal(18, 2)), N'194455390212063235')
GO
INSERT [AspNetUsers] ([Id], [UserName], [NormalizedUserName], [Email], [NormalizedEmail], [EmailConfirmed], [PasswordHash], [SecurityStamp], [ConcurrencyStamp], [PhoneNumber], [PhoneNumberConfirmed], [TwoFactorEnabled], [LockoutEnd], [LockoutEnabled], [AccessFailedCount], [Balance], [DiscordId]) VALUES (20062, N'bentheblaster27@gmail.com', N'BENTHEBLASTER27@GMAIL.COM', N'bentheblaster27@gmail.com', N'BENTHEBLASTER27@GMAIL.COM', 0, N'AQAAAAEAACcQAAAAEIbX6lW8+QSKMEmk+ibYNbi8pO6l/IQMU7DTCzqzwPuoyru/clu7IxWOjPtkEOFXdQ==', N'37P5VLX7FJRFRLUERARZSPVQ4Z2IFL6Y', N'332cdfa5-4857-4a98-8a2e-d57f1b87d35e', NULL, 0, 0, NULL, 1, 0, CAST(0.00 AS Decimal(18, 2)), N'309020515459399680')
GO
INSERT [AspNetUsers] ([Id], [UserName], [NormalizedUserName], [Email], [NormalizedEmail], [EmailConfirmed], [PasswordHash], [SecurityStamp], [ConcurrencyStamp], [PhoneNumber], [PhoneNumberConfirmed], [TwoFactorEnabled], [LockoutEnd], [LockoutEnabled], [AccessFailedCount], [Balance], [DiscordId]) VALUES (20063, N'leaguebusiness247@gmail.com', N'LEAGUEBUSINESS247@GMAIL.COM', N'leaguebusiness247@gmail.com', N'LEAGUEBUSINESS247@GMAIL.COM', 1, N'AQAAAAEAACcQAAAAEPXzr5QXIoZmco2XAcPX1f8wOKKAE3PpkgkeAk8fOJZXku4FHfg8ogtpYAOm2TrbyA==', N'ZJNCEM646ZVCI5ODPX5EVU23EJMUJSGR', N'e1fcd5a4-461e-44e1-b05f-4f165b59cdc2', NULL, 0, 0, NULL, 1, 0, CAST(0.00 AS Decimal(18, 2)), N'125517369823985664')
GO
INSERT [AspNetUsers] ([Id], [UserName], [NormalizedUserName], [Email], [NormalizedEmail], [EmailConfirmed], [PasswordHash], [SecurityStamp], [ConcurrencyStamp], [PhoneNumber], [PhoneNumberConfirmed], [TwoFactorEnabled], [LockoutEnd], [LockoutEnabled], [AccessFailedCount], [Balance], [DiscordId]) VALUES (20064, N'mrsmrs.tamo@yahoo.com', N'MRSMRS.TAMO@YAHOO.COM', N'mrsmrs.tamo@yahoo.com', N'MRSMRS.TAMO@YAHOO.COM', 1, N'AQAAAAEAACcQAAAAEGsQLlLGeFW54+EJMTPYRCZ0yqzyqM6Ek8LbwEWLrSejY8AIAKyo8TRoTqcRczJjkQ==', N'A3ZTWDGSTLQIO3FB3V7ZLRMCQ2A3RVFM', N'8a1c4d86-88b1-4fb6-86e9-11979cb40b5f', NULL, 0, 0, NULL, 1, 0, CAST(0.00 AS Decimal(18, 2)), N'564405597907451915')
GO
INSERT [AspNetUsers] ([Id], [UserName], [NormalizedUserName], [Email], [NormalizedEmail], [EmailConfirmed], [PasswordHash], [SecurityStamp], [ConcurrencyStamp], [PhoneNumber], [PhoneNumberConfirmed], [TwoFactorEnabled], [LockoutEnd], [LockoutEnabled], [AccessFailedCount], [Balance], [DiscordId]) VALUES (20065, N'dragonesl088@gmail.com', N'DRAGONESL088@GMAIL.COM', N'dragonesl088@gmail.com', N'DRAGONESL088@GMAIL.COM', 0, N'AQAAAAEAACcQAAAAENj0cUQbpGvy+3/5P8JSiEibflFgeTfU0ot5Us+Imxj9+38v+s+pFHMWC/oDuMjgFg==', N'CUQMYVMX7Q5VFOHKDUPB4J7SKK37JMSP', N'e43e4095-30d0-44c0-8cfa-b34efe6c4885', NULL, 0, 0, NULL, 1, 0, CAST(0.00 AS Decimal(18, 2)), N'148152932355801088')
GO
INSERT [AspNetUsers] ([Id], [UserName], [NormalizedUserName], [Email], [NormalizedEmail], [EmailConfirmed], [PasswordHash], [SecurityStamp], [ConcurrencyStamp], [PhoneNumber], [PhoneNumberConfirmed], [TwoFactorEnabled], [LockoutEnd], [LockoutEnabled], [AccessFailedCount], [Balance], [DiscordId]) VALUES (20066, N'nikolakunchov@gmail.com', N'NIKOLAKUNCHOV@GMAIL.COM', N'nikolakunchov@gmail.com', N'NIKOLAKUNCHOV@GMAIL.COM', 1, N'AQAAAAEAACcQAAAAENDwbtFNfsZCj0770AkqDUCdD5u1/RDtFLZVoLbxfodX3EfMz0XrXL4n24orQ/wMtA==', N'5VB6DAI6YVZKDJTNP2N245D66BFGYICJ', N'4788bad8-6f7d-4da3-af38-ac55d06ee7b0', NULL, 0, 0, NULL, 1, 0, CAST(0.00 AS Decimal(18, 2)), N'352479770392395787')
GO
INSERT [AspNetUsers] ([Id], [UserName], [NormalizedUserName], [Email], [NormalizedEmail], [EmailConfirmed], [PasswordHash], [SecurityStamp], [ConcurrencyStamp], [PhoneNumber], [PhoneNumberConfirmed], [TwoFactorEnabled], [LockoutEnd], [LockoutEnabled], [AccessFailedCount], [Balance], [DiscordId]) VALUES (20067, N'tftcoach@protonmail.com', N'TFTCOACH@PROTONMAIL.COM', N'tftcoach@protonmail.com', N'TFTCOACH@PROTONMAIL.COM', 1, N'AQAAAAEAACcQAAAAEFk1gVArhYnKzmgrBswARQAHhRIqiAquOlJgCxrjQoV3y4La9GQAbhJcULJXYlfhgg==', N'3ZGN3SBG6AZEANRI63NNWSP5RD5SAUSR', N'abbc10c5-4b3a-4e39-be79-b3492d8be2ab', NULL, 0, 0, NULL, 1, 0, CAST(0.00 AS Decimal(18, 2)), N'273301110188539904')
GO
INSERT [AspNetUsers] ([Id], [UserName], [NormalizedUserName], [Email], [NormalizedEmail], [EmailConfirmed], [PasswordHash], [SecurityStamp], [ConcurrencyStamp], [PhoneNumber], [PhoneNumberConfirmed], [TwoFactorEnabled], [LockoutEnd], [LockoutEnabled], [AccessFailedCount], [Balance], [DiscordId]) VALUES (20068, N'johannarnar003@gmail.com', N'JOHANNARNAR003@GMAIL.COM', N'johannarnar003@gmail.com', N'JOHANNARNAR003@GMAIL.COM', 0, N'AQAAAAEAACcQAAAAEMHE1lz9gpQzowpuozKdzU/vKkDI4vkkkDv9tFno06WaiUP7eQ7EOq+QVmGNFHr/2A==', N'ZVEWJ7NK7RAVJMGF2PQJAF4CUC66KU55', N'308b3b3d-4399-40f7-8498-0eaf7f520895', NULL, 0, 0, NULL, 1, 0, CAST(0.00 AS Decimal(18, 2)), N'168428397519831040')
GO
INSERT [AspNetUsers] ([Id], [UserName], [NormalizedUserName], [Email], [NormalizedEmail], [EmailConfirmed], [PasswordHash], [SecurityStamp], [ConcurrencyStamp], [PhoneNumber], [PhoneNumberConfirmed], [TwoFactorEnabled], [LockoutEnd], [LockoutEnabled], [AccessFailedCount], [Balance], [DiscordId]) VALUES (20069, N'ggiorgadze282@gmail.com', N'GGIORGADZE282@GMAIL.COM', N'ggiorgadze282@gmail.com', N'GGIORGADZE282@GMAIL.COM', 1, N'AQAAAAEAACcQAAAAEGVeZpfu4BSZ3ADI4A1LSP5T3eXgFmTdePPaqrnuiEc9Q5+Ig39Ps2DAUA0tKaLvkg==', N'VI72DQPQA7LXX6RDPHVMV6FXVHSPTJGL', N'c1bdb0d5-6b70-451e-b9b1-b75fede5e213', NULL, 0, 0, NULL, 1, 0, CAST(0.00 AS Decimal(18, 2)), NULL)
GO
INSERT [AspNetUsers] ([Id], [UserName], [NormalizedUserName], [Email], [NormalizedEmail], [EmailConfirmed], [PasswordHash], [SecurityStamp], [ConcurrencyStamp], [PhoneNumber], [PhoneNumberConfirmed], [TwoFactorEnabled], [LockoutEnd], [LockoutEnabled], [AccessFailedCount], [Balance], [DiscordId]) VALUES (20070, N'paulcrmr@icloud.com', N'PAULCRMR@ICLOUD.COM', N'paulcrmr@icloud.com', N'PAULCRMR@ICLOUD.COM', 1, N'AQAAAAEAACcQAAAAEIaFp1RkGmfEWuBPGjRuMBZXG6xHBDSFi8Eec1sSYcqWTiCU/rluW+CkxGYIGU/agw==', N'KMHLIUXUXG6BNQHJBY3ZK4PI7ONL3QC7', N'7c3cd705-3b72-4606-aee0-65e4657621a7', NULL, 0, 0, NULL, 1, 0, CAST(0.00 AS Decimal(18, 2)), N'231738998480044032')
GO
INSERT [AspNetUsers] ([Id], [UserName], [NormalizedUserName], [Email], [NormalizedEmail], [EmailConfirmed], [PasswordHash], [SecurityStamp], [ConcurrencyStamp], [PhoneNumber], [PhoneNumberConfirmed], [TwoFactorEnabled], [LockoutEnd], [LockoutEnabled], [AccessFailedCount], [Balance], [DiscordId]) VALUES (20071, N'zoneofshender@hotmail.com', N'ZONEOFSHENDER@HOTMAIL.COM', N'zoneofshender@hotmail.com', N'ZONEOFSHENDER@HOTMAIL.COM', 0, N'AQAAAAEAACcQAAAAEErcCik2LjfHkduuWuOOHmzv2vl9Q/SUA1rimh30KrHByvm5bjohskDaMSV9+Q0y6Q==', N'6NHCQDECIYWXFGZPQV33OEXZRSBSP6E4', N'1c0e9f33-9c8c-4e72-b65f-c0592ac081a2', NULL, 0, 0, NULL, 1, 0, CAST(0.00 AS Decimal(18, 2)), N'396628893051781124')
GO
INSERT [AspNetUsers] ([Id], [UserName], [NormalizedUserName], [Email], [NormalizedEmail], [EmailConfirmed], [PasswordHash], [SecurityStamp], [ConcurrencyStamp], [PhoneNumber], [PhoneNumberConfirmed], [TwoFactorEnabled], [LockoutEnd], [LockoutEnabled], [AccessFailedCount], [Balance], [DiscordId]) VALUES (20072, N'nguyenlamhoangkhang0@gmail.com', N'NGUYENLAMHOANGKHANG0@GMAIL.COM', N'nguyenlamhoangkhang0@gmail.com', N'NGUYENLAMHOANGKHANG0@GMAIL.COM', 1, N'AQAAAAEAACcQAAAAEDC/xTz2iG/i9zDTPWCugmzqCuUXo2fYT9f4qXwMUrcfMry4PsM6tDh6zrUKuTHv4A==', N'FLDQAK3CG5OSWRRGWNYSELOFUM4HNXAP', N'97419440-9083-4a6e-a6c3-31ad74c7f0af', NULL, 0, 0, NULL, 1, 0, CAST(0.00 AS Decimal(18, 2)), N'389349066640850944')
GO
INSERT [AspNetUsers] ([Id], [UserName], [NormalizedUserName], [Email], [NormalizedEmail], [EmailConfirmed], [PasswordHash], [SecurityStamp], [ConcurrencyStamp], [PhoneNumber], [PhoneNumberConfirmed], [TwoFactorEnabled], [LockoutEnd], [LockoutEnabled], [AccessFailedCount], [Balance], [DiscordId]) VALUES (20073, N'Tonyle.1537@gmail.com', N'TONYLE.1537@GMAIL.COM', N'Tonyle.1537@gmail.com', N'TONYLE.1537@GMAIL.COM', 1, N'AQAAAAEAACcQAAAAEE87IXXZ0sqNJ06tmbWZ620Ji0Hbfud1TfB8B/dj2zA/JbbClaZQMRu33/J/TglD8g==', N'6IEONDYJCYUNW5TZQK2OEJXNCA32YTSE', N'91ce6383-1650-41e4-a625-098184a70ab3', NULL, 0, 0, NULL, 1, 0, CAST(0.00 AS Decimal(18, 2)), N'137793786603503616')
GO
INSERT [AspNetUsers] ([Id], [UserName], [NormalizedUserName], [Email], [NormalizedEmail], [EmailConfirmed], [PasswordHash], [SecurityStamp], [ConcurrencyStamp], [PhoneNumber], [PhoneNumberConfirmed], [TwoFactorEnabled], [LockoutEnd], [LockoutEnabled], [AccessFailedCount], [Balance], [DiscordId]) VALUES (20074, N'thienbao1590@gmail.com', N'THIENBAO1590@GMAIL.COM', N'thienbao1590@gmail.com', N'THIENBAO1590@GMAIL.COM', 1, N'AQAAAAEAACcQAAAAEDThX4rC4DaLInK9j9oPE2SpxMpcA/aHeSwBULTZswxGyOb/O8Q8iku+r4f3jaBmeQ==', N'XDUZFWUJFMQ36KQYZKGMUE7JD2C2QFTC', N'89527ffc-6c3d-4161-8e36-d41e09865efd', NULL, 0, 0, NULL, 1, 0, CAST(0.00 AS Decimal(18, 2)), N'440504208546988032')
GO
INSERT [AspNetUsers] ([Id], [UserName], [NormalizedUserName], [Email], [NormalizedEmail], [EmailConfirmed], [PasswordHash], [SecurityStamp], [ConcurrencyStamp], [PhoneNumber], [PhoneNumberConfirmed], [TwoFactorEnabled], [LockoutEnd], [LockoutEnabled], [AccessFailedCount], [Balance], [DiscordId]) VALUES (20075, N'macakersmurf1@gmail.com', N'MACAKERSMURF1@GMAIL.COM', N'macakersmurf1@gmail.com', N'MACAKERSMURF1@GMAIL.COM', 1, N'AQAAAAEAACcQAAAAEDTioEqavhwF4K2HWX7PosHqKMGbuZThH2G3wUIrrp9PIdf5w0sCtD0M+S8J8W16Hg==', N'CFNKR62EQZ3IXTXTXVSFNUV7J7KTZXSR', N'b270ab7d-99ba-4217-b60b-3520dcd7d0e2', NULL, 0, 0, NULL, 1, 0, CAST(0.00 AS Decimal(18, 2)), N'690862046710988881')
GO
INSERT [AspNetUsers] ([Id], [UserName], [NormalizedUserName], [Email], [NormalizedEmail], [EmailConfirmed], [PasswordHash], [SecurityStamp], [ConcurrencyStamp], [PhoneNumber], [PhoneNumberConfirmed], [TwoFactorEnabled], [LockoutEnd], [LockoutEnabled], [AccessFailedCount], [Balance], [DiscordId]) VALUES (20076, N'matekhutsishvili6@gmail.com', N'MATEKHUTSISHVILI6@GMAIL.COM', N'matekhutsishvili6@gmail.com', N'MATEKHUTSISHVILI6@GMAIL.COM', 0, N'AQAAAAEAACcQAAAAENpdL55xkrx+rGHRj6xepVT6KAJS7qQ+Z6Ex4L/MBb+DWfbOXe0dcQKIct8P7dHGTw==', N'2UOKLGFFIAO6JZSGHFPNMPU7VRL563PG', N'3320f229-12a1-4028-8dcc-30358a1c7c54', NULL, 0, 0, NULL, 1, 0, CAST(0.00 AS Decimal(18, 2)), N'348708634932281344')
GO
INSERT [AspNetUsers] ([Id], [UserName], [NormalizedUserName], [Email], [NormalizedEmail], [EmailConfirmed], [PasswordHash], [SecurityStamp], [ConcurrencyStamp], [PhoneNumber], [PhoneNumberConfirmed], [TwoFactorEnabled], [LockoutEnd], [LockoutEnabled], [AccessFailedCount], [Balance], [DiscordId]) VALUES (20077, N'muscledeniz@gmail.com', N'MUSCLEDENIZ@GMAIL.COM', N'muscledeniz@gmail.com', N'MUSCLEDENIZ@GMAIL.COM', 1, N'AQAAAAEAACcQAAAAEKzpARHZ2WMB3LRTVt3hZrnhrplvRjiDQyT+pZes+ZtyuZ2+5IPVfp/dzZrYgTzfbg==', N'IMVWS6P4NREECBQMTBFRIJ4EVEJQPTME', N'd49a19cb-0ac5-489f-8ecc-67a6b4786148', NULL, 0, 0, NULL, 1, 0, CAST(0.00 AS Decimal(18, 2)), NULL)
GO
INSERT [AspNetUsers] ([Id], [UserName], [NormalizedUserName], [Email], [NormalizedEmail], [EmailConfirmed], [PasswordHash], [SecurityStamp], [ConcurrencyStamp], [PhoneNumber], [PhoneNumberConfirmed], [TwoFactorEnabled], [LockoutEnd], [LockoutEnabled], [AccessFailedCount], [Balance], [DiscordId]) VALUES (20078, N'mambab10@yahoo.com', N'MAMBAB10@YAHOO.COM', N'mambab10@yahoo.com', N'MAMBAB10@YAHOO.COM', 1, N'AQAAAAEAACcQAAAAEActhK6ijfWUcdoLrBsKP2wR8B8HSuOYXntlInrCTlkLKtt/3RQIzwmG/9zklUsDhw==', N'3POXP7T2YLY6T4ZZIBEHG5NJI4Z4A3U7', N'38b7348c-d77b-418f-8bfb-9dece1addb15', NULL, 0, 0, NULL, 1, 0, CAST(0.00 AS Decimal(18, 2)), N'506996084317356037')
GO
INSERT [AspNetUsers] ([Id], [UserName], [NormalizedUserName], [Email], [NormalizedEmail], [EmailConfirmed], [PasswordHash], [SecurityStamp], [ConcurrencyStamp], [PhoneNumber], [PhoneNumberConfirmed], [TwoFactorEnabled], [LockoutEnd], [LockoutEnabled], [AccessFailedCount], [Balance], [DiscordId]) VALUES (20079, N'wilkdaniel03@gmail.com', N'WILKDANIEL03@GMAIL.COM', N'wilkdaniel03@gmail.com', N'WILKDANIEL03@GMAIL.COM', 1, N'AQAAAAEAACcQAAAAEBxbwgLWE7Y752cvJDYtEzqbwRoT5uw0Qk+Bpt4GV7GTuObcCJHEYGL3WyaolZsqIg==', N'Y57AFRUCAOM6T7N7RUB7WGVW6RYRQVWB', N'6e73eac4-d9c3-46f1-a1cf-f29a72a88d70', NULL, 0, 0, NULL, 1, 0, CAST(0.00 AS Decimal(18, 2)), NULL)
GO
INSERT [AspNetUsers] ([Id], [UserName], [NormalizedUserName], [Email], [NormalizedEmail], [EmailConfirmed], [PasswordHash], [SecurityStamp], [ConcurrencyStamp], [PhoneNumber], [PhoneNumberConfirmed], [TwoFactorEnabled], [LockoutEnd], [LockoutEnabled], [AccessFailedCount], [Balance], [DiscordId]) VALUES (20080, N'ltalksbusiness@abv.bg', N'LTALKSBUSINESS@ABV.BG', N'ltalksbusiness@abv.bg', N'LTALKSBUSINESS@ABV.BG', 1, N'AQAAAAEAACcQAAAAEO1AzbNVLZM0618NkoaCoFhYYfmMHsN2EbFCzIQepS4Y8eb38C06YmkP08nJ/7fwIg==', N'6EY7JK44ROPEEOEMK6LAZXXL57LTUMWV', N'5ee84afc-1fcd-4711-b515-c8cae8c54d81', NULL, 0, 0, NULL, 1, 0, CAST(0.00 AS Decimal(18, 2)), N'227031867570913281')
GO
INSERT [AspNetUsers] ([Id], [UserName], [NormalizedUserName], [Email], [NormalizedEmail], [EmailConfirmed], [PasswordHash], [SecurityStamp], [ConcurrencyStamp], [PhoneNumber], [PhoneNumberConfirmed], [TwoFactorEnabled], [LockoutEnd], [LockoutEnabled], [AccessFailedCount], [Balance], [DiscordId]) VALUES (20081, N'yuramakak@gmail.com', N'YURAMAKAK@GMAIL.COM', N'yuramakak@gmail.com', N'YURAMAKAK@GMAIL.COM', 1, N'AQAAAAEAACcQAAAAEOq/k4FZqfUHJ3tWs+qo2VaROntoZ6d9kLQUskF1lXz0CxJ2TEiChVMvgbFdqhGpvw==', N'HLTW74BFCH2FNLRRUVHP4P3WN5GB2A3N', N'880ad572-1076-4bd7-8f66-86a4832a065a', NULL, 0, 0, NULL, 1, 0, CAST(0.00 AS Decimal(18, 2)), N'297762315141382154')
GO
INSERT [AspNetUsers] ([Id], [UserName], [NormalizedUserName], [Email], [NormalizedEmail], [EmailConfirmed], [PasswordHash], [SecurityStamp], [ConcurrencyStamp], [PhoneNumber], [PhoneNumberConfirmed], [TwoFactorEnabled], [LockoutEnd], [LockoutEnabled], [AccessFailedCount], [Balance], [DiscordId]) VALUES (20082, N'smurfkeolan@gmail.com', N'SMURFKEOLAN@GMAIL.COM', N'smurfkeolan@gmail.com', N'SMURFKEOLAN@GMAIL.COM', 0, N'AQAAAAEAACcQAAAAEEMBIVjMzYwSB8+xDfxS5k7j9lCV4GWL0k2uVtfFJxPgWedr/Mm3upu51xto7sX4AQ==', N'235627IFY2KS2X2PWUA242AW5O3TKH7R', N'334227a5-783e-4420-b460-40af8f54ee1d', NULL, 0, 0, NULL, 1, 0, CAST(0.00 AS Decimal(18, 2)), NULL)
GO
INSERT [AspNetUsers] ([Id], [UserName], [NormalizedUserName], [Email], [NormalizedEmail], [EmailConfirmed], [PasswordHash], [SecurityStamp], [ConcurrencyStamp], [PhoneNumber], [PhoneNumberConfirmed], [TwoFactorEnabled], [LockoutEnd], [LockoutEnabled], [AccessFailedCount], [Balance], [DiscordId]) VALUES (20083, N'robert.wardell@sgsco.com', N'ROBERT.WARDELL@SGSCO.COM', N'robert.wardell@sgsco.com', N'ROBERT.WARDELL@SGSCO.COM', 0, N'AQAAAAEAACcQAAAAEO3aX4N8bqtMR4o6zDSVLI909UUs3TbNHpmLGx4KfHzAPgwtqyTk+++cmXkBFwofZw==', N'GUFSNXGDYS45ZHAZKLTRP25B5BUMQRB7', N'50017cfe-3f1c-453a-a8ad-e03dd66503f6', NULL, 0, 0, NULL, 1, 0, CAST(0.00 AS Decimal(18, 2)), NULL)
GO
INSERT [AspNetUsers] ([Id], [UserName], [NormalizedUserName], [Email], [NormalizedEmail], [EmailConfirmed], [PasswordHash], [SecurityStamp], [ConcurrencyStamp], [PhoneNumber], [PhoneNumberConfirmed], [TwoFactorEnabled], [LockoutEnd], [LockoutEnabled], [AccessFailedCount], [Balance], [DiscordId]) VALUES (20084, N'3455656445er@gmail.com', N'3455656445ER@GMAIL.COM', N'3455656445er@gmail.com', N'3455656445ER@GMAIL.COM', 1, N'AQAAAAEAACcQAAAAEPXaHh8WuwGBKtC11XY6ee4XbGsmX+8c7270LqeR16GkAilELmPZkevwjTgY8PhOMw==', N'YFXNMVN4E42MOTUJKYCDE4UM25SICD24', N'f039f747-78e1-4d59-9ee3-472416081ba3', NULL, 0, 0, NULL, 1, 0, CAST(0.00 AS Decimal(18, 2)), NULL)
GO
INSERT [AspNetUsers] ([Id], [UserName], [NormalizedUserName], [Email], [NormalizedEmail], [EmailConfirmed], [PasswordHash], [SecurityStamp], [ConcurrencyStamp], [PhoneNumber], [PhoneNumberConfirmed], [TwoFactorEnabled], [LockoutEnd], [LockoutEnabled], [AccessFailedCount], [Balance], [DiscordId]) VALUES (20085, N'TestBoosterName', N'TESTBOOSTERNAME', N'bobbyTest@hotmail.com', N'BOBBYTEST@HOTMAIL.COM', 0, N'AQAAAAEAACcQAAAAEGgNSPGEDr9tQvgfi/XVolYM2zE9ZFw03jG/d/Rp5zmO2rU2TQkdU/YDkJITtjSXww==', N'WAU3VURD4GVDFQMZAUNMJD5NQOYBLIYA', N'76c33dfc-511f-4e81-8cf5-f478c0e5d3e8', NULL, 0, 0, NULL, 1, 0, CAST(0.00 AS Decimal(18, 2)), NULL)
GO
SET IDENTITY_INSERT [AspNetUsers] OFF
GO
SET IDENTITY_INSERT [BoostingModel] ON 

GO
INSERT [BoostingModel] ([Id], [YourCurrentLeague], [DesiredCurrentLeague], [CurrentDivision], [DesiredCurrentDivision], [CurrentLP], [Server], [TypeOfQueue], [SpecificRolesTop], [SpecificRolesJungle], [SpecificRolesMiddle], [SpecificRolesADC], [SpecificRolesSupport], [TypeOfDuoRegular], [TypeOfDuoPremium], [SpecificChampions], [VPN], [DiscountCode]) VALUES (1, N'Silver', N'Gold', N'II', N'IV', N'LP 81-100', N'Europe West', N'Solo/Duo (5v5)', N'false', N'false', N'false', N'false', N'false', NULL, NULL, NULL, 0, NULL)
GO
INSERT [BoostingModel] ([Id], [YourCurrentLeague], [DesiredCurrentLeague], [CurrentDivision], [DesiredCurrentDivision], [CurrentLP], [Server], [TypeOfQueue], [SpecificRolesTop], [SpecificRolesJungle], [SpecificRolesMiddle], [SpecificRolesADC], [SpecificRolesSupport], [TypeOfDuoRegular], [TypeOfDuoPremium], [SpecificChampions], [VPN], [DiscountCode]) VALUES (2, N'Platinum', N'Diamond', N'I', N'IV', N'LP 81-100', N'Oceania', N'Solo/Duo (5v5)', N'false', N'Jungle', N'false', N'false', N'false', NULL, NULL, N'Nunu & Willump, Kayn, Ekko, Khazix, Volibear, Warwick, Xin zhao, J4, Olaf, Hecarim, VI', 1, NULL)
GO
INSERT [BoostingModel] ([Id], [YourCurrentLeague], [DesiredCurrentLeague], [CurrentDivision], [DesiredCurrentDivision], [CurrentLP], [Server], [TypeOfQueue], [SpecificRolesTop], [SpecificRolesJungle], [SpecificRolesMiddle], [SpecificRolesADC], [SpecificRolesSupport], [TypeOfDuoRegular], [TypeOfDuoPremium], [SpecificChampions], [VPN], [DiscountCode]) VALUES (3, N'Platinum', N'Platinum', N'II', N'I', N'LP 0-20', N'Europe West', N'Solo/Duo (5v5)', NULL, NULL, NULL, NULL, NULL, N'Regular', N'false', NULL, 0, NULL)
GO
INSERT [BoostingModel] ([Id], [YourCurrentLeague], [DesiredCurrentLeague], [CurrentDivision], [DesiredCurrentDivision], [CurrentLP], [Server], [TypeOfQueue], [SpecificRolesTop], [SpecificRolesJungle], [SpecificRolesMiddle], [SpecificRolesADC], [SpecificRolesSupport], [TypeOfDuoRegular], [TypeOfDuoPremium], [SpecificChampions], [VPN], [DiscountCode]) VALUES (4, N'Gold', N'Platinum', N'IV', N'IV', N'LP 0-20', N'North America', N'Solo/Duo (5v5)', N'false', N'Jungle', N'false', N'ADC', N'false', NULL, NULL, NULL, 1, N'SiteLaunch15')
GO
INSERT [BoostingModel] ([Id], [YourCurrentLeague], [DesiredCurrentLeague], [CurrentDivision], [DesiredCurrentDivision], [CurrentLP], [Server], [TypeOfQueue], [SpecificRolesTop], [SpecificRolesJungle], [SpecificRolesMiddle], [SpecificRolesADC], [SpecificRolesSupport], [TypeOfDuoRegular], [TypeOfDuoPremium], [SpecificChampions], [VPN], [DiscountCode]) VALUES (5, N'Platinum', N'Diamond', N'II', N'IV', N'LP 0-20', N'Europe West', N'Solo/Duo (5v5)', N'false', N'false', N'false', N'false', N'false', NULL, NULL, NULL, 0, NULL)
GO
INSERT [BoostingModel] ([Id], [YourCurrentLeague], [DesiredCurrentLeague], [CurrentDivision], [DesiredCurrentDivision], [CurrentLP], [Server], [TypeOfQueue], [SpecificRolesTop], [SpecificRolesJungle], [SpecificRolesMiddle], [SpecificRolesADC], [SpecificRolesSupport], [TypeOfDuoRegular], [TypeOfDuoPremium], [SpecificChampions], [VPN], [DiscountCode]) VALUES (6, N'Platinum', N'Diamond', N'II', N'IV', N'LP 0-20', N'North America', N'Solo/Duo (5v5)', N'false', N'false', N'false', N'false', N'false', NULL, NULL, NULL, 0, N'SiteLaunch15')
GO
INSERT [BoostingModel] ([Id], [YourCurrentLeague], [DesiredCurrentLeague], [CurrentDivision], [DesiredCurrentDivision], [CurrentLP], [Server], [TypeOfQueue], [SpecificRolesTop], [SpecificRolesJungle], [SpecificRolesMiddle], [SpecificRolesADC], [SpecificRolesSupport], [TypeOfDuoRegular], [TypeOfDuoPremium], [SpecificChampions], [VPN], [DiscountCode]) VALUES (7, N'Platinum', N'Diamond', N'I', N'IV', N'LP 21-40', N'Oceania', N'Solo/Duo (5v5)', N'false', N'Jungle', N'false', N'false', N'false', NULL, NULL, N'Nunu, Kayn, Ekko, Olaf, Sej, sylas, jarvan, voli bear, xin, khazix, ', 1, NULL)
GO
INSERT [BoostingModel] ([Id], [YourCurrentLeague], [DesiredCurrentLeague], [CurrentDivision], [DesiredCurrentDivision], [CurrentLP], [Server], [TypeOfQueue], [SpecificRolesTop], [SpecificRolesJungle], [SpecificRolesMiddle], [SpecificRolesADC], [SpecificRolesSupport], [TypeOfDuoRegular], [TypeOfDuoPremium], [SpecificChampions], [VPN], [DiscountCode]) VALUES (8, N'Silver', N'Gold', N'I', N'IV', N'LP 21-40', N'Europe West', N'Solo/Duo (5v5)', NULL, NULL, NULL, NULL, NULL, N'false', N'Premium', NULL, 0, N'SiteLaunch15')
GO
INSERT [BoostingModel] ([Id], [YourCurrentLeague], [DesiredCurrentLeague], [CurrentDivision], [DesiredCurrentDivision], [CurrentLP], [Server], [TypeOfQueue], [SpecificRolesTop], [SpecificRolesJungle], [SpecificRolesMiddle], [SpecificRolesADC], [SpecificRolesSupport], [TypeOfDuoRegular], [TypeOfDuoPremium], [SpecificChampions], [VPN], [DiscountCode]) VALUES (9, N'Platinum', N'Diamond', N'I', N'IV', N'LP 0-20', N'Oceania', N'Solo/Duo (5v5)', N'false', N'false', N'Middle', N'false', N'Support', NULL, NULL, N'Mid: LB/Akali, Support: pantheon/thresh/lulu/karma', 0, NULL)
GO
INSERT [BoostingModel] ([Id], [YourCurrentLeague], [DesiredCurrentLeague], [CurrentDivision], [DesiredCurrentDivision], [CurrentLP], [Server], [TypeOfQueue], [SpecificRolesTop], [SpecificRolesJungle], [SpecificRolesMiddle], [SpecificRolesADC], [SpecificRolesSupport], [TypeOfDuoRegular], [TypeOfDuoPremium], [SpecificChampions], [VPN], [DiscountCode]) VALUES (10, N'Platinum', N'Diamond', N'IV', N'IV', N'LP 0-20', N'Oceania', N'Solo/Duo (5v5)', N'false', N'false', N'false', N'false', N'false', NULL, NULL, NULL, 0, N'SiteLaunch15')
GO
INSERT [BoostingModel] ([Id], [YourCurrentLeague], [DesiredCurrentLeague], [CurrentDivision], [DesiredCurrentDivision], [CurrentLP], [Server], [TypeOfQueue], [SpecificRolesTop], [SpecificRolesJungle], [SpecificRolesMiddle], [SpecificRolesADC], [SpecificRolesSupport], [TypeOfDuoRegular], [TypeOfDuoPremium], [SpecificChampions], [VPN], [DiscountCode]) VALUES (11, N'Bronze', N'Bronze', N'IV', N'III', N'LP 0-20', N'North America', N'Solo/Duo (5v5)', NULL, NULL, NULL, NULL, NULL, N'false', N'Premium', NULL, 0, N'SiteLaunch15')
GO
INSERT [BoostingModel] ([Id], [YourCurrentLeague], [DesiredCurrentLeague], [CurrentDivision], [DesiredCurrentDivision], [CurrentLP], [Server], [TypeOfQueue], [SpecificRolesTop], [SpecificRolesJungle], [SpecificRolesMiddle], [SpecificRolesADC], [SpecificRolesSupport], [TypeOfDuoRegular], [TypeOfDuoPremium], [SpecificChampions], [VPN], [DiscountCode]) VALUES (12, N'Gold', N'Platinum', N'III', N'IV', N'LP 0-20', N'Europe West', N'Solo/Duo (5v5)', NULL, NULL, NULL, NULL, NULL, N'Regular', N'false', NULL, 0, N'SiteLaunch15')
GO
INSERT [BoostingModel] ([Id], [YourCurrentLeague], [DesiredCurrentLeague], [CurrentDivision], [DesiredCurrentDivision], [CurrentLP], [Server], [TypeOfQueue], [SpecificRolesTop], [SpecificRolesJungle], [SpecificRolesMiddle], [SpecificRolesADC], [SpecificRolesSupport], [TypeOfDuoRegular], [TypeOfDuoPremium], [SpecificChampions], [VPN], [DiscountCode]) VALUES (13, N'Gold', N'Gold', N'IV', N'II', N'LP 61-80', N'North America', N'Solo/Duo (5v5)', N'false', N'false', N'false', N'false', N'false', NULL, NULL, NULL, 0, N'SiteLaunch15')
GO
INSERT [BoostingModel] ([Id], [YourCurrentLeague], [DesiredCurrentLeague], [CurrentDivision], [DesiredCurrentDivision], [CurrentLP], [Server], [TypeOfQueue], [SpecificRolesTop], [SpecificRolesJungle], [SpecificRolesMiddle], [SpecificRolesADC], [SpecificRolesSupport], [TypeOfDuoRegular], [TypeOfDuoPremium], [SpecificChampions], [VPN], [DiscountCode]) VALUES (14, N'Iron', N'Bronze', N'IV', N'IV', N'LP 0-20', N'Europe West', N'Solo/Duo (5v5)', N'false', N'false', N'false', N'false', N'false', NULL, NULL, NULL, 0, NULL)
GO
INSERT [BoostingModel] ([Id], [YourCurrentLeague], [DesiredCurrentLeague], [CurrentDivision], [DesiredCurrentDivision], [CurrentLP], [Server], [TypeOfQueue], [SpecificRolesTop], [SpecificRolesJungle], [SpecificRolesMiddle], [SpecificRolesADC], [SpecificRolesSupport], [TypeOfDuoRegular], [TypeOfDuoPremium], [SpecificChampions], [VPN], [DiscountCode]) VALUES (15, N'Platinum', N'Diamond', N'I', N'IV', N'LP 61-80', N'North America', N'Solo/Duo (5v5)', NULL, NULL, NULL, NULL, NULL, N'false', N'Premium', NULL, 0, N'SiteLaunch15')
GO
INSERT [BoostingModel] ([Id], [YourCurrentLeague], [DesiredCurrentLeague], [CurrentDivision], [DesiredCurrentDivision], [CurrentLP], [Server], [TypeOfQueue], [SpecificRolesTop], [SpecificRolesJungle], [SpecificRolesMiddle], [SpecificRolesADC], [SpecificRolesSupport], [TypeOfDuoRegular], [TypeOfDuoPremium], [SpecificChampions], [VPN], [DiscountCode]) VALUES (16, N'Bronze', N'Bronze', N'III', N'II', N'LP 0-20', N'North America', N'Solo/Duo (5v5)', NULL, NULL, NULL, NULL, NULL, N'false', N'Premium', NULL, 0, NULL)
GO
INSERT [BoostingModel] ([Id], [YourCurrentLeague], [DesiredCurrentLeague], [CurrentDivision], [DesiredCurrentDivision], [CurrentLP], [Server], [TypeOfQueue], [SpecificRolesTop], [SpecificRolesJungle], [SpecificRolesMiddle], [SpecificRolesADC], [SpecificRolesSupport], [TypeOfDuoRegular], [TypeOfDuoPremium], [SpecificChampions], [VPN], [DiscountCode]) VALUES (17, N'Diamond', N'Master', N'I', N'IV', N'LP 61-80', N'Europe West', N'Solo/Duo (5v5)', N'false', N'false', N'false', N'false', N'Support', NULL, NULL, N'Lulu, Janna, Yuumi, Soraka', 1, N'ByeS10')
GO
INSERT [BoostingModel] ([Id], [YourCurrentLeague], [DesiredCurrentLeague], [CurrentDivision], [DesiredCurrentDivision], [CurrentLP], [Server], [TypeOfQueue], [SpecificRolesTop], [SpecificRolesJungle], [SpecificRolesMiddle], [SpecificRolesADC], [SpecificRolesSupport], [TypeOfDuoRegular], [TypeOfDuoPremium], [SpecificChampions], [VPN], [DiscountCode]) VALUES (19, N'Platinum', N'Platinum', N'IV', N'II', N'LP 41-60', N'North America', N'Solo/Duo (5v5)', N'false', N'false', N'false', N'false', N'false', NULL, NULL, N'kassadin, zed, twisted fate, talon, viktor, zac, khazix, lee sin, hecarim, kayn, any ADC besides kalista, vayne, samira, any support', 1, N'SiteLaunch15')
GO
INSERT [BoostingModel] ([Id], [YourCurrentLeague], [DesiredCurrentLeague], [CurrentDivision], [DesiredCurrentDivision], [CurrentLP], [Server], [TypeOfQueue], [SpecificRolesTop], [SpecificRolesJungle], [SpecificRolesMiddle], [SpecificRolesADC], [SpecificRolesSupport], [TypeOfDuoRegular], [TypeOfDuoPremium], [SpecificChampions], [VPN], [DiscountCode]) VALUES (20, N'Platinum', N'Diamond', N'IV', N'IV', N'LP 21-40', N'North America', N'Solo/Duo (5v5)', N'false', N'false', N'false', N'false', N'false', NULL, NULL, NULL, 1, N'ByeS10')
GO
INSERT [BoostingModel] ([Id], [YourCurrentLeague], [DesiredCurrentLeague], [CurrentDivision], [DesiredCurrentDivision], [CurrentLP], [Server], [TypeOfQueue], [SpecificRolesTop], [SpecificRolesJungle], [SpecificRolesMiddle], [SpecificRolesADC], [SpecificRolesSupport], [TypeOfDuoRegular], [TypeOfDuoPremium], [SpecificChampions], [VPN], [DiscountCode]) VALUES (21, N'Platinum', N'Diamond', N'I', N'IV', N'LP 0-20', N'Europe West', N'Solo/Duo (5v5)', NULL, NULL, NULL, NULL, NULL, N'Regular', N'false', NULL, 0, N'ByeS10')
GO
INSERT [BoostingModel] ([Id], [YourCurrentLeague], [DesiredCurrentLeague], [CurrentDivision], [DesiredCurrentDivision], [CurrentLP], [Server], [TypeOfQueue], [SpecificRolesTop], [SpecificRolesJungle], [SpecificRolesMiddle], [SpecificRolesADC], [SpecificRolesSupport], [TypeOfDuoRegular], [TypeOfDuoPremium], [SpecificChampions], [VPN], [DiscountCode]) VALUES (22, N'Gold', N'Platinum', N'IV', N'II', N'LP 0-20', N'North America', N'Solo/Duo (5v5)', N'Top', N'false', N'false', N'false', N'false', NULL, NULL, N'Renekton', 1, N'ByeS10')
GO
INSERT [BoostingModel] ([Id], [YourCurrentLeague], [DesiredCurrentLeague], [CurrentDivision], [DesiredCurrentDivision], [CurrentLP], [Server], [TypeOfQueue], [SpecificRolesTop], [SpecificRolesJungle], [SpecificRolesMiddle], [SpecificRolesADC], [SpecificRolesSupport], [TypeOfDuoRegular], [TypeOfDuoPremium], [SpecificChampions], [VPN], [DiscountCode]) VALUES (23, N'Diamond', N'Diamond', N'IV', N'III', N'LP 0-20', N'Oceania', N'Solo/Duo (5v5)', NULL, NULL, NULL, NULL, NULL, N'Regular', N'false', NULL, 0, N'SiteLaunch15')
GO
INSERT [BoostingModel] ([Id], [YourCurrentLeague], [DesiredCurrentLeague], [CurrentDivision], [DesiredCurrentDivision], [CurrentLP], [Server], [TypeOfQueue], [SpecificRolesTop], [SpecificRolesJungle], [SpecificRolesMiddle], [SpecificRolesADC], [SpecificRolesSupport], [TypeOfDuoRegular], [TypeOfDuoPremium], [SpecificChampions], [VPN], [DiscountCode]) VALUES (24, N'Bronze', N'Silver', N'II', N'IV', N'LP 0-20', N'North America', N'Solo/Duo (5v5)', NULL, NULL, NULL, NULL, NULL, N'Regular', N'false', NULL, 0, NULL)
GO
INSERT [BoostingModel] ([Id], [YourCurrentLeague], [DesiredCurrentLeague], [CurrentDivision], [DesiredCurrentDivision], [CurrentLP], [Server], [TypeOfQueue], [SpecificRolesTop], [SpecificRolesJungle], [SpecificRolesMiddle], [SpecificRolesADC], [SpecificRolesSupport], [TypeOfDuoRegular], [TypeOfDuoPremium], [SpecificChampions], [VPN], [DiscountCode]) VALUES (25, N'Silver', N'Platinum', N'II', N'IV', N'LP 81-100', N'North America', N'Solo/Duo (5v5)', N'false', N'false', N'false', N'false', N'false', NULL, NULL, NULL, 1, N'ByeS10')
GO
INSERT [BoostingModel] ([Id], [YourCurrentLeague], [DesiredCurrentLeague], [CurrentDivision], [DesiredCurrentDivision], [CurrentLP], [Server], [TypeOfQueue], [SpecificRolesTop], [SpecificRolesJungle], [SpecificRolesMiddle], [SpecificRolesADC], [SpecificRolesSupport], [TypeOfDuoRegular], [TypeOfDuoPremium], [SpecificChampions], [VPN], [DiscountCode]) VALUES (26, N'Platinum', N'Diamond', N'II', N'IV', N'LP 0-20', N'North America', N'Solo/Duo (5v5)', NULL, NULL, NULL, NULL, NULL, N'Regular', N'false', NULL, 0, N'SiteLaunch15')
GO
INSERT [BoostingModel] ([Id], [YourCurrentLeague], [DesiredCurrentLeague], [CurrentDivision], [DesiredCurrentDivision], [CurrentLP], [Server], [TypeOfQueue], [SpecificRolesTop], [SpecificRolesJungle], [SpecificRolesMiddle], [SpecificRolesADC], [SpecificRolesSupport], [TypeOfDuoRegular], [TypeOfDuoPremium], [SpecificChampions], [VPN], [DiscountCode]) VALUES (27, N'Platinum', N'Platinum', N'IV', N'III', N'LP 0-20', N'North America', N'Solo/Duo (5v5)', N'false', N'false', N'false', N'false', N'false', NULL, NULL, NULL, 0, N'ByeS10')
GO
INSERT [BoostingModel] ([Id], [YourCurrentLeague], [DesiredCurrentLeague], [CurrentDivision], [DesiredCurrentDivision], [CurrentLP], [Server], [TypeOfQueue], [SpecificRolesTop], [SpecificRolesJungle], [SpecificRolesMiddle], [SpecificRolesADC], [SpecificRolesSupport], [TypeOfDuoRegular], [TypeOfDuoPremium], [SpecificChampions], [VPN], [DiscountCode]) VALUES (28, N'Platinum', N'Diamond', N'II', N'IV', N'LP 0-20', N'North America', N'Solo/Duo (5v5)', N'false', N'false', N'false', N'false', N'false', NULL, NULL, NULL, 0, N'ByeS10')
GO
INSERT [BoostingModel] ([Id], [YourCurrentLeague], [DesiredCurrentLeague], [CurrentDivision], [DesiredCurrentDivision], [CurrentLP], [Server], [TypeOfQueue], [SpecificRolesTop], [SpecificRolesJungle], [SpecificRolesMiddle], [SpecificRolesADC], [SpecificRolesSupport], [TypeOfDuoRegular], [TypeOfDuoPremium], [SpecificChampions], [VPN], [DiscountCode]) VALUES (29, N'Platinum', N'Diamond', N'III', N'IV', N'LP 41-60', N'North America', N'Solo/Duo (5v5)', N'false', N'false', N'false', N'false', N'false', NULL, NULL, NULL, 1, NULL)
GO
INSERT [BoostingModel] ([Id], [YourCurrentLeague], [DesiredCurrentLeague], [CurrentDivision], [DesiredCurrentDivision], [CurrentLP], [Server], [TypeOfQueue], [SpecificRolesTop], [SpecificRolesJungle], [SpecificRolesMiddle], [SpecificRolesADC], [SpecificRolesSupport], [TypeOfDuoRegular], [TypeOfDuoPremium], [SpecificChampions], [VPN], [DiscountCode]) VALUES (30, N'Platinum', N'Diamond', N'I', N'IV', N'LP 21-40', N'Europe West', N'Solo/Duo (5v5)', NULL, NULL, NULL, NULL, NULL, N'Regular', N'false', NULL, 0, NULL)
GO
INSERT [BoostingModel] ([Id], [YourCurrentLeague], [DesiredCurrentLeague], [CurrentDivision], [DesiredCurrentDivision], [CurrentLP], [Server], [TypeOfQueue], [SpecificRolesTop], [SpecificRolesJungle], [SpecificRolesMiddle], [SpecificRolesADC], [SpecificRolesSupport], [TypeOfDuoRegular], [TypeOfDuoPremium], [SpecificChampions], [VPN], [DiscountCode]) VALUES (31, N'Platinum', N'Diamond', N'III', N'IV', N'LP 41-60', N'Europe West', N'Solo/Duo (5v5)', NULL, NULL, NULL, NULL, NULL, N'Regular', N'false', NULL, 0, N'ByeS10')
GO
INSERT [BoostingModel] ([Id], [YourCurrentLeague], [DesiredCurrentLeague], [CurrentDivision], [DesiredCurrentDivision], [CurrentLP], [Server], [TypeOfQueue], [SpecificRolesTop], [SpecificRolesJungle], [SpecificRolesMiddle], [SpecificRolesADC], [SpecificRolesSupport], [TypeOfDuoRegular], [TypeOfDuoPremium], [SpecificChampions], [VPN], [DiscountCode]) VALUES (32, N'Gold', N'Platinum', N'III', N'IV', N'LP 0-20', N'Europe West', N'Solo/Duo (5v5)', NULL, NULL, NULL, NULL, NULL, N'false', N'Premium', NULL, 0, N'ByeS10')
GO
INSERT [BoostingModel] ([Id], [YourCurrentLeague], [DesiredCurrentLeague], [CurrentDivision], [DesiredCurrentDivision], [CurrentLP], [Server], [TypeOfQueue], [SpecificRolesTop], [SpecificRolesJungle], [SpecificRolesMiddle], [SpecificRolesADC], [SpecificRolesSupport], [TypeOfDuoRegular], [TypeOfDuoPremium], [SpecificChampions], [VPN], [DiscountCode]) VALUES (33, N'Silver', N'Gold', N'I', N'IV', N'LP 0-20', N'Europe West', N'Solo/Duo (5v5)', NULL, NULL, NULL, NULL, NULL, N'Regular', N'false', NULL, 0, N'SiteLaunch15')
GO
INSERT [BoostingModel] ([Id], [YourCurrentLeague], [DesiredCurrentLeague], [CurrentDivision], [DesiredCurrentDivision], [CurrentLP], [Server], [TypeOfQueue], [SpecificRolesTop], [SpecificRolesJungle], [SpecificRolesMiddle], [SpecificRolesADC], [SpecificRolesSupport], [TypeOfDuoRegular], [TypeOfDuoPremium], [SpecificChampions], [VPN], [DiscountCode]) VALUES (34, N'Platinum', N'Diamond', N'IV', N'IV', N'LP 0-20', N'North America', N'Solo/Duo (5v5)', N'false', N'false', N'false', N'false', N'false', NULL, NULL, N'Lee, Zac, Kha, Volibear, Graves, Sejuani, Miss fortune, Caitlyn, Ezreal, Lucian, Ashe, Tristana', 1, N'ByeS10')
GO
INSERT [BoostingModel] ([Id], [YourCurrentLeague], [DesiredCurrentLeague], [CurrentDivision], [DesiredCurrentDivision], [CurrentLP], [Server], [TypeOfQueue], [SpecificRolesTop], [SpecificRolesJungle], [SpecificRolesMiddle], [SpecificRolesADC], [SpecificRolesSupport], [TypeOfDuoRegular], [TypeOfDuoPremium], [SpecificChampions], [VPN], [DiscountCode]) VALUES (35, N'Gold', N'Gold', N'IV', N'III', N'LP 0-20', N'Europe Nordic &amp; East', N'Solo/Duo (5v5)', NULL, NULL, NULL, NULL, NULL, N'Regular', N'false', NULL, 0, NULL)
GO
INSERT [BoostingModel] ([Id], [YourCurrentLeague], [DesiredCurrentLeague], [CurrentDivision], [DesiredCurrentDivision], [CurrentLP], [Server], [TypeOfQueue], [SpecificRolesTop], [SpecificRolesJungle], [SpecificRolesMiddle], [SpecificRolesADC], [SpecificRolesSupport], [TypeOfDuoRegular], [TypeOfDuoPremium], [SpecificChampions], [VPN], [DiscountCode]) VALUES (36, N'Silver', N'Gold', N'II', N'IV', N'LP 0-20', N'Oceania', N'Solo/Duo (5v5)', N'false', N'false', N'false', N'false', N'false', NULL, NULL, NULL, 0, N'ByeS10')
GO
INSERT [BoostingModel] ([Id], [YourCurrentLeague], [DesiredCurrentLeague], [CurrentDivision], [DesiredCurrentDivision], [CurrentLP], [Server], [TypeOfQueue], [SpecificRolesTop], [SpecificRolesJungle], [SpecificRolesMiddle], [SpecificRolesADC], [SpecificRolesSupport], [TypeOfDuoRegular], [TypeOfDuoPremium], [SpecificChampions], [VPN], [DiscountCode]) VALUES (37, N'Platinum', N'Platinum', N'III', N'II', N'LP 0-20', N'North America', N'Solo/Duo (5v5)', N'false', N'false', N'false', N'false', N'false', NULL, NULL, NULL, 0, N'ByeS10')
GO
INSERT [BoostingModel] ([Id], [YourCurrentLeague], [DesiredCurrentLeague], [CurrentDivision], [DesiredCurrentDivision], [CurrentLP], [Server], [TypeOfQueue], [SpecificRolesTop], [SpecificRolesJungle], [SpecificRolesMiddle], [SpecificRolesADC], [SpecificRolesSupport], [TypeOfDuoRegular], [TypeOfDuoPremium], [SpecificChampions], [VPN], [DiscountCode]) VALUES (38, N'Silver', N'Gold', N'III', N'IV', N'LP 21-40', N'Europe West', N'Solo/Duo (5v5)', NULL, NULL, NULL, NULL, NULL, N'false', N'Premium', NULL, 0, N'ByeS10')
GO
INSERT [BoostingModel] ([Id], [YourCurrentLeague], [DesiredCurrentLeague], [CurrentDivision], [DesiredCurrentDivision], [CurrentLP], [Server], [TypeOfQueue], [SpecificRolesTop], [SpecificRolesJungle], [SpecificRolesMiddle], [SpecificRolesADC], [SpecificRolesSupport], [TypeOfDuoRegular], [TypeOfDuoPremium], [SpecificChampions], [VPN], [DiscountCode]) VALUES (39, N'Silver', N'Gold', N'I', N'IV', N'LP 61-80', N'Europe West', N'Solo/Duo (5v5)', NULL, NULL, NULL, NULL, NULL, N'Regular', N'false', NULL, 0, N'ByeS10')
GO
INSERT [BoostingModel] ([Id], [YourCurrentLeague], [DesiredCurrentLeague], [CurrentDivision], [DesiredCurrentDivision], [CurrentLP], [Server], [TypeOfQueue], [SpecificRolesTop], [SpecificRolesJungle], [SpecificRolesMiddle], [SpecificRolesADC], [SpecificRolesSupport], [TypeOfDuoRegular], [TypeOfDuoPremium], [SpecificChampions], [VPN], [DiscountCode]) VALUES (40, N'Silver', N'Gold', N'I', N'IV', N'LP 0-20', N'North America', N'Solo/Duo (5v5)', N'false', N'false', N'false', N'false', N'Support', NULL, NULL, NULL, 1, NULL)
GO
INSERT [BoostingModel] ([Id], [YourCurrentLeague], [DesiredCurrentLeague], [CurrentDivision], [DesiredCurrentDivision], [CurrentLP], [Server], [TypeOfQueue], [SpecificRolesTop], [SpecificRolesJungle], [SpecificRolesMiddle], [SpecificRolesADC], [SpecificRolesSupport], [TypeOfDuoRegular], [TypeOfDuoPremium], [SpecificChampions], [VPN], [DiscountCode]) VALUES (41, N'Platinum', N'Diamond', N'I', N'IV', N'LP 81-100', N'Russia', N'Solo/Duo (5v5)', N'false', N'false', N'false', N'false', N'false', NULL, NULL, NULL, 1, N'ByeS10')
GO
INSERT [BoostingModel] ([Id], [YourCurrentLeague], [DesiredCurrentLeague], [CurrentDivision], [DesiredCurrentDivision], [CurrentLP], [Server], [TypeOfQueue], [SpecificRolesTop], [SpecificRolesJungle], [SpecificRolesMiddle], [SpecificRolesADC], [SpecificRolesSupport], [TypeOfDuoRegular], [TypeOfDuoPremium], [SpecificChampions], [VPN], [DiscountCode]) VALUES (42, N'Silver', N'Gold', N'I', N'IV', N'LP 0-20', N'Europe West', N'Solo/Duo (5v5)', N'Top', N'Jungle', N'false', N'false', N'false', NULL, NULL, N'Nunu, Zac, Volibear, Trundle , Ekko, Amumu, Master Yi, Vi, Evelynn, Garen, Warwick, Sion, Camille, Wukong, Nautilus', 1, NULL)
GO
INSERT [BoostingModel] ([Id], [YourCurrentLeague], [DesiredCurrentLeague], [CurrentDivision], [DesiredCurrentDivision], [CurrentLP], [Server], [TypeOfQueue], [SpecificRolesTop], [SpecificRolesJungle], [SpecificRolesMiddle], [SpecificRolesADC], [SpecificRolesSupport], [TypeOfDuoRegular], [TypeOfDuoPremium], [SpecificChampions], [VPN], [DiscountCode]) VALUES (43, N'Gold', N'Platinum', N'I', N'IV', N'LP 0-20', N'North America', N'Solo/Duo (5v5)', N'false', N'Jungle', N'false', N'false', N'false', NULL, NULL, NULL, 0, NULL)
GO
INSERT [BoostingModel] ([Id], [YourCurrentLeague], [DesiredCurrentLeague], [CurrentDivision], [DesiredCurrentDivision], [CurrentLP], [Server], [TypeOfQueue], [SpecificRolesTop], [SpecificRolesJungle], [SpecificRolesMiddle], [SpecificRolesADC], [SpecificRolesSupport], [TypeOfDuoRegular], [TypeOfDuoPremium], [SpecificChampions], [VPN], [DiscountCode]) VALUES (44, N'Gold', N'Platinum', N'I', N'IV', N'LP 81-100', N'Europe West', N'Solo/Duo (5v5)', N'false', N'Jungle', N'false', N'ADC', N'false', NULL, NULL, N'I mostly played Hecarim/Yi/Nunu/Zac/Vi/Kayn, but whatever works for you', 1, NULL)
GO
INSERT [BoostingModel] ([Id], [YourCurrentLeague], [DesiredCurrentLeague], [CurrentDivision], [DesiredCurrentDivision], [CurrentLP], [Server], [TypeOfQueue], [SpecificRolesTop], [SpecificRolesJungle], [SpecificRolesMiddle], [SpecificRolesADC], [SpecificRolesSupport], [TypeOfDuoRegular], [TypeOfDuoPremium], [SpecificChampions], [VPN], [DiscountCode]) VALUES (45, N'Silver', N'Gold', N'I', N'IV', N'LP 0-20', N'Europe West', N'Solo/Duo (5v5)', N'false', N'false', N'false', N'false', N'false', NULL, NULL, NULL, 1, NULL)
GO
INSERT [BoostingModel] ([Id], [YourCurrentLeague], [DesiredCurrentLeague], [CurrentDivision], [DesiredCurrentDivision], [CurrentLP], [Server], [TypeOfQueue], [SpecificRolesTop], [SpecificRolesJungle], [SpecificRolesMiddle], [SpecificRolesADC], [SpecificRolesSupport], [TypeOfDuoRegular], [TypeOfDuoPremium], [SpecificChampions], [VPN], [DiscountCode]) VALUES (46, N'Silver', N'Gold', N'I', N'IV', N'LP 41-60', N'Europe West', N'Solo/Duo (5v5)', N'false', N'Jungle', N'false', N'false', N'false', NULL, NULL, NULL, 1, NULL)
GO
INSERT [BoostingModel] ([Id], [YourCurrentLeague], [DesiredCurrentLeague], [CurrentDivision], [DesiredCurrentDivision], [CurrentLP], [Server], [TypeOfQueue], [SpecificRolesTop], [SpecificRolesJungle], [SpecificRolesMiddle], [SpecificRolesADC], [SpecificRolesSupport], [TypeOfDuoRegular], [TypeOfDuoPremium], [SpecificChampions], [VPN], [DiscountCode]) VALUES (47, N'Bronze', N'Bronze', N'III', N'I', N'LP 0-20', N'Europe West', N'Solo/Duo (5v5)', NULL, NULL, NULL, NULL, NULL, N'Regular', N'false', NULL, 0, NULL)
GO
INSERT [BoostingModel] ([Id], [YourCurrentLeague], [DesiredCurrentLeague], [CurrentDivision], [DesiredCurrentDivision], [CurrentLP], [Server], [TypeOfQueue], [SpecificRolesTop], [SpecificRolesJungle], [SpecificRolesMiddle], [SpecificRolesADC], [SpecificRolesSupport], [TypeOfDuoRegular], [TypeOfDuoPremium], [SpecificChampions], [VPN], [DiscountCode]) VALUES (48, N'Iron', N'Iron', N'IV', N'III', N'LP 0-20', N'Europe West', N'Solo/Duo (5v5)', N'false', N'false', N'false', N'false', N'false', NULL, NULL, NULL, 0, NULL)
GO
SET IDENTITY_INSERT [BoostingModel] OFF
GO
SET IDENTITY_INSERT [ChatModel] ON 

GO
INSERT [ChatModel] ([Id], [SenderId], [RecieverId], [Message], [DateTimeSent], [purchaseFormId]) VALUES (3, 10047, NULL, N'Yop sir , i''m able to start when u are not on the account. ', CAST(N'2020-10-29T14:48:03.5465322' AS DateTime2), 24)
GO
INSERT [ChatModel] ([Id], [SenderId], [RecieverId], [Message], [DateTimeSent], [purchaseFormId]) VALUES (4, 22, NULL, N'hello', CAST(N'2020-11-01T22:57:09.6390563' AS DateTime2), 29)
GO
INSERT [ChatModel] ([Id], [SenderId], [RecieverId], [Message], [DateTimeSent], [purchaseFormId]) VALUES (5, 27, NULL, N'hi
your discord doesnt work', CAST(N'2020-11-03T15:55:40.3414501' AS DateTime2), 36)
GO
INSERT [ChatModel] ([Id], [SenderId], [RecieverId], [Message], [DateTimeSent], [purchaseFormId]) VALUES (6, 20068, NULL, N'hey done 2 games so far on your order but still says 9 games o.O
', CAST(N'2020-11-07T10:09:22.8038543' AS DateTime2), 45)
GO
INSERT [ChatModel] ([Id], [SenderId], [RecieverId], [Message], [DateTimeSent], [purchaseFormId]) VALUES (7, 20063, NULL, N'hello', CAST(N'2020-11-07T17:29:45.9314746' AS DateTime2), 45)
GO
INSERT [ChatModel] ([Id], [SenderId], [RecieverId], [Message], [DateTimeSent], [purchaseFormId]) VALUES (8, 10047, NULL, N'Sir u''r account information are not working
', CAST(N'2020-11-09T07:17:34.6658337' AS DateTime2), 50)
GO
INSERT [ChatModel] ([Id], [SenderId], [RecieverId], [Message], [DateTimeSent], [purchaseFormId]) VALUES (9, 10047, NULL, N'Sir u''r account information are not working
', CAST(N'2020-11-09T07:17:37.2601257' AS DateTime2), 50)
GO
INSERT [ChatModel] ([Id], [SenderId], [RecieverId], [Message], [DateTimeSent], [purchaseFormId]) VALUES (10, 10047, NULL, N'Sir u''r account information are not working
', CAST(N'2020-11-09T07:17:37.2634855' AS DateTime2), 50)
GO
INSERT [ChatModel] ([Id], [SenderId], [RecieverId], [Message], [DateTimeSent], [purchaseFormId]) VALUES (11, 10047, NULL, N'Sir u''r account information are not working
', CAST(N'2020-11-09T07:17:37.3350610' AS DateTime2), 50)
GO
INSERT [ChatModel] ([Id], [SenderId], [RecieverId], [Message], [DateTimeSent], [purchaseFormId]) VALUES (12, 10047, NULL, N'Sir u''r account information are not working
', CAST(N'2020-11-09T07:17:37.3445900' AS DateTime2), 50)
GO
INSERT [ChatModel] ([Id], [SenderId], [RecieverId], [Message], [DateTimeSent], [purchaseFormId]) VALUES (13, 10047, NULL, N'Sir u''r account information are not working
', CAST(N'2020-11-09T07:17:37.3863797' AS DateTime2), 50)
GO
INSERT [ChatModel] ([Id], [SenderId], [RecieverId], [Message], [DateTimeSent], [purchaseFormId]) VALUES (14, 10047, NULL, N'Sir u''r account information are not working
', CAST(N'2020-11-09T07:17:37.4349666' AS DateTime2), 50)
GO
INSERT [ChatModel] ([Id], [SenderId], [RecieverId], [Message], [DateTimeSent], [purchaseFormId]) VALUES (15, 10047, NULL, N'Sir u''r account information are not working
', CAST(N'2020-11-09T07:17:37.4473622' AS DateTime2), 50)
GO
INSERT [ChatModel] ([Id], [SenderId], [RecieverId], [Message], [DateTimeSent], [purchaseFormId]) VALUES (16, 10047, NULL, N'Sir u''r account information are not working
', CAST(N'2020-11-09T07:17:37.4825101' AS DateTime2), 50)
GO
INSERT [ChatModel] ([Id], [SenderId], [RecieverId], [Message], [DateTimeSent], [purchaseFormId]) VALUES (17, 10047, NULL, N'Sir u''r account information are not working
', CAST(N'2020-11-09T07:17:37.5203045' AS DateTime2), 50)
GO
INSERT [ChatModel] ([Id], [SenderId], [RecieverId], [Message], [DateTimeSent], [purchaseFormId]) VALUES (18, 10047, NULL, N'Sir u''r account information are not working
', CAST(N'2020-11-09T07:17:37.5493210' AS DateTime2), 50)
GO
INSERT [ChatModel] ([Id], [SenderId], [RecieverId], [Message], [DateTimeSent], [purchaseFormId]) VALUES (19, 10047, NULL, N'Sir u''r account information are not working
', CAST(N'2020-11-09T07:17:37.6108748' AS DateTime2), 50)
GO
INSERT [ChatModel] ([Id], [SenderId], [RecieverId], [Message], [DateTimeSent], [purchaseFormId]) VALUES (20, 10047, NULL, N'Sir u''r account information are not working
', CAST(N'2020-11-09T07:17:37.6405763' AS DateTime2), 50)
GO
INSERT [ChatModel] ([Id], [SenderId], [RecieverId], [Message], [DateTimeSent], [purchaseFormId]) VALUES (21, 10047, NULL, N'Sir u''r account information are not working
', CAST(N'2020-11-09T07:17:37.6571429' AS DateTime2), 50)
GO
INSERT [ChatModel] ([Id], [SenderId], [RecieverId], [Message], [DateTimeSent], [purchaseFormId]) VALUES (22, 10047, NULL, NULL, CAST(N'2020-11-09T07:17:37.8195548' AS DateTime2), 50)
GO
INSERT [ChatModel] ([Id], [SenderId], [RecieverId], [Message], [DateTimeSent], [purchaseFormId]) VALUES (23, 10040, NULL, N'Hey, I will start ur order immediatly. Don''t worry I will try my best that your account reach gold before season end ', CAST(N'2020-11-09T09:32:26.8040307' AS DateTime2), 51)
GO
INSERT [ChatModel] ([Id], [SenderId], [RecieverId], [Message], [DateTimeSent], [purchaseFormId]) VALUES (24, 20068, NULL, N'Hi', CAST(N'2020-11-23T18:50:21.5334445' AS DateTime2), 54)
GO
INSERT [ChatModel] ([Id], [SenderId], [RecieverId], [Message], [DateTimeSent], [purchaseFormId]) VALUES (25, 38, NULL, N'Hello sir
', CAST(N'2021-01-10T00:16:51.6077249' AS DateTime2), 61)
GO
INSERT [ChatModel] ([Id], [SenderId], [RecieverId], [Message], [DateTimeSent], [purchaseFormId]) VALUES (26, 20076, NULL, N'hello i will be your booster pal
ready to go when you are ', CAST(N'2021-01-10T11:52:30.2750985' AS DateTime2), 60)
GO
INSERT [ChatModel] ([Id], [SenderId], [RecieverId], [Message], [DateTimeSent], [purchaseFormId]) VALUES (27, 20068, NULL, N'yo
', CAST(N'2021-01-10T13:34:50.3239589' AS DateTime2), 62)
GO
INSERT [ChatModel] ([Id], [SenderId], [RecieverId], [Message], [DateTimeSent], [purchaseFormId]) VALUES (28, 20068, NULL, N'hi when can you play?', CAST(N'2021-01-10T14:13:16.2857342' AS DateTime2), 59)
GO
SET IDENTITY_INSERT [ChatModel] OFF
GO
SET IDENTITY_INSERT [LeagueOfLegendsAuditModel] ON 

GO
INSERT [LeagueOfLegendsAuditModel] ([Id], [UserId], [Action], [DateTime]) VALUES (1, 1, N'Accepted Job By Booster [{"Id":25,"CoachingModel":null,"BoostingModel":null,"PlacementMatchesModel":null,"WinBoostModel":null,"PersonalInformation":{"Id":25,"UserName":null,"Password":null,"FirstName":"John","LastName":"Wagner","Email":"john30wagner@gmail.com","Discord":"Jwag#0888","PaymentMethod":"Paypal","stripeToken":null},"TFTPlacementModel":null,"TFTBoostingModel":null,"BoosterAssignedTo":{"Balance":0.00,"DiscordId":"1234","Id":1,"UserName":"info@spartanboosting.com","NormalizedUserName":"INFO@SPARTANBOOSTING.COM","Email":"info@spartanboosting.com","NormalizedEmail":"INFO@SPARTANBOOSTING.COM","EmailConfirmed":false,"PasswordHash":"AQAAAAEAACcQAAAAEFon0BF3hYg2eI4tADSqBc4RW0IAlZm4mrx1dRTIgJAyLgg4uICeBDW+JpeXmR72tA==","SecurityStamp":"CGHZ4LML7NBCFMYNEXAF6G3AHXWTN6CF","ConcurrencyStamp":"79a18ba0-f357-4b94-8198-7ca44b1e93ed","PhoneNumber":null,"PhoneNumberConfirmed":false,"TwoFactorEnabled":false,"LockoutEnd":null,"LockoutEnabled":true,"AccessFailedCount":0},"BoosterCompletionConfirmed":false,"CustomerCompletionConfirmed":false,"Pricing":"116.62","BoosterPricing":null,"JobAvailable":false,"PayPalApproval":"https://www.paypal.com/checkoutnow?token=7UF94300SR925422E","PayPalCapture":"https://api.paypal.com/v2/checkout/orders/7UF94300SR925422E/capture","PurchaseType":1}]', CAST(N'2020-10-30T15:49:58.0349650' AS DateTime2))
GO
INSERT [LeagueOfLegendsAuditModel] ([Id], [UserId], [Action], [DateTime]) VALUES (2, 1, N'Accepted Job By Booster [{"Id":26,"CoachingModel":null,"BoostingModel":null,"PlacementMatchesModel":null,"WinBoostModel":null,"PersonalInformation":{"Id":26,"UserName":null,"Password":null,"FirstName":"Alexander","LastName":"Shkirenko","Email":"shkirenko@gmail.com","Discord":"phirestarter#4387","PaymentMethod":"Stripe","stripeToken":"tok_1Hi35PF9YOHhm6ddAC4kL0sz"},"TFTPlacementModel":null,"TFTBoostingModel":null,"BoosterAssignedTo":{"Balance":0.00,"DiscordId":"1234","Id":1,"UserName":"info@spartanboosting.com","NormalizedUserName":"INFO@SPARTANBOOSTING.COM","Email":"info@spartanboosting.com","NormalizedEmail":"INFO@SPARTANBOOSTING.COM","EmailConfirmed":false,"PasswordHash":"AQAAAAEAACcQAAAAEFon0BF3hYg2eI4tADSqBc4RW0IAlZm4mrx1dRTIgJAyLgg4uICeBDW+JpeXmR72tA==","SecurityStamp":"CGHZ4LML7NBCFMYNEXAF6G3AHXWTN6CF","ConcurrencyStamp":"79a18ba0-f357-4b94-8198-7ca44b1e93ed","PhoneNumber":null,"PhoneNumberConfirmed":false,"TwoFactorEnabled":false,"LockoutEnd":null,"LockoutEnabled":true,"AccessFailedCount":0},"BoosterCompletionConfirmed":false,"CustomerCompletionConfirmed":false,"Pricing":"34.3","BoosterPricing":null,"JobAvailable":false,"PayPalApproval":null,"PayPalCapture":null,"PurchaseType":1}]', CAST(N'2020-10-30T23:18:17.8489495' AS DateTime2))
GO
INSERT [LeagueOfLegendsAuditModel] ([Id], [UserId], [Action], [DateTime]) VALUES (3, 10041, N'Accepted Job By Booster [{"Id":27,"CoachingModel":null,"BoostingModel":null,"PlacementMatchesModel":null,"WinBoostModel":null,"PersonalInformation":{"Id":27,"UserName":"asunadevilmaycry","Password":"Chicken66Nugget","FirstName":null,"LastName":null,"Email":"loonyloaf@aol.com","Discord":"loonyloaf#1313","PaymentMethod":"Paypal","stripeToken":null},"TFTPlacementModel":null,"TFTBoostingModel":null,"BoosterAssignedTo":{"Balance":0.00,"DiscordId":null,"Id":10041,"UserName":"qs235874@gmail.com","NormalizedUserName":"QS235874@GMAIL.COM","Email":"qs235874@gmail.com","NormalizedEmail":"QS235874@GMAIL.COM","EmailConfirmed":false,"PasswordHash":"AQAAAAEAACcQAAAAEN08az11W8Rdu6cg9Jt7b4PnWIZJ8U7WGkGGfDheg2lgujSNm9K/i7fdHTIudJ9vaQ==","SecurityStamp":"PY4XQZWBDTHRD47TIWQ36CERNBOOCBU3","ConcurrencyStamp":"1cbf6c44-3e42-4c1d-b58b-b0de6096e36b","PhoneNumber":null,"PhoneNumberConfirmed":false,"TwoFactorEnabled":false,"LockoutEnd":null,"LockoutEnabled":true,"AccessFailedCount":0},"BoosterCompletionConfirmed":false,"CustomerCompletionConfirmed":false,"Pricing":"69.04","BoosterPricing":null,"JobAvailable":false,"PayPalApproval":"https://www.paypal.com/checkoutnow?token=3T4039211J713223E","PayPalCapture":"https://api.paypal.com/v2/checkout/orders/3T4039211J713223E/capture","PurchaseType":0}]', CAST(N'2020-10-31T20:15:45.4382192' AS DateTime2))
GO
INSERT [LeagueOfLegendsAuditModel] ([Id], [UserId], [Action], [DateTime]) VALUES (4, 10043, N'Completed Job By Booster [{"Id":12,"CoachingModel":null,"BoostingModel":null,"PlacementMatchesModel":null,"WinBoostModel":null,"PersonalInformation":{"Id":12,"UserName":"Hightruthler","Password":"JvzWE2kbrFvP1C6E","FirstName":"Aaron","LastName":"Jorquera","Email":"aaronjorquera1@gmail.com","Discord":"aaaaron #2748","PaymentMethod":"Stripe","stripeToken":"tok_1Hc7yxF9YOHhm6ddDZHm3FJU"},"TFTPlacementModel":null,"TFTBoostingModel":null,"BoosterAssignedTo":{"Balance":0.00,"DiscordId":null,"Id":10043,"UserName":"joyandrew1804@gmail.com","NormalizedUserName":"JOYANDREW1804@GMAIL.COM","Email":"joyandrew1804@gmail.com","NormalizedEmail":"JOYANDREW1804@GMAIL.COM","EmailConfirmed":false,"PasswordHash":"AQAAAAEAACcQAAAAEAdpS4/YZKlvr7QSlPTu13DDQWtpt1GLVFoKqToXY3t0MGXiq323eosHS9gXOOOzVg==","SecurityStamp":"YZU7JC6G54LKOLPQERUXT6BFC466RDKK","ConcurrencyStamp":"70d73d8c-7d09-4e6d-8f3b-f68444be169a","PhoneNumber":null,"PhoneNumberConfirmed":false,"TwoFactorEnabled":false,"LockoutEnd":null,"LockoutEnabled":true,"AccessFailedCount":0},"BoosterCompletionConfirmed":true,"CustomerCompletionConfirmed":false,"Pricing":"95.13","BoosterPricing":null,"JobAvailable":false,"PayPalApproval":null,"PayPalCapture":null,"PurchaseType":0}]', CAST(N'2020-11-01T17:13:18.3016513' AS DateTime2))
GO
INSERT [LeagueOfLegendsAuditModel] ([Id], [UserId], [Action], [DateTime]) VALUES (5, 3, N'Completed Job By Booster [{"Id":14,"CoachingModel":null,"BoostingModel":null,"PlacementMatchesModel":null,"WinBoostModel":null,"PersonalInformation":{"Id":14,"UserName":"BrutalQuail","Password":"N/A - as duo","FirstName":"Philip","LastName":"Maxted","Email":"flipmaxtedff@yahoo.com","Discord":"SoulsGuardian#8037","PaymentMethod":"Paypal","stripeToken":null},"TFTPlacementModel":null,"TFTBoostingModel":null,"BoosterAssignedTo":{"Balance":0.00,"DiscordId":null,"Id":3,"UserName":"tim.trutina@gmail.com","NormalizedUserName":"TIM.TRUTINA@GMAIL.COM","Email":"tim.trutina@gmail.com","NormalizedEmail":"TIM.TRUTINA@GMAIL.COM","EmailConfirmed":false,"PasswordHash":"AQAAAAEAACcQAAAAENXXssf1IR/y1La0QKDR+jDLVCrhZNortLrBoHtzMQmJcWhH5W1hpD5S98u2WBa5Ig==","SecurityStamp":"GEHAEQ474BCSUCTED245FI2W5TQC4XOY","ConcurrencyStamp":"3717f4aa-3344-48b7-9ec5-4e07ca150a76","PhoneNumber":null,"PhoneNumberConfirmed":false,"TwoFactorEnabled":false,"LockoutEnd":null,"LockoutEnabled":true,"AccessFailedCount":0},"BoosterCompletionConfirmed":true,"CustomerCompletionConfirmed":false,"Pricing":"64.15","BoosterPricing":null,"JobAvailable":false,"PayPalApproval":"https://www.paypal.com/checkoutnow?token=3N661397M36871456","PayPalCapture":"https://api.paypal.com/v2/checkout/orders/3N661397M36871456/capture","PurchaseType":1}]', CAST(N'2020-11-01T17:14:12.3739502' AS DateTime2))
GO
INSERT [LeagueOfLegendsAuditModel] ([Id], [UserId], [Action], [DateTime]) VALUES (6, 10041, N'Accepted Job By Booster [{"Id":28,"CoachingModel":null,"BoostingModel":null,"PlacementMatchesModel":null,"WinBoostModel":null,"PersonalInformation":{"Id":28,"UserName":null,"Password":null,"FirstName":null,"LastName":null,"Email":"aeidanya@gmail.com","Discord":"smol cat#8182","PaymentMethod":"Paypal","stripeToken":null},"TFTPlacementModel":null,"TFTBoostingModel":null,"BoosterAssignedTo":{"Balance":0.00,"DiscordId":null,"Id":10041,"UserName":"qs235874@gmail.com","NormalizedUserName":"QS235874@GMAIL.COM","Email":"qs235874@gmail.com","NormalizedEmail":"QS235874@GMAIL.COM","EmailConfirmed":false,"PasswordHash":"AQAAAAEAACcQAAAAEN08az11W8Rdu6cg9Jt7b4PnWIZJ8U7WGkGGfDheg2lgujSNm9K/i7fdHTIudJ9vaQ==","SecurityStamp":"PY4XQZWBDTHRD47TIWQ36CERNBOOCBU3","ConcurrencyStamp":"1cbf6c44-3e42-4c1d-b58b-b0de6096e36b","PhoneNumber":null,"PhoneNumberConfirmed":false,"TwoFactorEnabled":false,"LockoutEnd":null,"LockoutEnabled":true,"AccessFailedCount":0},"BoosterCompletionConfirmed":false,"CustomerCompletionConfirmed":false,"Pricing":"100.3","BoosterPricing":null,"JobAvailable":false,"PayPalApproval":"https://www.paypal.com/checkoutnow?token=0HN54259HU278461X","PayPalCapture":"https://api.paypal.com/v2/checkout/orders/0HN54259HU278461X/capture","PurchaseType":1}]', CAST(N'2020-11-01T19:17:41.5362071' AS DateTime2))
GO
INSERT [LeagueOfLegendsAuditModel] ([Id], [UserId], [Action], [DateTime]) VALUES (7, 22, N'Accepted Job By Booster [{"Id":29,"CoachingModel":null,"BoostingModel":null,"PlacementMatchesModel":null,"WinBoostModel":null,"PersonalInformation":{"Id":29,"UserName":"tapisrouge","Password":"Dubnation1!","FirstName":"Pooka","LastName":"Park","Email":"zumanity17@gmail.com","Discord":"Zercei#9383","PaymentMethod":"Paypal","stripeToken":null},"TFTPlacementModel":null,"TFTBoostingModel":null,"BoosterAssignedTo":{"Balance":0.00,"DiscordId":"300782215560691713","Id":22,"UserName":"tyler.nguyen6789@gmail.com","NormalizedUserName":"TYLER.NGUYEN6789@GMAIL.COM","Email":"tyler.nguyen6789@gmail.com","NormalizedEmail":"TYLER.NGUYEN6789@GMAIL.COM","EmailConfirmed":false,"PasswordHash":"AQAAAAEAACcQAAAAEB746zsoqXJ7cHuRQ/NA4FvhQlcfA8J0MMV6Yqi6uWtx6KlXpvrMLEer9NVX/eOSlA==","SecurityStamp":"JOAU5MUL2GTXRC37IVHZ5N53CRHB4TC4","ConcurrencyStamp":"c0b6ba01-0b28-4423-8049-155201fdef23","PhoneNumber":null,"PhoneNumberConfirmed":false,"TwoFactorEnabled":false,"LockoutEnd":null,"LockoutEnabled":true,"AccessFailedCount":0},"BoosterCompletionConfirmed":false,"CustomerCompletionConfirmed":false,"Pricing":"18.82","BoosterPricing":null,"JobAvailable":false,"PayPalApproval":"https://www.paypal.com/checkoutnow?token=9NP94573YP6037409","PayPalCapture":"https://api.paypal.com/v2/checkout/orders/9NP94573YP6037409/capture","PurchaseType":0}]', CAST(N'2020-11-01T22:56:37.2037158' AS DateTime2))
GO
INSERT [LeagueOfLegendsAuditModel] ([Id], [UserId], [Action], [DateTime]) VALUES (8, 22, N'Accepted Job By Booster [{"Id":30,"CoachingModel":null,"BoostingModel":null,"PlacementMatchesModel":null,"WinBoostModel":null,"PersonalInformation":{"Id":30,"UserName":"xss","Password":"sssss","FirstName":null,"LastName":null,"Email":"sssss","Discord":"ss","PaymentMethod":"Paypal","stripeToken":null},"TFTPlacementModel":null,"TFTBoostingModel":null,"BoosterAssignedTo":{"Balance":0.00,"DiscordId":"300782215560691713","Id":22,"UserName":"tyler.nguyen6789@gmail.com","NormalizedUserName":"TYLER.NGUYEN6789@GMAIL.COM","Email":"tyler.nguyen6789@gmail.com","NormalizedEmail":"TYLER.NGUYEN6789@GMAIL.COM","EmailConfirmed":false,"PasswordHash":"AQAAAAEAACcQAAAAEB746zsoqXJ7cHuRQ/NA4FvhQlcfA8J0MMV6Yqi6uWtx6KlXpvrMLEer9NVX/eOSlA==","SecurityStamp":"JOAU5MUL2GTXRC37IVHZ5N53CRHB4TC4","ConcurrencyStamp":"c0b6ba01-0b28-4423-8049-155201fdef23","PhoneNumber":null,"PhoneNumberConfirmed":false,"TwoFactorEnabled":false,"LockoutEnd":null,"LockoutEnabled":true,"AccessFailedCount":0},"BoosterCompletionConfirmed":false,"CustomerCompletionConfirmed":false,"Pricing":"50.02","BoosterPricing":null,"JobAvailable":false,"PayPalApproval":"https://www.paypal.com/checkoutnow?token=32M92384NK841201K","PayPalCapture":"https://api.paypal.com/v2/checkout/orders/32M92384NK841201K/capture","PurchaseType":0}]', CAST(N'2020-11-01T22:56:40.4446632' AS DateTime2))
GO
INSERT [LeagueOfLegendsAuditModel] ([Id], [UserId], [Action], [DateTime]) VALUES (9, 10041, N'Accepted Job By Booster [{"Id":31,"CoachingModel":null,"BoostingModel":null,"PlacementMatchesModel":null,"WinBoostModel":null,"PersonalInformation":{"Id":31,"UserName":"Jaqwet","Password":"YuukiAsuna1","FirstName":"Jay","LastName":"Ra","Email":"ninjaspyassasin@gmail.com","Discord":"Jaqwe#2793","PaymentMethod":"Paypal","stripeToken":null},"TFTPlacementModel":null,"TFTBoostingModel":null,"BoosterAssignedTo":{"Balance":0.00,"DiscordId":null,"Id":10041,"UserName":"qs235874@gmail.com","NormalizedUserName":"QS235874@GMAIL.COM","Email":"qs235874@gmail.com","NormalizedEmail":"QS235874@GMAIL.COM","EmailConfirmed":false,"PasswordHash":"AQAAAAEAACcQAAAAEN08az11W8Rdu6cg9Jt7b4PnWIZJ8U7WGkGGfDheg2lgujSNm9K/i7fdHTIudJ9vaQ==","SecurityStamp":"PY4XQZWBDTHRD47TIWQ36CERNBOOCBU3","ConcurrencyStamp":"1cbf6c44-3e42-4c1d-b58b-b0de6096e36b","PhoneNumber":null,"PhoneNumberConfirmed":false,"TwoFactorEnabled":false,"LockoutEnd":null,"LockoutEnabled":true,"AccessFailedCount":0},"BoosterCompletionConfirmed":false,"CustomerCompletionConfirmed":false,"Pricing":"80.64","BoosterPricing":null,"JobAvailable":false,"PayPalApproval":"https://www.paypal.com/checkoutnow?token=4HD26419JY159620U","PayPalCapture":"https://api.paypal.com/v2/checkout/orders/4HD26419JY159620U/capture","PurchaseType":0}]', CAST(N'2020-11-02T03:27:43.5777003' AS DateTime2))
GO
INSERT [LeagueOfLegendsAuditModel] ([Id], [UserId], [Action], [DateTime]) VALUES (10, 3, N'Accepted Job By Booster [{"Id":32,"CoachingModel":null,"BoostingModel":null,"PlacementMatchesModel":null,"WinBoostModel":null,"PersonalInformation":{"Id":32,"UserName":null,"Password":null,"FirstName":"Lilian","LastName":"Chauvet","Email":"aigle15@hotmail.fr","Discord":"Nesiko#3047","PaymentMethod":"Paypal","stripeToken":null},"TFTPlacementModel":null,"TFTBoostingModel":null,"BoosterAssignedTo":{"Balance":0.00,"DiscordId":null,"Id":3,"UserName":"tim.trutina@gmail.com","NormalizedUserName":"TIM.TRUTINA@GMAIL.COM","Email":"tim.trutina@gmail.com","NormalizedEmail":"TIM.TRUTINA@GMAIL.COM","EmailConfirmed":false,"PasswordHash":"AQAAAAEAACcQAAAAENXXssf1IR/y1La0QKDR+jDLVCrhZNortLrBoHtzMQmJcWhH5W1hpD5S98u2WBa5Ig==","SecurityStamp":"GEHAEQ474BCSUCTED245FI2W5TQC4XOY","ConcurrencyStamp":"3717f4aa-3344-48b7-9ec5-4e07ca150a76","PhoneNumber":null,"PhoneNumberConfirmed":false,"TwoFactorEnabled":false,"LockoutEnd":null,"LockoutEnabled":true,"AccessFailedCount":0},"BoosterCompletionConfirmed":false,"CustomerCompletionConfirmed":false,"Pricing":"37.64","BoosterPricing":null,"JobAvailable":false,"PayPalApproval":"https://www.paypal.com/checkoutnow?token=7M722821UB131000H","PayPalCapture":"https://api.paypal.com/v2/checkout/orders/7M722821UB131000H/capture","PurchaseType":1}]', CAST(N'2020-11-02T14:15:54.1795743' AS DateTime2))
GO
INSERT [LeagueOfLegendsAuditModel] ([Id], [UserId], [Action], [DateTime]) VALUES (11, 20063, N'Accepted Job By Booster [{"Id":33,"CoachingModel":null,"BoostingModel":null,"PlacementMatchesModel":null,"WinBoostModel":null,"PersonalInformation":{"Id":33,"UserName":null,"Password":null,"FirstName":"AJ","LastName":"AJ","Email":"aj989@me.com","Discord":"AJ989 #8315","PaymentMethod":"Paypal","stripeToken":null},"TFTPlacementModel":null,"TFTBoostingModel":null,"BoosterAssignedTo":{"Balance":0.00,"DiscordId":"125517369823985664","Id":20063,"UserName":"leaguebusiness247@gmail.com","NormalizedUserName":"LEAGUEBUSINESS247@GMAIL.COM","Email":"leaguebusiness247@gmail.com","NormalizedEmail":"LEAGUEBUSINESS247@GMAIL.COM","EmailConfirmed":false,"PasswordHash":"AQAAAAEAACcQAAAAEPXzr5QXIoZmco2XAcPX1f8wOKKAE3PpkgkeAk8fOJZXku4FHfg8ogtpYAOm2TrbyA==","SecurityStamp":"ZJNCEM646ZVCI5ODPX5EVU23EJMUJSGR","ConcurrencyStamp":"56c6b8bf-e63b-4964-b929-26a59178ebbc","PhoneNumber":null,"PhoneNumberConfirmed":false,"TwoFactorEnabled":false,"LockoutEnd":null,"LockoutEnabled":true,"AccessFailedCount":0},"BoosterCompletionConfirmed":false,"CustomerCompletionConfirmed":false,"Pricing":"87.19","BoosterPricing":null,"JobAvailable":false,"PayPalApproval":"https://www.paypal.com/checkoutnow?token=68018477360487241","PayPalCapture":"https://api.paypal.com/v2/checkout/orders/68018477360487241/capture","PurchaseType":1}]', CAST(N'2020-11-02T14:56:00.9056691' AS DateTime2))
GO
INSERT [LeagueOfLegendsAuditModel] ([Id], [UserId], [Action], [DateTime]) VALUES (12, 3, N'Completed Job By Booster [{"Id":32,"CoachingModel":null,"BoostingModel":null,"PlacementMatchesModel":null,"WinBoostModel":null,"PersonalInformation":{"Id":32,"UserName":null,"Password":null,"FirstName":"Lilian","LastName":"Chauvet","Email":"aigle15@hotmail.fr","Discord":"Nesiko#3047","PaymentMethod":"Paypal","stripeToken":null},"TFTPlacementModel":null,"TFTBoostingModel":null,"BoosterAssignedTo":{"Balance":0.00,"DiscordId":null,"Id":3,"UserName":"tim.trutina@gmail.com","NormalizedUserName":"TIM.TRUTINA@GMAIL.COM","Email":"tim.trutina@gmail.com","NormalizedEmail":"TIM.TRUTINA@GMAIL.COM","EmailConfirmed":false,"PasswordHash":"AQAAAAEAACcQAAAAENXXssf1IR/y1La0QKDR+jDLVCrhZNortLrBoHtzMQmJcWhH5W1hpD5S98u2WBa5Ig==","SecurityStamp":"GEHAEQ474BCSUCTED245FI2W5TQC4XOY","ConcurrencyStamp":"3717f4aa-3344-48b7-9ec5-4e07ca150a76","PhoneNumber":null,"PhoneNumberConfirmed":false,"TwoFactorEnabled":false,"LockoutEnd":null,"LockoutEnabled":true,"AccessFailedCount":0},"BoosterCompletionConfirmed":true,"CustomerCompletionConfirmed":false,"Pricing":"37.64","BoosterPricing":null,"JobAvailable":false,"PayPalApproval":"https://www.paypal.com/checkoutnow?token=7M722821UB131000H","PayPalCapture":"https://api.paypal.com/v2/checkout/orders/7M722821UB131000H/capture","PurchaseType":1}]', CAST(N'2020-11-02T19:22:51.7637247' AS DateTime2))
GO
INSERT [LeagueOfLegendsAuditModel] ([Id], [UserId], [Action], [DateTime]) VALUES (13, 27, N'Accepted Job By Booster [{"Id":34,"CoachingModel":null,"BoostingModel":null,"PlacementMatchesModel":null,"WinBoostModel":null,"PersonalInformation":{"Id":34,"UserName":null,"Password":null,"FirstName":"Jeroen","LastName":"Deschacht","Email":"jeroen_deschacht@hotmail.com","Discord":"Beatknox#3394","PaymentMethod":"Paypal","stripeToken":null},"TFTPlacementModel":null,"TFTBoostingModel":null,"BoosterAssignedTo":{"Balance":0.00,"DiscordId":"167513524719976448","Id":27,"UserName":"zygizthegamer@gmail.com","NormalizedUserName":"ZYGIZTHEGAMER@GMAIL.COM","Email":"zygizthegamer@gmail.com","NormalizedEmail":"ZYGIZTHEGAMER@GMAIL.COM","EmailConfirmed":false,"PasswordHash":"AQAAAAEAACcQAAAAELEliQiB2ypkDc5dc2zDhBJUvhWoHFDdGRaIxF0KCcyxy5sSe9jHpPy1uPLxF9p6vw==","SecurityStamp":"YFJYQ5M4OM2ARGLLLNDR7DFMA4IFGD5Y","ConcurrencyStamp":"a1faea80-5284-4f82-9889-702924024bb2","PhoneNumber":null,"PhoneNumberConfirmed":false,"TwoFactorEnabled":false,"LockoutEnd":null,"LockoutEnabled":true,"AccessFailedCount":0},"BoosterCompletionConfirmed":false,"CustomerCompletionConfirmed":false,"Pricing":"69.43","BoosterPricing":null,"JobAvailable":false,"PayPalApproval":"https://www.paypal.com/checkoutnow?token=12H019864H4727508","PayPalCapture":"https://api.paypal.com/v2/checkout/orders/12H019864H4727508/capture","PurchaseType":1}]', CAST(N'2020-11-02T23:41:11.3978630' AS DateTime2))
GO
INSERT [LeagueOfLegendsAuditModel] ([Id], [UserId], [Action], [DateTime]) VALUES (14, 1, N'Completed Job By Booster [{"Id":26,"CoachingModel":null,"BoostingModel":null,"PlacementMatchesModel":null,"WinBoostModel":null,"PersonalInformation":{"Id":26,"UserName":null,"Password":null,"FirstName":"Alexander","LastName":"Shkirenko","Email":"shkirenko@gmail.com","Discord":"phirestarter#4387","PaymentMethod":"Stripe","stripeToken":"tok_1Hi35PF9YOHhm6ddAC4kL0sz"},"TFTPlacementModel":null,"TFTBoostingModel":null,"BoosterAssignedTo":{"Balance":0.00,"DiscordId":"1234","Id":1,"UserName":"info@spartanboosting.com","NormalizedUserName":"INFO@SPARTANBOOSTING.COM","Email":"info@spartanboosting.com","NormalizedEmail":"INFO@SPARTANBOOSTING.COM","EmailConfirmed":false,"PasswordHash":"AQAAAAEAACcQAAAAEFon0BF3hYg2eI4tADSqBc4RW0IAlZm4mrx1dRTIgJAyLgg4uICeBDW+JpeXmR72tA==","SecurityStamp":"CGHZ4LML7NBCFMYNEXAF6G3AHXWTN6CF","ConcurrencyStamp":"79a18ba0-f357-4b94-8198-7ca44b1e93ed","PhoneNumber":null,"PhoneNumberConfirmed":false,"TwoFactorEnabled":false,"LockoutEnd":null,"LockoutEnabled":true,"AccessFailedCount":0},"BoosterCompletionConfirmed":true,"CustomerCompletionConfirmed":false,"Pricing":"34.3","BoosterPricing":null,"JobAvailable":false,"PayPalApproval":null,"PayPalCapture":null,"PurchaseType":1}]', CAST(N'2020-11-03T08:56:08.9885562' AS DateTime2))
GO
INSERT [LeagueOfLegendsAuditModel] ([Id], [UserId], [Action], [DateTime]) VALUES (15, 36, N'Accepted Job By Booster [{"Id":35,"CoachingModel":null,"BoostingModel":null,"PlacementMatchesModel":null,"WinBoostModel":null,"PersonalInformation":{"Id":35,"UserName":null,"Password":null,"FirstName":"Milica","LastName":"Jankovic","Email":"milicajankovic2003@yahoo.com","Discord":"Vin Mistborn#8736","PaymentMethod":"Paypal","stripeToken":null},"TFTPlacementModel":null,"TFTBoostingModel":null,"BoosterAssignedTo":{"Balance":0.00,"DiscordId":"178882301176840192","Id":36,"UserName":"adzwind1579@gmail.com","NormalizedUserName":"ADZWIND1579@GMAIL.COM","Email":"adzwind1579@gmail.com","NormalizedEmail":"ADZWIND1579@GMAIL.COM","EmailConfirmed":false,"PasswordHash":"AQAAAAEAACcQAAAAEEd28BoM0bCr3NI4K7piKFFyEtVfCG0LxhvRlhw0QL1AQ9/sGZvtfRxE3QJS/WdxQg==","SecurityStamp":"TEBBINDDBUUZTIECGLXUYBPA66Y2PVMP","ConcurrencyStamp":"d9f1e5dc-b9aa-49a7-97b3-bc0acf60f46f","PhoneNumber":null,"PhoneNumberConfirmed":false,"TwoFactorEnabled":false,"LockoutEnd":null,"LockoutEnabled":true,"AccessFailedCount":0},"BoosterCompletionConfirmed":false,"CustomerCompletionConfirmed":false,"Pricing":"9.6","BoosterPricing":null,"JobAvailable":false,"PayPalApproval":"https://www.paypal.com/checkoutnow?token=64V89589H85049335","PayPalCapture":"https://api.paypal.com/v2/checkout/orders/64V89589H85049335/capture","PurchaseType":2}]', CAST(N'2020-11-03T09:40:39.9373723' AS DateTime2))
GO
INSERT [LeagueOfLegendsAuditModel] ([Id], [UserId], [Action], [DateTime]) VALUES (16, 27, N'Accepted Job By Booster [{"Id":36,"CoachingModel":null,"BoostingModel":null,"PlacementMatchesModel":null,"WinBoostModel":null,"PersonalInformation":{"Id":36,"UserName":null,"Password":null,"FirstName":"Alex","LastName":"Zheng","Email":"zhengalex2@gmail.com","Discord":"?Animosity?#0001","PaymentMethod":"Paypal","stripeToken":null},"TFTPlacementModel":null,"TFTBoostingModel":null,"BoosterAssignedTo":{"Balance":0.00,"DiscordId":"167513524719976448","Id":27,"UserName":"zygizthegamer@gmail.com","NormalizedUserName":"ZYGIZTHEGAMER@GMAIL.COM","Email":"zygizthegamer@gmail.com","NormalizedEmail":"ZYGIZTHEGAMER@GMAIL.COM","EmailConfirmed":false,"PasswordHash":"AQAAAAEAACcQAAAAELEliQiB2ypkDc5dc2zDhBJUvhWoHFDdGRaIxF0KCcyxy5sSe9jHpPy1uPLxF9p6vw==","SecurityStamp":"YFJYQ5M4OM2ARGLLLNDR7DFMA4IFGD5Y","ConcurrencyStamp":"a1faea80-5284-4f82-9889-702924024bb2","PhoneNumber":null,"PhoneNumberConfirmed":false,"TwoFactorEnabled":false,"LockoutEnd":null,"LockoutEnabled":true,"AccessFailedCount":0},"BoosterCompletionConfirmed":false,"CustomerCompletionConfirmed":false,"Pricing":"15.83","BoosterPricing":null,"JobAvailable":false,"PayPalApproval":"https://www.paypal.com/checkoutnow?token=42B779866X390193H","PayPalCapture":"https://api.paypal.com/v2/checkout/orders/42B779866X390193H/capture","PurchaseType":1}]', CAST(N'2020-11-03T15:54:27.3756657' AS DateTime2))
GO
INSERT [LeagueOfLegendsAuditModel] ([Id], [UserId], [Action], [DateTime]) VALUES (17, 36, N'Completed Job By Booster [{"Id":35,"CoachingModel":null,"BoostingModel":null,"PlacementMatchesModel":null,"WinBoostModel":null,"PersonalInformation":{"Id":35,"UserName":null,"Password":null,"FirstName":"Milica","LastName":"Jankovic","Email":"milicajankovic2003@yahoo.com","Discord":"Vin Mistborn#8736","PaymentMethod":"Paypal","stripeToken":null},"TFTPlacementModel":null,"TFTBoostingModel":null,"BoosterAssignedTo":{"Balance":0.00,"DiscordId":"178882301176840192","Id":36,"UserName":"adzwind1579@gmail.com","NormalizedUserName":"ADZWIND1579@GMAIL.COM","Email":"adzwind1579@gmail.com","NormalizedEmail":"ADZWIND1579@GMAIL.COM","EmailConfirmed":false,"PasswordHash":"AQAAAAEAACcQAAAAEEd28BoM0bCr3NI4K7piKFFyEtVfCG0LxhvRlhw0QL1AQ9/sGZvtfRxE3QJS/WdxQg==","SecurityStamp":"TEBBINDDBUUZTIECGLXUYBPA66Y2PVMP","ConcurrencyStamp":"d9f1e5dc-b9aa-49a7-97b3-bc0acf60f46f","PhoneNumber":null,"PhoneNumberConfirmed":false,"TwoFactorEnabled":false,"LockoutEnd":null,"LockoutEnabled":true,"AccessFailedCount":0},"BoosterCompletionConfirmed":true,"CustomerCompletionConfirmed":false,"Pricing":"9.6","BoosterPricing":null,"JobAvailable":false,"PayPalApproval":"https://www.paypal.com/checkoutnow?token=64V89589H85049335","PayPalCapture":"https://api.paypal.com/v2/checkout/orders/64V89589H85049335/capture","PurchaseType":2}]', CAST(N'2020-11-03T16:32:56.4323940' AS DateTime2))
GO
INSERT [LeagueOfLegendsAuditModel] ([Id], [UserId], [Action], [DateTime]) VALUES (18, 10041, N'Accepted Job By Booster [{"Id":37,"CoachingModel":null,"BoostingModel":null,"PlacementMatchesModel":null,"WinBoostModel":null,"PersonalInformation":{"Id":37,"UserName":"?ovember11","Password":"November11!!","FirstName":"James","LastName":"Hlima","Email":"jameshlima007@gmail.com","Discord":"Json#0029","PaymentMethod":"Stripe","stripeToken":"tok_1HjSokF9YOHhm6ddtt5fJhmt"},"TFTPlacementModel":null,"TFTBoostingModel":null,"BoosterAssignedTo":{"Balance":0.00,"DiscordId":null,"Id":10041,"UserName":"qs235874@gmail.com","NormalizedUserName":"QS235874@GMAIL.COM","Email":"qs235874@gmail.com","NormalizedEmail":"QS235874@GMAIL.COM","EmailConfirmed":false,"PasswordHash":"AQAAAAEAACcQAAAAEN08az11W8Rdu6cg9Jt7b4PnWIZJ8U7WGkGGfDheg2lgujSNm9K/i7fdHTIudJ9vaQ==","SecurityStamp":"PY4XQZWBDTHRD47TIWQ36CERNBOOCBU3","ConcurrencyStamp":"1cbf6c44-3e42-4c1d-b58b-b0de6096e36b","PhoneNumber":null,"PhoneNumberConfirmed":false,"TwoFactorEnabled":false,"LockoutEnd":null,"LockoutEnabled":true,"AccessFailedCount":0},"BoosterCompletionConfirmed":false,"CustomerCompletionConfirmed":false,"Pricing":"102.97","BoosterPricing":null,"JobAvailable":false,"PayPalApproval":null,"PayPalCapture":null,"PurchaseType":0}]', CAST(N'2020-11-03T17:12:18.2706430' AS DateTime2))
GO
INSERT [LeagueOfLegendsAuditModel] ([Id], [UserId], [Action], [DateTime]) VALUES (19, 10041, N'Cancelled Job By Booster [{"Id":37,"CoachingModel":null,"BoostingModel":null,"PlacementMatchesModel":null,"WinBoostModel":null,"PersonalInformation":{"Id":37,"UserName":"?ovember11","Password":"November11!!","FirstName":"James","LastName":"Hlima","Email":"jameshlima007@gmail.com","Discord":"Json#0029","PaymentMethod":"Stripe","stripeToken":"tok_1HjSokF9YOHhm6ddtt5fJhmt"},"TFTPlacementModel":null,"TFTBoostingModel":null,"BoosterAssignedTo":null,"BoosterCompletionConfirmed":false,"CustomerCompletionConfirmed":false,"Pricing":"102.97","BoosterPricing":null,"JobAvailable":true,"PayPalApproval":null,"PayPalCapture":null,"PurchaseType":0}]', CAST(N'2020-11-03T17:12:50.4272757' AS DateTime2))
GO
INSERT [LeagueOfLegendsAuditModel] ([Id], [UserId], [Action], [DateTime]) VALUES (20, 10041, N'Accepted Job By Booster [{"Id":37,"CoachingModel":null,"BoostingModel":null,"PlacementMatchesModel":null,"WinBoostModel":null,"PersonalInformation":{"Id":37,"UserName":"?ovember11","Password":"November11!!","FirstName":"James","LastName":"Hlima","Email":"jameshlima007@gmail.com","Discord":"Json#0029","PaymentMethod":"Stripe","stripeToken":"tok_1HjSokF9YOHhm6ddtt5fJhmt"},"TFTPlacementModel":null,"TFTBoostingModel":null,"BoosterAssignedTo":{"Balance":0.00,"DiscordId":null,"Id":10041,"UserName":"qs235874@gmail.com","NormalizedUserName":"QS235874@GMAIL.COM","Email":"qs235874@gmail.com","NormalizedEmail":"QS235874@GMAIL.COM","EmailConfirmed":false,"PasswordHash":"AQAAAAEAACcQAAAAEN08az11W8Rdu6cg9Jt7b4PnWIZJ8U7WGkGGfDheg2lgujSNm9K/i7fdHTIudJ9vaQ==","SecurityStamp":"PY4XQZWBDTHRD47TIWQ36CERNBOOCBU3","ConcurrencyStamp":"1cbf6c44-3e42-4c1d-b58b-b0de6096e36b","PhoneNumber":null,"PhoneNumberConfirmed":false,"TwoFactorEnabled":false,"LockoutEnd":null,"LockoutEnabled":true,"AccessFailedCount":0},"BoosterCompletionConfirmed":false,"CustomerCompletionConfirmed":false,"Pricing":"102.97","BoosterPricing":null,"JobAvailable":false,"PayPalApproval":null,"PayPalCapture":null,"PurchaseType":0}]', CAST(N'2020-11-03T18:07:58.9053994' AS DateTime2))
GO
INSERT [LeagueOfLegendsAuditModel] ([Id], [UserId], [Action], [DateTime]) VALUES (21, 10041, N'Cancelled Job By Booster [{"Id":37,"CoachingModel":null,"BoostingModel":null,"PlacementMatchesModel":null,"WinBoostModel":null,"PersonalInformation":{"Id":37,"UserName":"?ovember11","Password":"November11!!","FirstName":"James","LastName":"Hlima","Email":"jameshlima007@gmail.com","Discord":"Json#0029","PaymentMethod":"Stripe","stripeToken":"tok_1HjSokF9YOHhm6ddtt5fJhmt"},"TFTPlacementModel":null,"TFTBoostingModel":null,"BoosterAssignedTo":null,"BoosterCompletionConfirmed":false,"CustomerCompletionConfirmed":false,"Pricing":"102.97","BoosterPricing":null,"JobAvailable":true,"PayPalApproval":null,"PayPalCapture":null,"PurchaseType":0}]', CAST(N'2020-11-03T18:08:59.6875099' AS DateTime2))
GO
INSERT [LeagueOfLegendsAuditModel] ([Id], [UserId], [Action], [DateTime]) VALUES (22, 22, N'Completed Job By Booster [{"Id":29,"CoachingModel":null,"BoostingModel":null,"PlacementMatchesModel":null,"WinBoostModel":null,"PersonalInformation":{"Id":29,"UserName":"tapisrouge","Password":"Dubnation1!","FirstName":"Pooka","LastName":"Park","Email":"zumanity17@gmail.com","Discord":"Zercei#9383","PaymentMethod":"Paypal","stripeToken":null},"TFTPlacementModel":null,"TFTBoostingModel":null,"BoosterAssignedTo":{"Balance":0.00,"DiscordId":"300782215560691713","Id":22,"UserName":"tyler.nguyen6789@gmail.com","NormalizedUserName":"TYLER.NGUYEN6789@GMAIL.COM","Email":"tyler.nguyen6789@gmail.com","NormalizedEmail":"TYLER.NGUYEN6789@GMAIL.COM","EmailConfirmed":false,"PasswordHash":"AQAAAAEAACcQAAAAEB746zsoqXJ7cHuRQ/NA4FvhQlcfA8J0MMV6Yqi6uWtx6KlXpvrMLEer9NVX/eOSlA==","SecurityStamp":"JOAU5MUL2GTXRC37IVHZ5N53CRHB4TC4","ConcurrencyStamp":"c0b6ba01-0b28-4423-8049-155201fdef23","PhoneNumber":null,"PhoneNumberConfirmed":false,"TwoFactorEnabled":false,"LockoutEnd":null,"LockoutEnabled":true,"AccessFailedCount":0},"BoosterCompletionConfirmed":true,"CustomerCompletionConfirmed":false,"Pricing":"18.82","BoosterPricing":null,"JobAvailable":false,"PayPalApproval":"https://www.paypal.com/checkoutnow?token=9NP94573YP6037409","PayPalCapture":"https://api.paypal.com/v2/checkout/orders/9NP94573YP6037409/capture","PurchaseType":0}]', CAST(N'2020-11-03T20:03:53.6655067' AS DateTime2))
GO
INSERT [LeagueOfLegendsAuditModel] ([Id], [UserId], [Action], [DateTime]) VALUES (23, 20064, N'Accepted Job By Booster [{"Id":37,"CoachingModel":null,"BoostingModel":null,"PlacementMatchesModel":null,"WinBoostModel":null,"PersonalInformation":{"Id":37,"UserName":"?ovember11","Password":"November11!!","FirstName":"James","LastName":"Hlima","Email":"jameshlima007@gmail.com","Discord":"Json#0029","PaymentMethod":"Stripe","stripeToken":"tok_1HjSokF9YOHhm6ddtt5fJhmt"},"TFTPlacementModel":null,"TFTBoostingModel":null,"BoosterAssignedTo":{"Balance":0.00,"DiscordId":"564405597907451915","Id":20064,"UserName":"mrsmrs.tamo@yahoo.com","NormalizedUserName":"MRSMRS.TAMO@YAHOO.COM","Email":"mrsmrs.tamo@yahoo.com","NormalizedEmail":"MRSMRS.TAMO@YAHOO.COM","EmailConfirmed":true,"PasswordHash":"AQAAAAEAACcQAAAAEGsQLlLGeFW54+EJMTPYRCZ0yqzyqM6Ek8LbwEWLrSejY8AIAKyo8TRoTqcRczJjkQ==","SecurityStamp":"A3ZTWDGSTLQIO3FB3V7ZLRMCQ2A3RVFM","ConcurrencyStamp":"8a1c4d86-88b1-4fb6-86e9-11979cb40b5f","PhoneNumber":null,"PhoneNumberConfirmed":false,"TwoFactorEnabled":false,"LockoutEnd":null,"LockoutEnabled":true,"AccessFailedCount":0},"BoosterCompletionConfirmed":false,"CustomerCompletionConfirmed":false,"Pricing":"102.97","BoosterPricing":null,"JobAvailable":false,"PayPalApproval":null,"PayPalCapture":null,"PurchaseType":0}]', CAST(N'2020-11-03T21:16:26.6010147' AS DateTime2))
GO
INSERT [LeagueOfLegendsAuditModel] ([Id], [UserId], [Action], [DateTime]) VALUES (24, 10041, N'Cancelled Job By Booster [{"Id":28,"CoachingModel":null,"BoostingModel":null,"PlacementMatchesModel":null,"WinBoostModel":null,"PersonalInformation":{"Id":28,"UserName":null,"Password":null,"FirstName":null,"LastName":null,"Email":"aeidanya@gmail.com","Discord":"smol cat#8182","PaymentMethod":"Paypal","stripeToken":null},"TFTPlacementModel":null,"TFTBoostingModel":null,"BoosterAssignedTo":null,"BoosterCompletionConfirmed":false,"CustomerCompletionConfirmed":false,"Pricing":"100.3","BoosterPricing":null,"JobAvailable":true,"PayPalApproval":"https://www.paypal.com/checkoutnow?token=0HN54259HU278461X","PayPalCapture":"https://api.paypal.com/v2/checkout/orders/0HN54259HU278461X/capture","PurchaseType":1}]', CAST(N'2020-11-03T21:39:55.0014799' AS DateTime2))
GO
INSERT [LeagueOfLegendsAuditModel] ([Id], [UserId], [Action], [DateTime]) VALUES (25, 20058, N'Accepted Job By Booster [{"Id":28,"CoachingModel":null,"BoostingModel":null,"PlacementMatchesModel":null,"WinBoostModel":null,"PersonalInformation":{"Id":28,"UserName":null,"Password":null,"FirstName":null,"LastName":null,"Email":"aeidanya@gmail.com","Discord":"smol cat#8182","PaymentMethod":"Paypal","stripeToken":null},"TFTPlacementModel":null,"TFTBoostingModel":null,"BoosterAssignedTo":{"Balance":0.00,"DiscordId":"219081413268340737","Id":20058,"UserName":"dominikg2a@hotmail.com","NormalizedUserName":"DOMINIKG2A@HOTMAIL.COM","Email":"dominikg2a@hotmail.com","NormalizedEmail":"DOMINIKG2A@HOTMAIL.COM","EmailConfirmed":false,"PasswordHash":"AQAAAAEAACcQAAAAEGre843Jx9ANRDmJhZxe4u4lhwwRqQBcQGMHJkyYNWg3qM+RzaGMbNw5UvCcwpLUrQ==","SecurityStamp":"YFUN3HTU3N4PVV3V7XXUFCI53FMJAP35","ConcurrencyStamp":"c0777838-38e2-45e7-9fa3-b00141261199","PhoneNumber":null,"PhoneNumberConfirmed":false,"TwoFactorEnabled":false,"LockoutEnd":null,"LockoutEnabled":true,"AccessFailedCount":0},"BoosterCompletionConfirmed":false,"CustomerCompletionConfirmed":false,"Pricing":"100.3","BoosterPricing":null,"JobAvailable":false,"PayPalApproval":"https://www.paypal.com/checkoutnow?token=0HN54259HU278461X","PayPalCapture":"https://api.paypal.com/v2/checkout/orders/0HN54259HU278461X/capture","PurchaseType":1}]', CAST(N'2020-11-03T23:01:19.6562183' AS DateTime2))
GO
INSERT [LeagueOfLegendsAuditModel] ([Id], [UserId], [Action], [DateTime]) VALUES (26, 20058, N'Accepted Job By Booster [{"Id":38,"CoachingModel":null,"BoostingModel":null,"PlacementMatchesModel":null,"WinBoostModel":null,"PersonalInformation":{"Id":38,"UserName":null,"Password":null,"FirstName":"Steven","LastName":"Drenner","Email":"drennervc@gmail.com","Discord":"DREN#2774","PaymentMethod":"Paypal","stripeToken":null},"TFTPlacementModel":null,"TFTBoostingModel":null,"BoosterAssignedTo":{"Balance":0.00,"DiscordId":"219081413268340737","Id":20058,"UserName":"dominikg2a@hotmail.com","NormalizedUserName":"DOMINIKG2A@HOTMAIL.COM","Email":"dominikg2a@hotmail.com","NormalizedEmail":"DOMINIKG2A@HOTMAIL.COM","EmailConfirmed":false,"PasswordHash":"AQAAAAEAACcQAAAAEGre843Jx9ANRDmJhZxe4u4lhwwRqQBcQGMHJkyYNWg3qM+RzaGMbNw5UvCcwpLUrQ==","SecurityStamp":"YFUN3HTU3N4PVV3V7XXUFCI53FMJAP35","ConcurrencyStamp":"c0777838-38e2-45e7-9fa3-b00141261199","PhoneNumber":null,"PhoneNumberConfirmed":false,"TwoFactorEnabled":false,"LockoutEnd":null,"LockoutEnabled":true,"AccessFailedCount":0},"BoosterCompletionConfirmed":false,"CustomerCompletionConfirmed":false,"Pricing":"21.56","BoosterPricing":null,"JobAvailable":false,"PayPalApproval":"https://www.paypal.com/checkoutnow?token=7MR13080MB937501G","PayPalCapture":"https://api.paypal.com/v2/checkout/orders/7MR13080MB937501G/capture","PurchaseType":1}]', CAST(N'2020-11-03T23:57:29.0235721' AS DateTime2))
GO
INSERT [LeagueOfLegendsAuditModel] ([Id], [UserId], [Action], [DateTime]) VALUES (27, 20058, N'Cancelled Job By Booster [{"Id":28,"CoachingModel":null,"BoostingModel":null,"PlacementMatchesModel":null,"WinBoostModel":null,"PersonalInformation":{"Id":28,"UserName":null,"Password":null,"FirstName":null,"LastName":null,"Email":"aeidanya@gmail.com","Discord":"smol cat#8182","PaymentMethod":"Paypal","stripeToken":null},"TFTPlacementModel":null,"TFTBoostingModel":null,"BoosterAssignedTo":null,"BoosterCompletionConfirmed":false,"CustomerCompletionConfirmed":false,"Pricing":"100.3","BoosterPricing":null,"JobAvailable":true,"PayPalApproval":"https://www.paypal.com/checkoutnow?token=0HN54259HU278461X","PayPalCapture":"https://api.paypal.com/v2/checkout/orders/0HN54259HU278461X/capture","PurchaseType":1}]', CAST(N'2020-11-04T00:07:53.1821259' AS DateTime2))
GO
INSERT [LeagueOfLegendsAuditModel] ([Id], [UserId], [Action], [DateTime]) VALUES (28, 20058, N'Cancelled Job By Booster [{"Id":38,"CoachingModel":null,"BoostingModel":null,"PlacementMatchesModel":null,"WinBoostModel":null,"PersonalInformation":{"Id":38,"UserName":null,"Password":null,"FirstName":"Steven","LastName":"Drenner","Email":"drennervc@gmail.com","Discord":"DREN#2774","PaymentMethod":"Paypal","stripeToken":null},"TFTPlacementModel":null,"TFTBoostingModel":null,"BoosterAssignedTo":null,"BoosterCompletionConfirmed":false,"CustomerCompletionConfirmed":false,"Pricing":"21.56","BoosterPricing":null,"JobAvailable":true,"PayPalApproval":"https://www.paypal.com/checkoutnow?token=7MR13080MB937501G","PayPalCapture":"https://api.paypal.com/v2/checkout/orders/7MR13080MB937501G/capture","PurchaseType":1}]', CAST(N'2020-11-04T00:07:53.8448385' AS DateTime2))
GO
INSERT [LeagueOfLegendsAuditModel] ([Id], [UserId], [Action], [DateTime]) VALUES (29, 27, N'Completed Job By Booster [{"Id":36,"CoachingModel":null,"BoostingModel":null,"PlacementMatchesModel":null,"WinBoostModel":null,"PersonalInformation":{"Id":36,"UserName":null,"Password":null,"FirstName":"Alex","LastName":"Zheng","Email":"zhengalex2@gmail.com","Discord":"?Animosity?#0001","PaymentMethod":"Paypal","stripeToken":null},"TFTPlacementModel":null,"TFTBoostingModel":null,"BoosterAssignedTo":{"Balance":0.00,"DiscordId":"167513524719976448","Id":27,"UserName":"zygizthegamer@gmail.com","NormalizedUserName":"ZYGIZTHEGAMER@GMAIL.COM","Email":"zygizthegamer@gmail.com","NormalizedEmail":"ZYGIZTHEGAMER@GMAIL.COM","EmailConfirmed":false,"PasswordHash":"AQAAAAEAACcQAAAAELEliQiB2ypkDc5dc2zDhBJUvhWoHFDdGRaIxF0KCcyxy5sSe9jHpPy1uPLxF9p6vw==","SecurityStamp":"YFJYQ5M4OM2ARGLLLNDR7DFMA4IFGD5Y","ConcurrencyStamp":"a1faea80-5284-4f82-9889-702924024bb2","PhoneNumber":null,"PhoneNumberConfirmed":false,"TwoFactorEnabled":false,"LockoutEnd":null,"LockoutEnabled":true,"AccessFailedCount":0},"BoosterCompletionConfirmed":true,"CustomerCompletionConfirmed":false,"Pricing":"15.83","BoosterPricing":null,"JobAvailable":false,"PayPalApproval":"https://www.paypal.com/checkoutnow?token=42B779866X390193H","PayPalCapture":"https://api.paypal.com/v2/checkout/orders/42B779866X390193H/capture","PurchaseType":1}]', CAST(N'2020-11-04T00:10:22.5594229' AS DateTime2))
GO
INSERT [LeagueOfLegendsAuditModel] ([Id], [UserId], [Action], [DateTime]) VALUES (30, 20064, N'Cancelled Job By Booster [{"Id":37,"CoachingModel":null,"BoostingModel":null,"PlacementMatchesModel":null,"WinBoostModel":null,"PersonalInformation":{"Id":37,"UserName":"?ovember11","Password":"November11!!","FirstName":"James","LastName":"Hlima","Email":"jameshlima007@gmail.com","Discord":"Json#0029","PaymentMethod":"Stripe","stripeToken":"tok_1HjSokF9YOHhm6ddtt5fJhmt"},"TFTPlacementModel":null,"TFTBoostingModel":null,"BoosterAssignedTo":null,"BoosterCompletionConfirmed":false,"CustomerCompletionConfirmed":false,"Pricing":"102.97","BoosterPricing":null,"JobAvailable":true,"PayPalApproval":null,"PayPalCapture":null,"PurchaseType":0}]', CAST(N'2020-11-04T00:53:15.4644366' AS DateTime2))
GO
INSERT [LeagueOfLegendsAuditModel] ([Id], [UserId], [Action], [DateTime]) VALUES (31, 20064, N'Accepted Job By Booster [{"Id":38,"CoachingModel":null,"BoostingModel":null,"PlacementMatchesModel":null,"WinBoostModel":null,"PersonalInformation":{"Id":38,"UserName":null,"Password":null,"FirstName":"Steven","LastName":"Drenner","Email":"drennervc@gmail.com","Discord":"DREN#2774","PaymentMethod":"Paypal","stripeToken":null},"TFTPlacementModel":null,"TFTBoostingModel":null,"BoosterAssignedTo":{"Balance":0.00,"DiscordId":"564405597907451915","Id":20064,"UserName":"mrsmrs.tamo@yahoo.com","NormalizedUserName":"MRSMRS.TAMO@YAHOO.COM","Email":"mrsmrs.tamo@yahoo.com","NormalizedEmail":"MRSMRS.TAMO@YAHOO.COM","EmailConfirmed":true,"PasswordHash":"AQAAAAEAACcQAAAAEGsQLlLGeFW54+EJMTPYRCZ0yqzyqM6Ek8LbwEWLrSejY8AIAKyo8TRoTqcRczJjkQ==","SecurityStamp":"A3ZTWDGSTLQIO3FB3V7ZLRMCQ2A3RVFM","ConcurrencyStamp":"8a1c4d86-88b1-4fb6-86e9-11979cb40b5f","PhoneNumber":null,"PhoneNumberConfirmed":false,"TwoFactorEnabled":false,"LockoutEnd":null,"LockoutEnabled":true,"AccessFailedCount":0},"BoosterCompletionConfirmed":false,"CustomerCompletionConfirmed":false,"Pricing":"21.56","BoosterPricing":null,"JobAvailable":false,"PayPalApproval":"https://www.paypal.com/checkoutnow?token=7MR13080MB937501G","PayPalCapture":"https://api.paypal.com/v2/checkout/orders/7MR13080MB937501G/capture","PurchaseType":1}]', CAST(N'2020-11-04T00:58:07.6589658' AS DateTime2))
GO
INSERT [LeagueOfLegendsAuditModel] ([Id], [UserId], [Action], [DateTime]) VALUES (32, 20064, N'Cancelled Job By Booster [{"Id":38,"CoachingModel":null,"BoostingModel":null,"PlacementMatchesModel":null,"WinBoostModel":null,"PersonalInformation":{"Id":38,"UserName":null,"Password":null,"FirstName":"Steven","LastName":"Drenner","Email":"drennervc@gmail.com","Discord":"DREN#2774","PaymentMethod":"Paypal","stripeToken":null},"TFTPlacementModel":null,"TFTBoostingModel":null,"BoosterAssignedTo":null,"BoosterCompletionConfirmed":false,"CustomerCompletionConfirmed":false,"Pricing":"21.56","BoosterPricing":null,"JobAvailable":true,"PayPalApproval":"https://www.paypal.com/checkoutnow?token=7MR13080MB937501G","PayPalCapture":"https://api.paypal.com/v2/checkout/orders/7MR13080MB937501G/capture","PurchaseType":1}]', CAST(N'2020-11-04T00:59:39.1426426' AS DateTime2))
GO
INSERT [LeagueOfLegendsAuditModel] ([Id], [UserId], [Action], [DateTime]) VALUES (33, 27, N'Accepted Job By Booster [{"Id":38,"CoachingModel":null,"BoostingModel":null,"PlacementMatchesModel":null,"WinBoostModel":null,"PersonalInformation":{"Id":38,"UserName":null,"Password":null,"FirstName":"Steven","LastName":"Drenner","Email":"drennervc@gmail.com","Discord":"DREN#2774","PaymentMethod":"Paypal","stripeToken":null},"TFTPlacementModel":null,"TFTBoostingModel":null,"BoosterAssignedTo":{"Balance":0.00,"DiscordId":"167513524719976448","Id":27,"UserName":"zygizthegamer@gmail.com","NormalizedUserName":"ZYGIZTHEGAMER@GMAIL.COM","Email":"zygizthegamer@gmail.com","NormalizedEmail":"ZYGIZTHEGAMER@GMAIL.COM","EmailConfirmed":false,"PasswordHash":"AQAAAAEAACcQAAAAELEliQiB2ypkDc5dc2zDhBJUvhWoHFDdGRaIxF0KCcyxy5sSe9jHpPy1uPLxF9p6vw==","SecurityStamp":"YFJYQ5M4OM2ARGLLLNDR7DFMA4IFGD5Y","ConcurrencyStamp":"a1faea80-5284-4f82-9889-702924024bb2","PhoneNumber":null,"PhoneNumberConfirmed":false,"TwoFactorEnabled":false,"LockoutEnd":null,"LockoutEnabled":true,"AccessFailedCount":0},"BoosterCompletionConfirmed":false,"CustomerCompletionConfirmed":false,"Pricing":"21.56","BoosterPricing":null,"JobAvailable":false,"PayPalApproval":"https://www.paypal.com/checkoutnow?token=7MR13080MB937501G","PayPalCapture":"https://api.paypal.com/v2/checkout/orders/7MR13080MB937501G/capture","PurchaseType":1}]', CAST(N'2020-11-04T02:20:28.2854699' AS DateTime2))
GO
INSERT [LeagueOfLegendsAuditModel] ([Id], [UserId], [Action], [DateTime]) VALUES (34, 27, N'Cancelled Job By Booster [{"Id":38,"CoachingModel":null,"BoostingModel":null,"PlacementMatchesModel":null,"WinBoostModel":null,"PersonalInformation":{"Id":38,"UserName":null,"Password":null,"FirstName":"Steven","LastName":"Drenner","Email":"drennervc@gmail.com","Discord":"DREN#2774","PaymentMethod":"Paypal","stripeToken":null},"TFTPlacementModel":null,"TFTBoostingModel":null,"BoosterAssignedTo":null,"BoosterCompletionConfirmed":false,"CustomerCompletionConfirmed":false,"Pricing":"21.56","BoosterPricing":null,"JobAvailable":true,"PayPalApproval":"https://www.paypal.com/checkoutnow?token=7MR13080MB937501G","PayPalCapture":"https://api.paypal.com/v2/checkout/orders/7MR13080MB937501G/capture","PurchaseType":1}]', CAST(N'2020-11-04T02:43:38.4619997' AS DateTime2))
GO
INSERT [LeagueOfLegendsAuditModel] ([Id], [UserId], [Action], [DateTime]) VALUES (35, 20058, N'Accepted Job By Booster [{"Id":28,"CoachingModel":null,"BoostingModel":null,"PlacementMatchesModel":null,"WinBoostModel":null,"PersonalInformation":{"Id":28,"UserName":null,"Password":null,"FirstName":null,"LastName":null,"Email":"aeidanya@gmail.com","Discord":"smol cat#8182","PaymentMethod":"Paypal","stripeToken":null},"TFTPlacementModel":null,"TFTBoostingModel":null,"BoosterAssignedTo":{"Balance":0.00,"DiscordId":"219081413268340737","Id":20058,"UserName":"dominikg2a@hotmail.com","NormalizedUserName":"DOMINIKG2A@HOTMAIL.COM","Email":"dominikg2a@hotmail.com","NormalizedEmail":"DOMINIKG2A@HOTMAIL.COM","EmailConfirmed":false,"PasswordHash":"AQAAAAEAACcQAAAAEGre843Jx9ANRDmJhZxe4u4lhwwRqQBcQGMHJkyYNWg3qM+RzaGMbNw5UvCcwpLUrQ==","SecurityStamp":"YFUN3HTU3N4PVV3V7XXUFCI53FMJAP35","ConcurrencyStamp":"c0777838-38e2-45e7-9fa3-b00141261199","PhoneNumber":null,"PhoneNumberConfirmed":false,"TwoFactorEnabled":false,"LockoutEnd":null,"LockoutEnabled":true,"AccessFailedCount":0},"BoosterCompletionConfirmed":false,"CustomerCompletionConfirmed":false,"Pricing":"100.3","BoosterPricing":null,"JobAvailable":false,"PayPalApproval":"https://www.paypal.com/checkoutnow?token=0HN54259HU278461X","PayPalCapture":"https://api.paypal.com/v2/checkout/orders/0HN54259HU278461X/capture","PurchaseType":1}]', CAST(N'2020-11-04T09:20:17.8079955' AS DateTime2))
GO
INSERT [LeagueOfLegendsAuditModel] ([Id], [UserId], [Action], [DateTime]) VALUES (36, 20058, N'Accepted Job By Booster [{"Id":37,"CoachingModel":null,"BoostingModel":null,"PlacementMatchesModel":null,"WinBoostModel":null,"PersonalInformation":{"Id":37,"UserName":"?ovember11","Password":"November11!!","FirstName":"James","LastName":"Hlima","Email":"jameshlima007@gmail.com","Discord":"Json#0029","PaymentMethod":"Stripe","stripeToken":"tok_1HjSokF9YOHhm6ddtt5fJhmt"},"TFTPlacementModel":null,"TFTBoostingModel":null,"BoosterAssignedTo":{"Balance":0.00,"DiscordId":"219081413268340737","Id":20058,"UserName":"dominikg2a@hotmail.com","NormalizedUserName":"DOMINIKG2A@HOTMAIL.COM","Email":"dominikg2a@hotmail.com","NormalizedEmail":"DOMINIKG2A@HOTMAIL.COM","EmailConfirmed":false,"PasswordHash":"AQAAAAEAACcQAAAAEGre843Jx9ANRDmJhZxe4u4lhwwRqQBcQGMHJkyYNWg3qM+RzaGMbNw5UvCcwpLUrQ==","SecurityStamp":"YFUN3HTU3N4PVV3V7XXUFCI53FMJAP35","ConcurrencyStamp":"c0777838-38e2-45e7-9fa3-b00141261199","PhoneNumber":null,"PhoneNumberConfirmed":false,"TwoFactorEnabled":false,"LockoutEnd":null,"LockoutEnabled":true,"AccessFailedCount":0},"BoosterCompletionConfirmed":false,"CustomerCompletionConfirmed":false,"Pricing":"102.97","BoosterPricing":null,"JobAvailable":false,"PayPalApproval":null,"PayPalCapture":null,"PurchaseType":0}]', CAST(N'2020-11-04T09:21:31.0718581' AS DateTime2))
GO
INSERT [LeagueOfLegendsAuditModel] ([Id], [UserId], [Action], [DateTime]) VALUES (37, 20064, N'Accepted Job By Booster [{"Id":38,"CoachingModel":null,"BoostingModel":null,"PlacementMatchesModel":null,"WinBoostModel":null,"PersonalInformation":{"Id":38,"UserName":null,"Password":null,"FirstName":"Steven","LastName":"Drenner","Email":"drennervc@gmail.com","Discord":"DREN#2774","PaymentMethod":"Paypal","stripeToken":null},"TFTPlacementModel":null,"TFTBoostingModel":null,"BoosterAssignedTo":{"Balance":0.00,"DiscordId":"564405597907451915","Id":20064,"UserName":"mrsmrs.tamo@yahoo.com","NormalizedUserName":"MRSMRS.TAMO@YAHOO.COM","Email":"mrsmrs.tamo@yahoo.com","NormalizedEmail":"MRSMRS.TAMO@YAHOO.COM","EmailConfirmed":true,"PasswordHash":"AQAAAAEAACcQAAAAEGsQLlLGeFW54+EJMTPYRCZ0yqzyqM6Ek8LbwEWLrSejY8AIAKyo8TRoTqcRczJjkQ==","SecurityStamp":"A3ZTWDGSTLQIO3FB3V7ZLRMCQ2A3RVFM","ConcurrencyStamp":"8a1c4d86-88b1-4fb6-86e9-11979cb40b5f","PhoneNumber":null,"PhoneNumberConfirmed":false,"TwoFactorEnabled":false,"LockoutEnd":null,"LockoutEnabled":true,"AccessFailedCount":0},"BoosterCompletionConfirmed":false,"CustomerCompletionConfirmed":false,"Pricing":"21.56","BoosterPricing":null,"JobAvailable":false,"PayPalApproval":"https://www.paypal.com/checkoutnow?token=7MR13080MB937501G","PayPalCapture":"https://api.paypal.com/v2/checkout/orders/7MR13080MB937501G/capture","PurchaseType":1}]', CAST(N'2020-11-04T16:28:00.5375860' AS DateTime2))
GO
INSERT [LeagueOfLegendsAuditModel] ([Id], [UserId], [Action], [DateTime]) VALUES (38, 20064, N'Cancelled Job By Booster [{"Id":38,"CoachingModel":null,"BoostingModel":null,"PlacementMatchesModel":null,"WinBoostModel":null,"PersonalInformation":{"Id":38,"UserName":null,"Password":null,"FirstName":"Steven","LastName":"Drenner","Email":"drennervc@gmail.com","Discord":"DREN#2774","PaymentMethod":"Paypal","stripeToken":null},"TFTPlacementModel":null,"TFTBoostingModel":null,"BoosterAssignedTo":null,"BoosterCompletionConfirmed":false,"CustomerCompletionConfirmed":false,"Pricing":"21.56","BoosterPricing":null,"JobAvailable":true,"PayPalApproval":"https://www.paypal.com/checkoutnow?token=7MR13080MB937501G","PayPalCapture":"https://api.paypal.com/v2/checkout/orders/7MR13080MB937501G/capture","PurchaseType":1}]', CAST(N'2020-11-04T16:47:08.4985274' AS DateTime2))
GO
INSERT [LeagueOfLegendsAuditModel] ([Id], [UserId], [Action], [DateTime]) VALUES (39, 36, N'Accepted Job By Booster [{"Id":38,"CoachingModel":null,"BoostingModel":null,"PlacementMatchesModel":null,"WinBoostModel":null,"PersonalInformation":{"Id":38,"UserName":null,"Password":null,"FirstName":"Steven","LastName":"Drenner","Email":"drennervc@gmail.com","Discord":"DREN#2774","PaymentMethod":"Paypal","stripeToken":null},"TFTPlacementModel":null,"TFTBoostingModel":null,"BoosterAssignedTo":{"Balance":0.00,"DiscordId":"178882301176840192","Id":36,"UserName":"adzwind1579@gmail.com","NormalizedUserName":"ADZWIND1579@GMAIL.COM","Email":"adzwind1579@gmail.com","NormalizedEmail":"ADZWIND1579@GMAIL.COM","EmailConfirmed":false,"PasswordHash":"AQAAAAEAACcQAAAAEEd28BoM0bCr3NI4K7piKFFyEtVfCG0LxhvRlhw0QL1AQ9/sGZvtfRxE3QJS/WdxQg==","SecurityStamp":"TEBBINDDBUUZTIECGLXUYBPA66Y2PVMP","ConcurrencyStamp":"d9f1e5dc-b9aa-49a7-97b3-bc0acf60f46f","PhoneNumber":null,"PhoneNumberConfirmed":false,"TwoFactorEnabled":false,"LockoutEnd":null,"LockoutEnabled":true,"AccessFailedCount":0},"BoosterCompletionConfirmed":false,"CustomerCompletionConfirmed":false,"Pricing":"21.56","BoosterPricing":null,"JobAvailable":false,"PayPalApproval":"https://www.paypal.com/checkoutnow?token=7MR13080MB937501G","PayPalCapture":"https://api.paypal.com/v2/checkout/orders/7MR13080MB937501G/capture","PurchaseType":1}]', CAST(N'2020-11-04T18:53:03.1440482' AS DateTime2))
GO
INSERT [LeagueOfLegendsAuditModel] ([Id], [UserId], [Action], [DateTime]) VALUES (40, 36, N'Cancelled Job By Booster [{"Id":38,"CoachingModel":null,"BoostingModel":null,"PlacementMatchesModel":null,"WinBoostModel":null,"PersonalInformation":{"Id":38,"UserName":null,"Password":null,"FirstName":"Steven","LastName":"Drenner","Email":"drennervc@gmail.com","Discord":"DREN#2774","PaymentMethod":"Paypal","stripeToken":null},"TFTPlacementModel":null,"TFTBoostingModel":null,"BoosterAssignedTo":null,"BoosterCompletionConfirmed":false,"CustomerCompletionConfirmed":false,"Pricing":"21.56","BoosterPricing":null,"JobAvailable":true,"PayPalApproval":"https://www.paypal.com/checkoutnow?token=7MR13080MB937501G","PayPalCapture":"https://api.paypal.com/v2/checkout/orders/7MR13080MB937501G/capture","PurchaseType":1}]', CAST(N'2020-11-04T20:00:59.2594835' AS DateTime2))
GO
INSERT [LeagueOfLegendsAuditModel] ([Id], [UserId], [Action], [DateTime]) VALUES (41, 36, N'Accepted Job By Booster [{"Id":38,"CoachingModel":null,"BoostingModel":null,"PlacementMatchesModel":null,"WinBoostModel":null,"PersonalInformation":{"Id":38,"UserName":null,"Password":null,"FirstName":"Steven","LastName":"Drenner","Email":"drennervc@gmail.com","Discord":"DREN#2774","PaymentMethod":"Paypal","stripeToken":null},"TFTPlacementModel":null,"TFTBoostingModel":null,"BoosterAssignedTo":{"Balance":0.00,"DiscordId":"178882301176840192","Id":36,"UserName":"adzwind1579@gmail.com","NormalizedUserName":"ADZWIND1579@GMAIL.COM","Email":"adzwind1579@gmail.com","NormalizedEmail":"ADZWIND1579@GMAIL.COM","EmailConfirmed":false,"PasswordHash":"AQAAAAEAACcQAAAAEEd28BoM0bCr3NI4K7piKFFyEtVfCG0LxhvRlhw0QL1AQ9/sGZvtfRxE3QJS/WdxQg==","SecurityStamp":"TEBBINDDBUUZTIECGLXUYBPA66Y2PVMP","ConcurrencyStamp":"d9f1e5dc-b9aa-49a7-97b3-bc0acf60f46f","PhoneNumber":null,"PhoneNumberConfirmed":false,"TwoFactorEnabled":false,"LockoutEnd":null,"LockoutEnabled":true,"AccessFailedCount":0},"BoosterCompletionConfirmed":false,"CustomerCompletionConfirmed":false,"Pricing":"21.56","BoosterPricing":null,"JobAvailable":false,"PayPalApproval":"https://www.paypal.com/checkoutnow?token=7MR13080MB937501G","PayPalCapture":"https://api.paypal.com/v2/checkout/orders/7MR13080MB937501G/capture","PurchaseType":1}]', CAST(N'2020-11-04T20:01:19.5047157' AS DateTime2))
GO
INSERT [LeagueOfLegendsAuditModel] ([Id], [UserId], [Action], [DateTime]) VALUES (42, 36, N'Cancelled Job By Booster [{"Id":38,"CoachingModel":null,"BoostingModel":null,"PlacementMatchesModel":null,"WinBoostModel":null,"PersonalInformation":{"Id":38,"UserName":null,"Password":null,"FirstName":"Steven","LastName":"Drenner","Email":"drennervc@gmail.com","Discord":"DREN#2774","PaymentMethod":"Paypal","stripeToken":null},"TFTPlacementModel":null,"TFTBoostingModel":null,"BoosterAssignedTo":null,"BoosterCompletionConfirmed":false,"CustomerCompletionConfirmed":false,"Pricing":"21.56","BoosterPricing":null,"JobAvailable":true,"PayPalApproval":"https://www.paypal.com/checkoutnow?token=7MR13080MB937501G","PayPalCapture":"https://api.paypal.com/v2/checkout/orders/7MR13080MB937501G/capture","PurchaseType":1}]', CAST(N'2020-11-04T20:01:24.3057751' AS DateTime2))
GO
INSERT [LeagueOfLegendsAuditModel] ([Id], [UserId], [Action], [DateTime]) VALUES (43, 10047, N'Accepted Job By Booster [{"Id":40,"CoachingModel":null,"BoostingModel":null,"PlacementMatchesModel":null,"WinBoostModel":null,"PersonalInformation":{"Id":40,"UserName":null,"Password":null,"FirstName":null,"LastName":null,"Email":"morice.gudd@gmail.com","Discord":"Paradyse#2273","PaymentMethod":"Paypal","stripeToken":null},"TFTPlacementModel":null,"TFTBoostingModel":null,"BoosterAssignedTo":{"Balance":0.00,"DiscordId":"310440282506264577","Id":10047,"UserName":"mathieu@kompu.be","NormalizedUserName":"MATHIEU@KOMPU.BE","Email":"mathieu@kompu.be","NormalizedEmail":"MATHIEU@KOMPU.BE","EmailConfirmed":false,"PasswordHash":"AQAAAAEAACcQAAAAEJBYxZpRVtV8UpDLHfY+p0YvP2L3l1ERNuxw/QYAtoLU58LBGxoCHpd4K0BAavVTIg==","SecurityStamp":"LCC27TQK26BWCND53HK2XWQA55UANX5Y","ConcurrencyStamp":"3d2e7178-ca6e-4ad5-8148-902097f399f2","PhoneNumber":null,"PhoneNumberConfirmed":false,"TwoFactorEnabled":false,"LockoutEnd":null,"LockoutEnabled":true,"AccessFailedCount":0},"BoosterCompletionConfirmed":false,"CustomerCompletionConfirmed":false,"Pricing":"16","BoosterPricing":null,"JobAvailable":false,"PayPalApproval":"https://www.paypal.com/checkoutnow?token=8BE79830BE7713631","PayPalCapture":"https://api.paypal.com/v2/checkout/orders/8BE79830BE7713631/capture","PurchaseType":3}]', CAST(N'2020-11-04T20:21:17.4055283' AS DateTime2))
GO
INSERT [LeagueOfLegendsAuditModel] ([Id], [UserId], [Action], [DateTime]) VALUES (44, 9, N'Accepted Job By Booster [{"Id":39,"CoachingModel":null,"BoostingModel":null,"PlacementMatchesModel":null,"WinBoostModel":null,"PersonalInformation":{"Id":39,"UserName":"333djr","Password":"rockman123!","FirstName":null,"LastName":null,"Email":"zaiseric@gmail.com","Discord":"djr#6460","PaymentMethod":"Paypal","stripeToken":null},"TFTPlacementModel":null,"TFTBoostingModel":null,"BoosterAssignedTo":{"Balance":0.00,"DiscordId":"600652281376931840","Id":9,"UserName":"bmsgarfield@gmail.com","NormalizedUserName":"BMSGARFIELD@GMAIL.COM","Email":"bmsgarfield@gmail.com","NormalizedEmail":"BMSGARFIELD@GMAIL.COM","EmailConfirmed":false,"PasswordHash":"AQAAAAEAACcQAAAAEJLzW0QqRhuyzSSwzDroP1+kSZK223mBUBHK0zhfkTL7oh3P87CZG7D9M5SPVNApSQ==","SecurityStamp":"JOPDRFKP2IQJZUAJ6F5NOI4CGOLBHGNU","ConcurrencyStamp":"c85a0ffc-6ee6-4988-a0ed-2538800547ad","PhoneNumber":null,"PhoneNumberConfirmed":false,"TwoFactorEnabled":false,"LockoutEnd":null,"LockoutEnabled":true,"AccessFailedCount":0},"BoosterCompletionConfirmed":false,"CustomerCompletionConfirmed":false,"Pricing":"20.78","BoosterPricing":null,"JobAvailable":false,"PayPalApproval":"https://www.paypal.com/checkoutnow?token=7FY238918H575902T","PayPalCapture":"https://api.paypal.com/v2/checkout/orders/7FY238918H575902T/capture","PurchaseType":0}]', CAST(N'2020-11-04T20:56:02.1258658' AS DateTime2))
GO
INSERT [LeagueOfLegendsAuditModel] ([Id], [UserId], [Action], [DateTime]) VALUES (45, 10047, N'Cancelled Job By Booster [{"Id":40,"CoachingModel":null,"BoostingModel":null,"PlacementMatchesModel":null,"WinBoostModel":null,"PersonalInformation":{"Id":40,"UserName":null,"Password":null,"FirstName":null,"LastName":null,"Email":"morice.gudd@gmail.com","Discord":"Paradyse#2273","PaymentMethod":"Paypal","stripeToken":null},"TFTPlacementModel":null,"TFTBoostingModel":null,"BoosterAssignedTo":null,"BoosterCompletionConfirmed":false,"CustomerCompletionConfirmed":false,"Pricing":"16","BoosterPricing":null,"JobAvailable":true,"PayPalApproval":"https://www.paypal.com/checkoutnow?token=8BE79830BE7713631","PayPalCapture":"https://api.paypal.com/v2/checkout/orders/8BE79830BE7713631/capture","PurchaseType":3}]', CAST(N'2020-11-04T21:09:08.1297333' AS DateTime2))
GO
INSERT [LeagueOfLegendsAuditModel] ([Id], [UserId], [Action], [DateTime]) VALUES (46, 20066, N'Accepted Job By Booster [{"Id":40,"CoachingModel":null,"BoostingModel":null,"PlacementMatchesModel":null,"WinBoostModel":null,"PersonalInformation":{"Id":40,"UserName":null,"Password":null,"FirstName":null,"LastName":null,"Email":"morice.gudd@gmail.com","Discord":"Paradyse#2273","PaymentMethod":"Paypal","stripeToken":null},"TFTPlacementModel":null,"TFTBoostingModel":null,"BoosterAssignedTo":{"Balance":0.00,"DiscordId":"352479770392395787","Id":20066,"UserName":"nikolakunchov@gmail.com","NormalizedUserName":"NIKOLAKUNCHOV@GMAIL.COM","Email":"nikolakunchov@gmail.com","NormalizedEmail":"NIKOLAKUNCHOV@GMAIL.COM","EmailConfirmed":false,"PasswordHash":"AQAAAAEAACcQAAAAENDwbtFNfsZCj0770AkqDUCdD5u1/RDtFLZVoLbxfodX3EfMz0XrXL4n24orQ/wMtA==","SecurityStamp":"5VB6DAI6YVZKDJTNP2N245D66BFGYICJ","ConcurrencyStamp":"41fe1cec-8d03-4ad0-9ecb-d109cd3ad976","PhoneNumber":null,"PhoneNumberConfirmed":false,"TwoFactorEnabled":false,"LockoutEnd":null,"LockoutEnabled":true,"AccessFailedCount":0},"BoosterCompletionConfirmed":false,"CustomerCompletionConfirmed":false,"Pricing":"16","BoosterPricing":null,"JobAvailable":false,"PayPalApproval":"https://www.paypal.com/checkoutnow?token=8BE79830BE7713631","PayPalCapture":"https://api.paypal.com/v2/checkout/orders/8BE79830BE7713631/capture","PurchaseType":3}]', CAST(N'2020-11-04T21:15:21.4470076' AS DateTime2))
GO
INSERT [LeagueOfLegendsAuditModel] ([Id], [UserId], [Action], [DateTime]) VALUES (47, 20062, N'Accepted Job By Booster [{"Id":41,"CoachingModel":null,"BoostingModel":null,"PlacementMatchesModel":null,"WinBoostModel":null,"PersonalInformation":{"Id":41,"UserName":"tapisrouge","Password":"Dubnation1!","FirstName":"Pooka","LastName":"Park","Email":"zumanity17@gmail.com","Discord":"Zercei#9383","PaymentMethod":"Paypal","stripeToken":null},"TFTPlacementModel":null,"TFTBoostingModel":null,"BoosterAssignedTo":{"Balance":0.00,"DiscordId":"309020515459399680","Id":20062,"UserName":"bentheblaster27@gmail.com","NormalizedUserName":"BENTHEBLASTER27@GMAIL.COM","Email":"bentheblaster27@gmail.com","NormalizedEmail":"BENTHEBLASTER27@GMAIL.COM","EmailConfirmed":false,"PasswordHash":"AQAAAAEAACcQAAAAEIbX6lW8+QSKMEmk+ibYNbi8pO6l/IQMU7DTCzqzwPuoyru/clu7IxWOjPtkEOFXdQ==","SecurityStamp":"37P5VLX7FJRFRLUERARZSPVQ4Z2IFL6Y","ConcurrencyStamp":"332cdfa5-4857-4a98-8a2e-d57f1b87d35e","PhoneNumber":null,"PhoneNumberConfirmed":false,"TwoFactorEnabled":false,"LockoutEnd":null,"LockoutEnabled":true,"AccessFailedCount":0},"BoosterCompletionConfirmed":false,"CustomerCompletionConfirmed":false,"Pricing":"20.7","BoosterPricing":null,"JobAvailable":false,"PayPalApproval":"https://www.paypal.com/checkoutnow?token=8A231722A6056924W","PayPalCapture":"https://api.paypal.com/v2/checkout/orders/8A231722A6056924W/capture","PurchaseType":0}]', CAST(N'2020-11-05T06:19:20.8553777' AS DateTime2))
GO
INSERT [LeagueOfLegendsAuditModel] ([Id], [UserId], [Action], [DateTime]) VALUES (48, 1, N'Accepted Job By Booster [{"Id":38,"CoachingModel":null,"BoostingModel":null,"PlacementMatchesModel":null,"WinBoostModel":null,"PersonalInformation":{"Id":38,"UserName":null,"Password":null,"FirstName":"Steven","LastName":"Drenner","Email":"drennervc@gmail.com","Discord":"DREN#2774","PaymentMethod":"Paypal","stripeToken":null},"TFTPlacementModel":null,"TFTBoostingModel":null,"BoosterAssignedTo":{"Balance":0.00,"DiscordId":"1234","Id":1,"UserName":"info@spartanboosting.com","NormalizedUserName":"INFO@SPARTANBOOSTING.COM","Email":"info@spartanboosting.com","NormalizedEmail":"INFO@SPARTANBOOSTING.COM","EmailConfirmed":false,"PasswordHash":"AQAAAAEAACcQAAAAEFon0BF3hYg2eI4tADSqBc4RW0IAlZm4mrx1dRTIgJAyLgg4uICeBDW+JpeXmR72tA==","SecurityStamp":"CGHZ4LML7NBCFMYNEXAF6G3AHXWTN6CF","ConcurrencyStamp":"79a18ba0-f357-4b94-8198-7ca44b1e93ed","PhoneNumber":null,"PhoneNumberConfirmed":false,"TwoFactorEnabled":false,"LockoutEnd":null,"LockoutEnabled":true,"AccessFailedCount":0},"BoosterCompletionConfirmed":false,"CustomerCompletionConfirmed":false,"Pricing":"21.56","BoosterPricing":null,"JobAvailable":false,"PayPalApproval":"https://www.paypal.com/checkoutnow?token=7MR13080MB937501G","PayPalCapture":"https://api.paypal.com/v2/checkout/orders/7MR13080MB937501G/capture","PurchaseType":1}]', CAST(N'2020-11-05T09:27:33.2455979' AS DateTime2))
GO
INSERT [LeagueOfLegendsAuditModel] ([Id], [UserId], [Action], [DateTime]) VALUES (49, 20067, N'Accepted Job By Booster [{"Id":42,"CoachingModel":null,"BoostingModel":null,"PlacementMatchesModel":null,"WinBoostModel":null,"PersonalInformation":{"Id":42,"UserName":null,"Password":null,"FirstName":"Beni","LastName":"Bogalah","Email":"binyamin0122@gmail.com","Discord":"Papa Beni#9999","PaymentMethod":"Paypal","stripeToken":null},"TFTPlacementModel":null,"TFTBoostingModel":null,"BoosterAssignedTo":{"Balance":0.00,"DiscordId":"273301110188539904","Id":20067,"UserName":"tftcoach@protonmail.com","NormalizedUserName":"TFTCOACH@PROTONMAIL.COM","Email":"tftcoach@protonmail.com","NormalizedEmail":"TFTCOACH@PROTONMAIL.COM","EmailConfirmed":true,"PasswordHash":"AQAAAAEAACcQAAAAEFk1gVArhYnKzmgrBswARQAHhRIqiAquOlJgCxrjQoV3y4La9GQAbhJcULJXYlfhgg==","SecurityStamp":"3ZGN3SBG6AZEANRI63NNWSP5RD5SAUSR","ConcurrencyStamp":"abbc10c5-4b3a-4e39-be79-b3492d8be2ab","PhoneNumber":null,"PhoneNumberConfirmed":false,"TwoFactorEnabled":false,"LockoutEnd":null,"LockoutEnabled":true,"AccessFailedCount":0},"BoosterCompletionConfirmed":false,"CustomerCompletionConfirmed":false,"Pricing":"12","BoosterPricing":null,"JobAvailable":false,"PayPalApproval":"https://www.paypal.com/checkoutnow?token=47R17282XF961040A","PayPalCapture":"https://api.paypal.com/v2/checkout/orders/47R17282XF961040A/capture","PurchaseType":4}]', CAST(N'2020-11-05T10:02:22.3071430' AS DateTime2))
GO
INSERT [LeagueOfLegendsAuditModel] ([Id], [UserId], [Action], [DateTime]) VALUES (50, 20066, N'Completed Job By Booster [{"Id":40,"CoachingModel":null,"BoostingModel":null,"PlacementMatchesModel":null,"WinBoostModel":null,"PersonalInformation":{"Id":40,"UserName":null,"Password":null,"FirstName":null,"LastName":null,"Email":"morice.gudd@gmail.com","Discord":"Paradyse#2273","PaymentMethod":"Paypal","stripeToken":null},"TFTPlacementModel":null,"TFTBoostingModel":null,"BoosterAssignedTo":{"Balance":0.00,"DiscordId":"352479770392395787","Id":20066,"UserName":"nikolakunchov@gmail.com","NormalizedUserName":"NIKOLAKUNCHOV@GMAIL.COM","Email":"nikolakunchov@gmail.com","NormalizedEmail":"NIKOLAKUNCHOV@GMAIL.COM","EmailConfirmed":false,"PasswordHash":"AQAAAAEAACcQAAAAENDwbtFNfsZCj0770AkqDUCdD5u1/RDtFLZVoLbxfodX3EfMz0XrXL4n24orQ/wMtA==","SecurityStamp":"5VB6DAI6YVZKDJTNP2N245D66BFGYICJ","ConcurrencyStamp":"41fe1cec-8d03-4ad0-9ecb-d109cd3ad976","PhoneNumber":null,"PhoneNumberConfirmed":false,"TwoFactorEnabled":false,"LockoutEnd":null,"LockoutEnabled":true,"AccessFailedCount":0},"BoosterCompletionConfirmed":true,"CustomerCompletionConfirmed":false,"Pricing":"16","BoosterPricing":null,"JobAvailable":false,"PayPalApproval":"https://www.paypal.com/checkoutnow?token=8BE79830BE7713631","PayPalCapture":"https://api.paypal.com/v2/checkout/orders/8BE79830BE7713631/capture","PurchaseType":3}]', CAST(N'2020-11-05T13:15:57.7115844' AS DateTime2))
GO
INSERT [LeagueOfLegendsAuditModel] ([Id], [UserId], [Action], [DateTime]) VALUES (51, 20066, N'Accepted Job By Booster [{"Id":43,"CoachingModel":null,"BoostingModel":null,"PlacementMatchesModel":null,"WinBoostModel":null,"PersonalInformation":{"Id":43,"UserName":null,"Password":null,"FirstName":null,"LastName":null,"Email":"morice.gudd@gmail.com","Discord":"Paradyse#2273","PaymentMethod":"Paypal","stripeToken":null},"TFTPlacementModel":null,"TFTBoostingModel":null,"BoosterAssignedTo":{"Balance":0.00,"DiscordId":"352479770392395787","Id":20066,"UserName":"nikolakunchov@gmail.com","NormalizedUserName":"NIKOLAKUNCHOV@GMAIL.COM","Email":"nikolakunchov@gmail.com","NormalizedEmail":"NIKOLAKUNCHOV@GMAIL.COM","EmailConfirmed":true,"PasswordHash":"AQAAAAEAACcQAAAAENDwbtFNfsZCj0770AkqDUCdD5u1/RDtFLZVoLbxfodX3EfMz0XrXL4n24orQ/wMtA==","SecurityStamp":"5VB6DAI6YVZKDJTNP2N245D66BFGYICJ","ConcurrencyStamp":"4788bad8-6f7d-4da3-af38-ac55d06ee7b0","PhoneNumber":null,"PhoneNumberConfirmed":false,"TwoFactorEnabled":false,"LockoutEnd":null,"LockoutEnabled":true,"AccessFailedCount":0},"BoosterCompletionConfirmed":false,"CustomerCompletionConfirmed":false,"Pricing":"43.64","BoosterPricing":null,"JobAvailable":false,"PayPalApproval":"https://www.paypal.com/checkoutnow?token=6UE66876LK663952G","PayPalCapture":"https://api.paypal.com/v2/checkout/orders/6UE66876LK663952G/capture","PurchaseType":1}]', CAST(N'2020-11-05T20:39:06.7854957' AS DateTime2))
GO
INSERT [LeagueOfLegendsAuditModel] ([Id], [UserId], [Action], [DateTime]) VALUES (52, 20067, N'Completed Job By Booster [{"Id":42,"CoachingModel":null,"BoostingModel":null,"PlacementMatchesModel":null,"WinBoostModel":null,"PersonalInformation":{"Id":42,"UserName":null,"Password":null,"FirstName":"Beni","LastName":"Bogalah","Email":"binyamin0122@gmail.com","Discord":"Papa Beni#9999","PaymentMethod":"Paypal","stripeToken":null},"TFTPlacementModel":null,"TFTBoostingModel":null,"BoosterAssignedTo":{"Balance":0.00,"DiscordId":"273301110188539904","Id":20067,"UserName":"tftcoach@protonmail.com","NormalizedUserName":"TFTCOACH@PROTONMAIL.COM","Email":"tftcoach@protonmail.com","NormalizedEmail":"TFTCOACH@PROTONMAIL.COM","EmailConfirmed":true,"PasswordHash":"AQAAAAEAACcQAAAAEFk1gVArhYnKzmgrBswARQAHhRIqiAquOlJgCxrjQoV3y4La9GQAbhJcULJXYlfhgg==","SecurityStamp":"3ZGN3SBG6AZEANRI63NNWSP5RD5SAUSR","ConcurrencyStamp":"abbc10c5-4b3a-4e39-be79-b3492d8be2ab","PhoneNumber":null,"PhoneNumberConfirmed":false,"TwoFactorEnabled":false,"LockoutEnd":null,"LockoutEnabled":true,"AccessFailedCount":0},"BoosterCompletionConfirmed":true,"CustomerCompletionConfirmed":false,"Pricing":"12","BoosterPricing":null,"JobAvailable":false,"PayPalApproval":"https://www.paypal.com/checkoutnow?token=47R17282XF961040A","PayPalCapture":"https://api.paypal.com/v2/checkout/orders/47R17282XF961040A/capture","PurchaseType":4}]', CAST(N'2020-11-06T01:04:03.1908253' AS DateTime2))
GO
INSERT [LeagueOfLegendsAuditModel] ([Id], [UserId], [Action], [DateTime]) VALUES (53, 9, N'Completed Job By Booster [{"Id":39,"CoachingModel":null,"BoostingModel":null,"PlacementMatchesModel":null,"WinBoostModel":null,"PersonalInformation":{"Id":39,"UserName":"333djr","Password":"rockman123!","FirstName":null,"LastName":null,"Email":"zaiseric@gmail.com","Discord":"djr#6460","PaymentMethod":"Paypal","stripeToken":null},"TFTPlacementModel":null,"TFTBoostingModel":null,"BoosterAssignedTo":{"Balance":0.00,"DiscordId":"600652281376931840","Id":9,"UserName":"bmsgarfield@gmail.com","NormalizedUserName":"BMSGARFIELD@GMAIL.COM","Email":"bmsgarfield@gmail.com","NormalizedEmail":"BMSGARFIELD@GMAIL.COM","EmailConfirmed":false,"PasswordHash":"AQAAAAEAACcQAAAAEJLzW0QqRhuyzSSwzDroP1+kSZK223mBUBHK0zhfkTL7oh3P87CZG7D9M5SPVNApSQ==","SecurityStamp":"JOPDRFKP2IQJZUAJ6F5NOI4CGOLBHGNU","ConcurrencyStamp":"c85a0ffc-6ee6-4988-a0ed-2538800547ad","PhoneNumber":null,"PhoneNumberConfirmed":false,"TwoFactorEnabled":false,"LockoutEnd":null,"LockoutEnabled":true,"AccessFailedCount":0},"BoosterCompletionConfirmed":true,"CustomerCompletionConfirmed":false,"Pricing":"20.78","BoosterPricing":null,"JobAvailable":false,"PayPalApproval":"https://www.paypal.com/checkoutnow?token=7FY238918H575902T","PayPalCapture":"https://api.paypal.com/v2/checkout/orders/7FY238918H575902T/capture","PurchaseType":0}]', CAST(N'2020-11-06T09:03:12.9394951' AS DateTime2))
GO
INSERT [LeagueOfLegendsAuditModel] ([Id], [UserId], [Action], [DateTime]) VALUES (54, 36, N'Accepted Job By Booster [{"Id":44,"CoachingModel":null,"BoostingModel":null,"PlacementMatchesModel":null,"WinBoostModel":null,"PersonalInformation":{"Id":44,"UserName":null,"Password":null,"FirstName":"Willem","LastName":"Klose","Email":"willemklose@gmail.com","Discord":"MrMomo#8659","PaymentMethod":"Paypal","stripeToken":null},"TFTPlacementModel":null,"TFTBoostingModel":null,"BoosterAssignedTo":{"Balance":0.00,"DiscordId":"178882301176840192","Id":36,"UserName":"adzwind1579@gmail.com","NormalizedUserName":"ADZWIND1579@GMAIL.COM","Email":"adzwind1579@gmail.com","NormalizedEmail":"ADZWIND1579@GMAIL.COM","EmailConfirmed":false,"PasswordHash":"AQAAAAEAACcQAAAAEEd28BoM0bCr3NI4K7piKFFyEtVfCG0LxhvRlhw0QL1AQ9/sGZvtfRxE3QJS/WdxQg==","SecurityStamp":"TEBBINDDBUUZTIECGLXUYBPA66Y2PVMP","ConcurrencyStamp":"d9f1e5dc-b9aa-49a7-97b3-bc0acf60f46f","PhoneNumber":null,"PhoneNumberConfirmed":false,"TwoFactorEnabled":false,"LockoutEnd":null,"LockoutEnabled":true,"AccessFailedCount":0},"BoosterCompletionConfirmed":false,"CustomerCompletionConfirmed":false,"Pricing":"8.94","BoosterPricing":null,"JobAvailable":false,"PayPalApproval":"https://www.paypal.com/checkoutnow?token=91B05210DM455040E","PayPalCapture":"https://api.paypal.com/v2/checkout/orders/91B05210DM455040E/capture","PurchaseType":1}]', CAST(N'2020-11-06T21:07:28.0521625' AS DateTime2))
GO
INSERT [LeagueOfLegendsAuditModel] ([Id], [UserId], [Action], [DateTime]) VALUES (55, 27, N'Accepted Job By Booster [{"Id":45,"CoachingModel":null,"BoostingModel":null,"PlacementMatchesModel":null,"WinBoostModel":null,"PersonalInformation":{"Id":45,"UserName":"AmariChase","Password":"Amari913","FirstName":"Angelica","LastName":"Shelton","Email":"nanarockie16@gmail.com","Discord":"Angie#9415","PaymentMethod":"Stripe","stripeToken":"tok_1HkdrJF9YOHhm6dd6tPwnvfY"},"TFTPlacementModel":null,"TFTBoostingModel":null,"BoosterAssignedTo":{"Balance":0.00,"DiscordId":"167513524719976448","Id":27,"UserName":"zygizthegamer@gmail.com","NormalizedUserName":"ZYGIZTHEGAMER@GMAIL.COM","Email":"zygizthegamer@gmail.com","NormalizedEmail":"ZYGIZTHEGAMER@GMAIL.COM","EmailConfirmed":false,"PasswordHash":"AQAAAAEAACcQAAAAELEliQiB2ypkDc5dc2zDhBJUvhWoHFDdGRaIxF0KCcyxy5sSe9jHpPy1uPLxF9p6vw==","SecurityStamp":"YFJYQ5M4OM2ARGLLLNDR7DFMA4IFGD5Y","ConcurrencyStamp":"a1faea80-5284-4f82-9889-702924024bb2","PhoneNumber":null,"PhoneNumberConfirmed":false,"TwoFactorEnabled":false,"LockoutEnd":null,"LockoutEnabled":true,"AccessFailedCount":0},"BoosterCompletionConfirmed":false,"CustomerCompletionConfirmed":false,"Pricing":"25.20","BoosterPricing":null,"JobAvailable":false,"PayPalApproval":null,"PayPalCapture":null,"PurchaseType":3}]', CAST(N'2020-11-07T03:02:31.0382050' AS DateTime2))
GO
INSERT [LeagueOfLegendsAuditModel] ([Id], [UserId], [Action], [DateTime]) VALUES (56, 27, N'Cancelled Job By Booster [{"Id":45,"CoachingModel":null,"BoostingModel":null,"PlacementMatchesModel":null,"WinBoostModel":null,"PersonalInformation":{"Id":45,"UserName":"AmariChase","Password":"Amari913","FirstName":"Angelica","LastName":"Shelton","Email":"nanarockie16@gmail.com","Discord":"Angie#9415","PaymentMethod":"Stripe","stripeToken":"tok_1HkdrJF9YOHhm6dd6tPwnvfY"},"TFTPlacementModel":null,"TFTBoostingModel":null,"BoosterAssignedTo":null,"BoosterCompletionConfirmed":false,"CustomerCompletionConfirmed":false,"Pricing":"25.20","BoosterPricing":null,"JobAvailable":true,"PayPalApproval":null,"PayPalCapture":null,"PurchaseType":3}]', CAST(N'2020-11-07T03:04:51.7536020' AS DateTime2))
GO
INSERT [LeagueOfLegendsAuditModel] ([Id], [UserId], [Action], [DateTime]) VALUES (57, 20062, N'Completed Job By Booster [{"Id":41,"CoachingModel":null,"BoostingModel":null,"PlacementMatchesModel":null,"WinBoostModel":null,"PersonalInformation":{"Id":41,"UserName":"tapisrouge","Password":"Dubnation1!","FirstName":"Pooka","LastName":"Park","Email":"zumanity17@gmail.com","Discord":"Zercei#9383","PaymentMethod":"Paypal","stripeToken":null},"TFTPlacementModel":null,"TFTBoostingModel":null,"BoosterAssignedTo":{"Balance":0.00,"DiscordId":"309020515459399680","Id":20062,"UserName":"bentheblaster27@gmail.com","NormalizedUserName":"BENTHEBLASTER27@GMAIL.COM","Email":"bentheblaster27@gmail.com","NormalizedEmail":"BENTHEBLASTER27@GMAIL.COM","EmailConfirmed":false,"PasswordHash":"AQAAAAEAACcQAAAAEIbX6lW8+QSKMEmk+ibYNbi8pO6l/IQMU7DTCzqzwPuoyru/clu7IxWOjPtkEOFXdQ==","SecurityStamp":"37P5VLX7FJRFRLUERARZSPVQ4Z2IFL6Y","ConcurrencyStamp":"332cdfa5-4857-4a98-8a2e-d57f1b87d35e","PhoneNumber":null,"PhoneNumberConfirmed":false,"TwoFactorEnabled":false,"LockoutEnd":null,"LockoutEnabled":true,"AccessFailedCount":0},"BoosterCompletionConfirmed":true,"CustomerCompletionConfirmed":false,"Pricing":"20.7","BoosterPricing":null,"JobAvailable":false,"PayPalApproval":"https://www.paypal.com/checkoutnow?token=8A231722A6056924W","PayPalCapture":"https://api.paypal.com/v2/checkout/orders/8A231722A6056924W/capture","PurchaseType":0}]', CAST(N'2020-11-07T06:32:14.9498594' AS DateTime2))
GO
INSERT [LeagueOfLegendsAuditModel] ([Id], [UserId], [Action], [DateTime]) VALUES (58, 20068, N'Accepted Job By Booster [{"Id":45,"CoachingModel":null,"BoostingModel":null,"PlacementMatchesModel":null,"WinBoostModel":null,"PersonalInformation":{"Id":45,"UserName":"AmariChase","Password":"Amari913","FirstName":"Angelica","LastName":"Shelton","Email":"nanarockie16@gmail.com","Discord":"Angie#9415","PaymentMethod":"Stripe","stripeToken":"tok_1HkdrJF9YOHhm6dd6tPwnvfY"},"TFTPlacementModel":null,"TFTBoostingModel":null,"BoosterAssignedTo":{"Balance":0.00,"DiscordId":"168428397519831040","Id":20068,"UserName":"johannarnar003@gmail.com","NormalizedUserName":"JOHANNARNAR003@GMAIL.COM","Email":"johannarnar003@gmail.com","NormalizedEmail":"JOHANNARNAR003@GMAIL.COM","EmailConfirmed":false,"PasswordHash":"AQAAAAEAACcQAAAAEBjcVkG6cYU+bp3udxgX8CmUR1KmHaXcVJ2dC9/SqiiuhAIKqIS3L3pHjgF3iNDFhw==","SecurityStamp":"NI25A2RDL7SCIMTDECDE7J6SI74WREDK","ConcurrencyStamp":"6908b90b-4f47-4135-9c63-2b3caa5fcd55","PhoneNumber":null,"PhoneNumberConfirmed":false,"TwoFactorEnabled":false,"LockoutEnd":null,"LockoutEnabled":true,"AccessFailedCount":0},"BoosterCompletionConfirmed":false,"CustomerCompletionConfirmed":false,"Pricing":"25.20","BoosterPricing":null,"JobAvailable":false,"PayPalApproval":null,"PayPalCapture":null,"PurchaseType":3}]', CAST(N'2020-11-07T09:09:10.1646748' AS DateTime2))
GO
INSERT [LeagueOfLegendsAuditModel] ([Id], [UserId], [Action], [DateTime]) VALUES (59, 20062, N'Accepted Job By Booster [{"Id":46,"CoachingModel":null,"BoostingModel":null,"PlacementMatchesModel":null,"WinBoostModel":null,"PersonalInformation":{"Id":46,"UserName":"Neo2remember1337","Password":"nowayjose1337","FirstName":"jonathan","LastName":"suazo","Email":"jonathannsuazo@gmail.com","Discord":"?? ?Kudasai ???#5376","PaymentMethod":"Paypal","stripeToken":null},"TFTPlacementModel":null,"TFTBoostingModel":null,"BoosterAssignedTo":{"Balance":0.00,"DiscordId":"309020515459399680","Id":20062,"UserName":"bentheblaster27@gmail.com","NormalizedUserName":"BENTHEBLASTER27@GMAIL.COM","Email":"bentheblaster27@gmail.com","NormalizedEmail":"BENTHEBLASTER27@GMAIL.COM","EmailConfirmed":false,"PasswordHash":"AQAAAAEAACcQAAAAEIbX6lW8+QSKMEmk+ibYNbi8pO6l/IQMU7DTCzqzwPuoyru/clu7IxWOjPtkEOFXdQ==","SecurityStamp":"37P5VLX7FJRFRLUERARZSPVQ4Z2IFL6Y","ConcurrencyStamp":"332cdfa5-4857-4a98-8a2e-d57f1b87d35e","PhoneNumber":null,"PhoneNumberConfirmed":false,"TwoFactorEnabled":false,"LockoutEnd":null,"LockoutEnabled":true,"AccessFailedCount":0},"BoosterCompletionConfirmed":false,"CustomerCompletionConfirmed":false,"Pricing":"18.94","BoosterPricing":null,"JobAvailable":false,"PayPalApproval":"https://www.paypal.com/checkoutnow?token=13220651X22741300","PayPalCapture":"https://api.paypal.com/v2/checkout/orders/13220651X22741300/capture","PurchaseType":0}]', CAST(N'2020-11-07T09:19:08.6805676' AS DateTime2))
GO
INSERT [LeagueOfLegendsAuditModel] ([Id], [UserId], [Action], [DateTime]) VALUES (60, 20068, N'Cancelled Job By Booster [{"Id":45,"CoachingModel":null,"BoostingModel":null,"PlacementMatchesModel":null,"WinBoostModel":null,"PersonalInformation":{"Id":45,"UserName":"AmariChase","Password":"Amari913","FirstName":"Angelica","LastName":"Shelton","Email":"nanarockie16@gmail.com","Discord":"Angie#9415","PaymentMethod":"Stripe","stripeToken":"tok_1HkdrJF9YOHhm6dd6tPwnvfY"},"TFTPlacementModel":null,"TFTBoostingModel":null,"BoosterAssignedTo":null,"BoosterCompletionConfirmed":false,"CustomerCompletionConfirmed":false,"Pricing":"25.20","BoosterPricing":null,"JobAvailable":true,"PayPalApproval":null,"PayPalCapture":null,"PurchaseType":3}]', CAST(N'2020-11-07T11:43:59.5138359' AS DateTime2))
GO
INSERT [LeagueOfLegendsAuditModel] ([Id], [UserId], [Action], [DateTime]) VALUES (61, 36, N'Cancelled Job By Booster [{"Id":44,"CoachingModel":null,"BoostingModel":null,"PlacementMatchesModel":null,"WinBoostModel":null,"PersonalInformation":{"Id":44,"UserName":null,"Password":null,"FirstName":"Willem","LastName":"Klose","Email":"willemklose@gmail.com","Discord":"MrMomo#8659","PaymentMethod":"Paypal","stripeToken":null},"TFTPlacementModel":null,"TFTBoostingModel":null,"BoosterAssignedTo":null,"BoosterCompletionConfirmed":false,"CustomerCompletionConfirmed":false,"Pricing":"8.94","BoosterPricing":null,"JobAvailable":true,"PayPalApproval":"https://www.paypal.com/checkoutnow?token=91B05210DM455040E","PayPalCapture":"https://api.paypal.com/v2/checkout/orders/91B05210DM455040E/capture","PurchaseType":1}]', CAST(N'2020-11-07T13:39:06.1796079' AS DateTime2))
GO
INSERT [LeagueOfLegendsAuditModel] ([Id], [UserId], [Action], [DateTime]) VALUES (62, 20062, N'Completed Job By Booster [{"Id":46,"CoachingModel":null,"BoostingModel":null,"PlacementMatchesModel":null,"WinBoostModel":null,"PersonalInformation":{"Id":46,"UserName":"Neo2remember1337","Password":"nowayjose1337","FirstName":"jonathan","LastName":"suazo","Email":"jonathannsuazo@gmail.com","Discord":"?? ?Kudasai ???#5376","PaymentMethod":"Paypal","stripeToken":null},"TFTPlacementModel":null,"TFTBoostingModel":null,"BoosterAssignedTo":{"Balance":0.00,"DiscordId":"309020515459399680","Id":20062,"UserName":"bentheblaster27@gmail.com","NormalizedUserName":"BENTHEBLASTER27@GMAIL.COM","Email":"bentheblaster27@gmail.com","NormalizedEmail":"BENTHEBLASTER27@GMAIL.COM","EmailConfirmed":false,"PasswordHash":"AQAAAAEAACcQAAAAEIbX6lW8+QSKMEmk+ibYNbi8pO6l/IQMU7DTCzqzwPuoyru/clu7IxWOjPtkEOFXdQ==","SecurityStamp":"37P5VLX7FJRFRLUERARZSPVQ4Z2IFL6Y","ConcurrencyStamp":"332cdfa5-4857-4a98-8a2e-d57f1b87d35e","PhoneNumber":null,"PhoneNumberConfirmed":false,"TwoFactorEnabled":false,"LockoutEnd":null,"LockoutEnabled":true,"AccessFailedCount":0},"BoosterCompletionConfirmed":true,"CustomerCompletionConfirmed":false,"Pricing":"18.94","BoosterPricing":null,"JobAvailable":false,"PayPalApproval":"https://www.paypal.com/checkoutnow?token=13220651X22741300","PayPalCapture":"https://api.paypal.com/v2/checkout/orders/13220651X22741300/capture","PurchaseType":0}]', CAST(N'2020-11-07T15:26:34.1152372' AS DateTime2))
GO
INSERT [LeagueOfLegendsAuditModel] ([Id], [UserId], [Action], [DateTime]) VALUES (63, 10047, N'Accepted Job By Booster [{"Id":45,"CoachingModel":null,"BoostingModel":null,"PlacementMatchesModel":null,"WinBoostModel":null,"PersonalInformation":{"Id":45,"UserName":"AmariChase","Password":"Amari913","FirstName":"Angelica","LastName":"Shelton","Email":"nanarockie16@gmail.com","Discord":"Angie#9415","PaymentMethod":"Stripe","stripeToken":"tok_1HkdrJF9YOHhm6dd6tPwnvfY"},"TFTPlacementModel":null,"TFTBoostingModel":null,"BoosterAssignedTo":{"Balance":0.00,"DiscordId":"310440282506264577","Id":10047,"UserName":"mathieu@kompu.be","NormalizedUserName":"MATHIEU@KOMPU.BE","Email":"mathieu@kompu.be","NormalizedEmail":"MATHIEU@KOMPU.BE","EmailConfirmed":false,"PasswordHash":"AQAAAAEAACcQAAAAEJBYxZpRVtV8UpDLHfY+p0YvP2L3l1ERNuxw/QYAtoLU58LBGxoCHpd4K0BAavVTIg==","SecurityStamp":"LCC27TQK26BWCND53HK2XWQA55UANX5Y","ConcurrencyStamp":"3d2e7178-ca6e-4ad5-8148-902097f399f2","PhoneNumber":null,"PhoneNumberConfirmed":false,"TwoFactorEnabled":false,"LockoutEnd":null,"LockoutEnabled":true,"AccessFailedCount":0},"BoosterCompletionConfirmed":false,"CustomerCompletionConfirmed":false,"Pricing":"25.20","BoosterPricing":null,"JobAvailable":false,"PayPalApproval":null,"PayPalCapture":null,"PurchaseType":3}]', CAST(N'2020-11-07T17:16:38.7635232' AS DateTime2))
GO
INSERT [LeagueOfLegendsAuditModel] ([Id], [UserId], [Action], [DateTime]) VALUES (64, 10047, N'Cancelled Job By Booster [{"Id":45,"CoachingModel":null,"BoostingModel":null,"PlacementMatchesModel":null,"WinBoostModel":null,"PersonalInformation":{"Id":45,"UserName":"AmariChase","Password":"Amari913","FirstName":"Angelica","LastName":"Shelton","Email":"nanarockie16@gmail.com","Discord":"Angie#9415","PaymentMethod":"Stripe","stripeToken":"tok_1HkdrJF9YOHhm6dd6tPwnvfY"},"TFTPlacementModel":null,"TFTBoostingModel":null,"BoosterAssignedTo":null,"BoosterCompletionConfirmed":false,"CustomerCompletionConfirmed":false,"Pricing":"25.20","BoosterPricing":null,"JobAvailable":true,"PayPalApproval":null,"PayPalCapture":null,"PurchaseType":3}]', CAST(N'2020-11-07T17:19:41.9128732' AS DateTime2))
GO
INSERT [LeagueOfLegendsAuditModel] ([Id], [UserId], [Action], [DateTime]) VALUES (65, 20063, N'Accepted Job By Booster [{"Id":45,"CoachingModel":null,"BoostingModel":null,"PlacementMatchesModel":null,"WinBoostModel":null,"PersonalInformation":{"Id":45,"UserName":"AmariChase","Password":"Amari913","FirstName":"Angelica","LastName":"Shelton","Email":"nanarockie16@gmail.com","Discord":"Angie#9415","PaymentMethod":"Stripe","stripeToken":"tok_1HkdrJF9YOHhm6dd6tPwnvfY"},"TFTPlacementModel":null,"TFTBoostingModel":null,"BoosterAssignedTo":{"Balance":0.00,"DiscordId":"125517369823985664","Id":20063,"UserName":"leaguebusiness247@gmail.com","NormalizedUserName":"LEAGUEBUSINESS247@GMAIL.COM","Email":"leaguebusiness247@gmail.com","NormalizedEmail":"LEAGUEBUSINESS247@GMAIL.COM","EmailConfirmed":true,"PasswordHash":"AQAAAAEAACcQAAAAEPXzr5QXIoZmco2XAcPX1f8wOKKAE3PpkgkeAk8fOJZXku4FHfg8ogtpYAOm2TrbyA==","SecurityStamp":"ZJNCEM646ZVCI5ODPX5EVU23EJMUJSGR","ConcurrencyStamp":"e1fcd5a4-461e-44e1-b05f-4f165b59cdc2","PhoneNumber":null,"PhoneNumberConfirmed":false,"TwoFactorEnabled":false,"LockoutEnd":null,"LockoutEnabled":true,"AccessFailedCount":0},"BoosterCompletionConfirmed":false,"CustomerCompletionConfirmed":false,"Pricing":"25.20","BoosterPricing":null,"JobAvailable":false,"PayPalApproval":null,"PayPalCapture":null,"PurchaseType":3}]', CAST(N'2020-11-07T17:25:10.8504901' AS DateTime2))
GO
INSERT [LeagueOfLegendsAuditModel] ([Id], [UserId], [Action], [DateTime]) VALUES (66, 10041, N'Completed Job By Booster [{"Id":22,"CoachingModel":null,"BoostingModel":null,"PlacementMatchesModel":null,"WinBoostModel":null,"PersonalInformation":{"Id":22,"UserName":"imbutta","Password":"Woghks12","FirstName":"Sunny","LastName":null,"Email":"bonobogaming@gmail.com","Discord":"Sunny#5964","PaymentMethod":"Paypal","stripeToken":null},"TFTPlacementModel":null,"TFTBoostingModel":null,"BoosterAssignedTo":{"Balance":0.00,"DiscordId":null,"Id":10041,"UserName":"qs235874@gmail.com","NormalizedUserName":"QS235874@GMAIL.COM","Email":"qs235874@gmail.com","NormalizedEmail":"QS235874@GMAIL.COM","EmailConfirmed":false,"PasswordHash":"AQAAAAEAACcQAAAAEN08az11W8Rdu6cg9Jt7b4PnWIZJ8U7WGkGGfDheg2lgujSNm9K/i7fdHTIudJ9vaQ==","SecurityStamp":"PY4XQZWBDTHRD47TIWQ36CERNBOOCBU3","ConcurrencyStamp":"1cbf6c44-3e42-4c1d-b58b-b0de6096e36b","PhoneNumber":null,"PhoneNumberConfirmed":false,"TwoFactorEnabled":false,"LockoutEnd":null,"LockoutEnabled":true,"AccessFailedCount":0},"BoosterCompletionConfirmed":true,"CustomerCompletionConfirmed":false,"Pricing":"85.77","BoosterPricing":null,"JobAvailable":false,"PayPalApproval":"https://www.paypal.com/checkoutnow?token=18287463SG652213E","PayPalCapture":"https://api.paypal.com/v2/checkout/orders/18287463SG652213E/capture","PurchaseType":0}]', CAST(N'2020-11-07T20:26:03.7431973' AS DateTime2))
GO
INSERT [LeagueOfLegendsAuditModel] ([Id], [UserId], [Action], [DateTime]) VALUES (67, 1, N'Accepted Job By Booster [{"Id":44,"CoachingModel":null,"BoostingModel":null,"PlacementMatchesModel":null,"WinBoostModel":null,"PersonalInformation":{"Id":44,"UserName":null,"Password":null,"FirstName":"Willem","LastName":"Klose","Email":"willemklose@gmail.com","Discord":"MrMomo#8659","PaymentMethod":"Paypal","stripeToken":null},"TFTPlacementModel":null,"TFTBoostingModel":null,"BoosterAssignedTo":{"Balance":0.00,"DiscordId":"1234","Id":1,"UserName":"info@spartanboosting.com","NormalizedUserName":"INFO@SPARTANBOOSTING.COM","Email":"info@spartanboosting.com","NormalizedEmail":"INFO@SPARTANBOOSTING.COM","EmailConfirmed":false,"PasswordHash":"AQAAAAEAACcQAAAAEFon0BF3hYg2eI4tADSqBc4RW0IAlZm4mrx1dRTIgJAyLgg4uICeBDW+JpeXmR72tA==","SecurityStamp":"CGHZ4LML7NBCFMYNEXAF6G3AHXWTN6CF","ConcurrencyStamp":"79a18ba0-f357-4b94-8198-7ca44b1e93ed","PhoneNumber":null,"PhoneNumberConfirmed":false,"TwoFactorEnabled":false,"LockoutEnd":null,"LockoutEnabled":true,"AccessFailedCount":0},"BoosterCompletionConfirmed":false,"CustomerCompletionConfirmed":false,"Pricing":"8.94","BoosterPricing":null,"JobAvailable":false,"PayPalApproval":"https://www.paypal.com/checkoutnow?token=91B05210DM455040E","PayPalCapture":"https://api.paypal.com/v2/checkout/orders/91B05210DM455040E/capture","PurchaseType":1}]', CAST(N'2020-11-07T23:51:30.1756811' AS DateTime2))
GO
INSERT [LeagueOfLegendsAuditModel] ([Id], [UserId], [Action], [DateTime]) VALUES (68, 20051, N'Accepted Job By Booster [{"Id":47,"CoachingModel":null,"BoostingModel":null,"PlacementMatchesModel":null,"WinBoostModel":null,"PersonalInformation":{"Id":47,"UserName":"Scuttleaddictionru","Password":"waeller98","FirstName":"Yannick","LastName":"Schlechtriem","Email":"the_lagger@hotmail.de","Discord":"Nick Bulochki#4311","PaymentMethod":"Paypal","stripeToken":null},"TFTPlacementModel":null,"TFTBoostingModel":null,"BoosterAssignedTo":{"Balance":0.00,"DiscordId":"300628101996478474","Id":20051,"UserName":"abreu1998@gmail.com","NormalizedUserName":"ABREU1998@GMAIL.COM","Email":"abreu1998@gmail.com","NormalizedEmail":"ABREU1998@GMAIL.COM","EmailConfirmed":true,"PasswordHash":"AQAAAAEAACcQAAAAEO8yBVX2YRfLOZh8FuhPC+jAZhpNCTduHdoKreLPJadYlWOv5y7NbuTI0vnF8IzRUg==","SecurityStamp":"XKTP3SY7KJWGBXG6IMINY73EJBREOFKD","ConcurrencyStamp":"a2baef51-ceff-4aed-b5f2-585c5750e73d","PhoneNumber":null,"PhoneNumberConfirmed":false,"TwoFactorEnabled":false,"LockoutEnd":null,"LockoutEnabled":true,"AccessFailedCount":0},"BoosterCompletionConfirmed":false,"CustomerCompletionConfirmed":false,"Pricing":"13.72","BoosterPricing":null,"JobAvailable":false,"PayPalApproval":"https://www.paypal.com/checkoutnow?token=1C232207NV715173U","PayPalCapture":"https://api.paypal.com/v2/checkout/orders/1C232207NV715173U/capture","PurchaseType":0}]', CAST(N'2020-11-08T00:11:30.6447977' AS DateTime2))
GO
INSERT [LeagueOfLegendsAuditModel] ([Id], [UserId], [Action], [DateTime]) VALUES (69, 20063, N'Cancelled Job By Booster [{"Id":45,"CoachingModel":null,"BoostingModel":null,"PlacementMatchesModel":null,"WinBoostModel":null,"PersonalInformation":{"Id":45,"UserName":"AmariChase","Password":"Amari913","FirstName":"Angelica","LastName":"Shelton","Email":"nanarockie16@gmail.com","Discord":"Angie#9415","PaymentMethod":"Stripe","stripeToken":"tok_1HkdrJF9YOHhm6dd6tPwnvfY"},"TFTPlacementModel":null,"TFTBoostingModel":null,"BoosterAssignedTo":null,"BoosterCompletionConfirmed":false,"CustomerCompletionConfirmed":false,"Pricing":"25.20","BoosterPricing":null,"JobAvailable":true,"PayPalApproval":null,"PayPalCapture":null,"PurchaseType":3}]', CAST(N'2020-11-08T11:55:12.6484633' AS DateTime2))
GO
INSERT [LeagueOfLegendsAuditModel] ([Id], [UserId], [Action], [DateTime]) VALUES (70, 20051, N'Accepted Job By Booster [{"Id":45,"CoachingModel":null,"BoostingModel":null,"PlacementMatchesModel":null,"WinBoostModel":null,"PersonalInformation":{"Id":45,"UserName":"AmariChase","Password":"Amari913","FirstName":"Angelica","LastName":"Shelton","Email":"nanarockie16@gmail.com","Discord":"Angie#9415","PaymentMethod":"Stripe","stripeToken":"tok_1HkdrJF9YOHhm6dd6tPwnvfY"},"TFTPlacementModel":null,"TFTBoostingModel":null,"BoosterAssignedTo":{"Balance":0.00,"DiscordId":"300628101996478474","Id":20051,"UserName":"abreu1998@gmail.com","NormalizedUserName":"ABREU1998@GMAIL.COM","Email":"abreu1998@gmail.com","NormalizedEmail":"ABREU1998@GMAIL.COM","EmailConfirmed":true,"PasswordHash":"AQAAAAEAACcQAAAAEO8yBVX2YRfLOZh8FuhPC+jAZhpNCTduHdoKreLPJadYlWOv5y7NbuTI0vnF8IzRUg==","SecurityStamp":"XKTP3SY7KJWGBXG6IMINY73EJBREOFKD","ConcurrencyStamp":"a2baef51-ceff-4aed-b5f2-585c5750e73d","PhoneNumber":null,"PhoneNumberConfirmed":false,"TwoFactorEnabled":false,"LockoutEnd":null,"LockoutEnabled":true,"AccessFailedCount":0},"BoosterCompletionConfirmed":false,"CustomerCompletionConfirmed":false,"Pricing":"25.20","BoosterPricing":null,"JobAvailable":false,"PayPalApproval":null,"PayPalCapture":null,"PurchaseType":3}]', CAST(N'2020-11-08T15:01:24.6261859' AS DateTime2))
GO
INSERT [LeagueOfLegendsAuditModel] ([Id], [UserId], [Action], [DateTime]) VALUES (71, 20051, N'Cancelled Job By Booster [{"Id":47,"CoachingModel":null,"BoostingModel":null,"PlacementMatchesModel":null,"WinBoostModel":null,"PersonalInformation":{"Id":47,"UserName":"Scuttleaddictionru","Password":"waeller98","FirstName":"Yannick","LastName":"Schlechtriem","Email":"the_lagger@hotmail.de","Discord":"Nick Bulochki#4311","PaymentMethod":"Paypal","stripeToken":null},"TFTPlacementModel":null,"TFTBoostingModel":null,"BoosterAssignedTo":null,"BoosterCompletionConfirmed":false,"CustomerCompletionConfirmed":false,"Pricing":"13.72","BoosterPricing":null,"JobAvailable":true,"PayPalApproval":"https://www.paypal.com/checkoutnow?token=1C232207NV715173U","PayPalCapture":"https://api.paypal.com/v2/checkout/orders/1C232207NV715173U/capture","PurchaseType":0}]', CAST(N'2020-11-08T16:18:07.0762866' AS DateTime2))
GO
INSERT [LeagueOfLegendsAuditModel] ([Id], [UserId], [Action], [DateTime]) VALUES (72, 20051, N'Cancelled Job By Booster [{"Id":45,"CoachingModel":null,"BoostingModel":null,"PlacementMatchesModel":null,"WinBoostModel":null,"PersonalInformation":{"Id":45,"UserName":"AmariChase","Password":"Amari913","FirstName":"Angelica","LastName":"Shelton","Email":"nanarockie16@gmail.com","Discord":"Angie#9415","PaymentMethod":"Stripe","stripeToken":"tok_1HkdrJF9YOHhm6dd6tPwnvfY"},"TFTPlacementModel":null,"TFTBoostingModel":null,"BoosterAssignedTo":null,"BoosterCompletionConfirmed":false,"CustomerCompletionConfirmed":false,"Pricing":"25.20","BoosterPricing":null,"JobAvailable":true,"PayPalApproval":null,"PayPalCapture":null,"PurchaseType":3}]', CAST(N'2020-11-08T17:05:07.0380534' AS DateTime2))
GO
INSERT [LeagueOfLegendsAuditModel] ([Id], [UserId], [Action], [DateTime]) VALUES (73, 1, N'Accepted Job By Booster [{"Id":47,"CoachingModel":null,"BoostingModel":null,"PlacementMatchesModel":null,"WinBoostModel":null,"PersonalInformation":{"Id":47,"UserName":"Scuttleaddictionru","Password":"waeller98","FirstName":"Yannick","LastName":"Schlechtriem","Email":"the_lagger@hotmail.de","Discord":"Nick Bulochki#4311","PaymentMethod":"Paypal","stripeToken":null},"TFTPlacementModel":null,"TFTBoostingModel":null,"BoosterAssignedTo":{"Balance":0.00,"DiscordId":"1234","Id":1,"UserName":"info@spartanboosting.com","NormalizedUserName":"INFO@SPARTANBOOSTING.COM","Email":"info@spartanboosting.com","NormalizedEmail":"INFO@SPARTANBOOSTING.COM","EmailConfirmed":false,"PasswordHash":"AQAAAAEAACcQAAAAEFon0BF3hYg2eI4tADSqBc4RW0IAlZm4mrx1dRTIgJAyLgg4uICeBDW+JpeXmR72tA==","SecurityStamp":"CGHZ4LML7NBCFMYNEXAF6G3AHXWTN6CF","ConcurrencyStamp":"79a18ba0-f357-4b94-8198-7ca44b1e93ed","PhoneNumber":null,"PhoneNumberConfirmed":false,"TwoFactorEnabled":false,"LockoutEnd":null,"LockoutEnabled":true,"AccessFailedCount":0},"BoosterCompletionConfirmed":false,"CustomerCompletionConfirmed":false,"Pricing":"13.72","BoosterPricing":null,"JobAvailable":false,"PayPalApproval":"https://www.paypal.com/checkoutnow?token=1C232207NV715173U","PayPalCapture":"https://api.paypal.com/v2/checkout/orders/1C232207NV715173U/capture","PurchaseType":0}]', CAST(N'2020-11-08T17:22:56.1185367' AS DateTime2))
GO
INSERT [LeagueOfLegendsAuditModel] ([Id], [UserId], [Action], [DateTime]) VALUES (74, 27, N'Accepted Job By Booster [{"Id":48,"CoachingModel":null,"BoostingModel":null,"PlacementMatchesModel":null,"WinBoostModel":null,"PersonalInformation":{"Id":48,"UserName":"jollyclaret","Password":"rUuZk6H2J7hciiu3Kj@epWBk","FirstName":"Alex","LastName":"Jolly","Email":"alexjolly9@gmail.com","Discord":"JollyClaret#1432","PaymentMethod":"Paypal","stripeToken":null},"TFTPlacementModel":null,"TFTBoostingModel":null,"BoosterAssignedTo":{"Balance":0.00,"DiscordId":"167513524719976448","Id":27,"UserName":"zygizthegamer@gmail.com","NormalizedUserName":"ZYGIZTHEGAMER@GMAIL.COM","Email":"zygizthegamer@gmail.com","NormalizedEmail":"ZYGIZTHEGAMER@GMAIL.COM","EmailConfirmed":false,"PasswordHash":"AQAAAAEAACcQAAAAELEliQiB2ypkDc5dc2zDhBJUvhWoHFDdGRaIxF0KCcyxy5sSe9jHpPy1uPLxF9p6vw==","SecurityStamp":"YFJYQ5M4OM2ARGLLLNDR7DFMA4IFGD5Y","ConcurrencyStamp":"a1faea80-5284-4f82-9889-702924024bb2","PhoneNumber":null,"PhoneNumberConfirmed":false,"TwoFactorEnabled":false,"LockoutEnd":null,"LockoutEnabled":true,"AccessFailedCount":0},"BoosterCompletionConfirmed":false,"CustomerCompletionConfirmed":false,"Pricing":"18.15","BoosterPricing":null,"JobAvailable":false,"PayPalApproval":"https://www.paypal.com/checkoutnow?token=3LK58380MR134543J","PayPalCapture":"https://api.paypal.com/v2/checkout/orders/3LK58380MR134543J/capture","PurchaseType":0}]', CAST(N'2020-11-08T17:56:20.6098131' AS DateTime2))
GO
INSERT [LeagueOfLegendsAuditModel] ([Id], [UserId], [Action], [DateTime]) VALUES (75, 1, N'Accepted Job By Booster [{"Id":45,"CoachingModel":null,"BoostingModel":null,"PlacementMatchesModel":null,"WinBoostModel":null,"PersonalInformation":{"Id":45,"UserName":"AmariChase","Password":"Amari913","FirstName":"Angelica","LastName":"Shelton","Email":"nanarockie16@gmail.com","Discord":"Angie#9415","PaymentMethod":"Stripe","stripeToken":"tok_1HkdrJF9YOHhm6dd6tPwnvfY"},"TFTPlacementModel":null,"TFTBoostingModel":null,"BoosterAssignedTo":{"Balance":0.00,"DiscordId":"1234","Id":1,"UserName":"info@spartanboosting.com","NormalizedUserName":"INFO@SPARTANBOOSTING.COM","Email":"info@spartanboosting.com","NormalizedEmail":"INFO@SPARTANBOOSTING.COM","EmailConfirmed":false,"PasswordHash":"AQAAAAEAACcQAAAAEFon0BF3hYg2eI4tADSqBc4RW0IAlZm4mrx1dRTIgJAyLgg4uICeBDW+JpeXmR72tA==","SecurityStamp":"CGHZ4LML7NBCFMYNEXAF6G3AHXWTN6CF","ConcurrencyStamp":"79a18ba0-f357-4b94-8198-7ca44b1e93ed","PhoneNumber":null,"PhoneNumberConfirmed":false,"TwoFactorEnabled":false,"LockoutEnd":null,"LockoutEnabled":true,"AccessFailedCount":0},"BoosterCompletionConfirmed":false,"CustomerCompletionConfirmed":false,"Pricing":"25.20","BoosterPricing":null,"JobAvailable":false,"PayPalApproval":null,"PayPalCapture":null,"PurchaseType":3}]', CAST(N'2020-11-08T20:33:33.0297592' AS DateTime2))
GO
INSERT [LeagueOfLegendsAuditModel] ([Id], [UserId], [Action], [DateTime]) VALUES (76, 27, N'Completed Job By Booster [{"Id":34,"CoachingModel":null,"BoostingModel":null,"PlacementMatchesModel":null,"WinBoostModel":null,"PersonalInformation":{"Id":34,"UserName":null,"Password":null,"FirstName":"Jeroen","LastName":"Deschacht","Email":"jeroen_deschacht@hotmail.com","Discord":"Beatknox#3394","PaymentMethod":"Paypal","stripeToken":null},"TFTPlacementModel":null,"TFTBoostingModel":null,"BoosterAssignedTo":{"Balance":0.00,"DiscordId":"167513524719976448","Id":27,"UserName":"zygizthegamer@gmail.com","NormalizedUserName":"ZYGIZTHEGAMER@GMAIL.COM","Email":"zygizthegamer@gmail.com","NormalizedEmail":"ZYGIZTHEGAMER@GMAIL.COM","EmailConfirmed":false,"PasswordHash":"AQAAAAEAACcQAAAAELEliQiB2ypkDc5dc2zDhBJUvhWoHFDdGRaIxF0KCcyxy5sSe9jHpPy1uPLxF9p6vw==","SecurityStamp":"YFJYQ5M4OM2ARGLLLNDR7DFMA4IFGD5Y","ConcurrencyStamp":"a1faea80-5284-4f82-9889-702924024bb2","PhoneNumber":null,"PhoneNumberConfirmed":false,"TwoFactorEnabled":false,"LockoutEnd":null,"LockoutEnabled":true,"AccessFailedCount":0},"BoosterCompletionConfirmed":true,"CustomerCompletionConfirmed":false,"Pricing":"69.43","BoosterPricing":null,"JobAvailable":false,"PayPalApproval":"https://www.paypal.com/checkoutnow?token=12H019864H4727508","PayPalCapture":"https://api.paypal.com/v2/checkout/orders/12H019864H4727508/capture","PurchaseType":1}]', CAST(N'2020-11-08T22:19:10.4328017' AS DateTime2))
GO
INSERT [LeagueOfLegendsAuditModel] ([Id], [UserId], [Action], [DateTime]) VALUES (77, 1, N'Completed Job By Booster [{"Id":44,"CoachingModel":null,"BoostingModel":null,"PlacementMatchesModel":null,"WinBoostModel":null,"PersonalInformation":{"Id":44,"UserName":null,"Password":null,"FirstName":"Willem","LastName":"Klose","Email":"willemklose@gmail.com","Discord":"MrMomo#8659","PaymentMethod":"Paypal","stripeToken":null},"TFTPlacementModel":null,"TFTBoostingModel":null,"BoosterAssignedTo":{"Balance":0.00,"DiscordId":"1234","Id":1,"UserName":"info@spartanboosting.com","NormalizedUserName":"INFO@SPARTANBOOSTING.COM","Email":"info@spartanboosting.com","NormalizedEmail":"INFO@SPARTANBOOSTING.COM","EmailConfirmed":false,"PasswordHash":"AQAAAAEAACcQAAAAEFon0BF3hYg2eI4tADSqBc4RW0IAlZm4mrx1dRTIgJAyLgg4uICeBDW+JpeXmR72tA==","SecurityStamp":"CGHZ4LML7NBCFMYNEXAF6G3AHXWTN6CF","ConcurrencyStamp":"79a18ba0-f357-4b94-8198-7ca44b1e93ed","PhoneNumber":null,"PhoneNumberConfirmed":false,"TwoFactorEnabled":false,"LockoutEnd":null,"LockoutEnabled":true,"AccessFailedCount":0},"BoosterCompletionConfirmed":true,"CustomerCompletionConfirmed":false,"Pricing":"8.94","BoosterPricing":null,"JobAvailable":false,"PayPalApproval":"https://www.paypal.com/checkoutnow?token=91B05210DM455040E","PayPalCapture":"https://api.paypal.com/v2/checkout/orders/91B05210DM455040E/capture","PurchaseType":1}]', CAST(N'2020-11-08T23:41:04.0134203' AS DateTime2))
GO
INSERT [LeagueOfLegendsAuditModel] ([Id], [UserId], [Action], [DateTime]) VALUES (78, 20062, N'Accepted Job By Booster [{"Id":50,"CoachingModel":null,"BoostingModel":null,"PlacementMatchesModel":null,"WinBoostModel":null,"PersonalInformation":{"Id":50,"UserName":"Strder","Password":"yIkMC1ZsVDcdqfAHGKVZ","FirstName":null,"LastName":null,"Email":"paulvanharten1996@hotmail.nl","Discord":"Strider#3886","PaymentMethod":"Paypal","stripeToken":null},"TFTPlacementModel":null,"TFTBoostingModel":null,"BoosterAssignedTo":{"Balance":0.00,"DiscordId":"309020515459399680","Id":20062,"UserName":"bentheblaster27@gmail.com","NormalizedUserName":"BENTHEBLASTER27@GMAIL.COM","Email":"bentheblaster27@gmail.com","NormalizedEmail":"BENTHEBLASTER27@GMAIL.COM","EmailConfirmed":false,"PasswordHash":"AQAAAAEAACcQAAAAEIbX6lW8+QSKMEmk+ibYNbi8pO6l/IQMU7DTCzqzwPuoyru/clu7IxWOjPtkEOFXdQ==","SecurityStamp":"37P5VLX7FJRFRLUERARZSPVQ4Z2IFL6Y","ConcurrencyStamp":"332cdfa5-4857-4a98-8a2e-d57f1b87d35e","PhoneNumber":null,"PhoneNumberConfirmed":false,"TwoFactorEnabled":false,"LockoutEnd":null,"LockoutEnabled":true,"AccessFailedCount":0},"BoosterCompletionConfirmed":false,"CustomerCompletionConfirmed":false,"Pricing":"12.32","BoosterPricing":null,"JobAvailable":false,"PayPalApproval":"https://www.paypal.com/checkoutnow?token=32T93884EU969182E","PayPalCapture":"https://api.paypal.com/v2/checkout/orders/32T93884EU969182E/capture","PurchaseType":0}]', CAST(N'2020-11-09T04:44:26.6462832' AS DateTime2))
GO
INSERT [LeagueOfLegendsAuditModel] ([Id], [UserId], [Action], [DateTime]) VALUES (79, 20062, N'Cancelled Job By Booster [{"Id":50,"CoachingModel":null,"BoostingModel":null,"PlacementMatchesModel":null,"WinBoostModel":null,"PersonalInformation":{"Id":50,"UserName":"Strder","Password":"yIkMC1ZsVDcdqfAHGKVZ","FirstName":null,"LastName":null,"Email":"paulvanharten1996@hotmail.nl","Discord":"Strider#3886","PaymentMethod":"Paypal","stripeToken":null},"TFTPlacementModel":null,"TFTBoostingModel":null,"BoosterAssignedTo":null,"BoosterCompletionConfirmed":false,"CustomerCompletionConfirmed":false,"Pricing":"12.32","BoosterPricing":null,"JobAvailable":true,"PayPalApproval":"https://www.paypal.com/checkoutnow?token=32T93884EU969182E","PayPalCapture":"https://api.paypal.com/v2/checkout/orders/32T93884EU969182E/capture","PurchaseType":0}]', CAST(N'2020-11-09T04:47:04.2051861' AS DateTime2))
GO
INSERT [LeagueOfLegendsAuditModel] ([Id], [UserId], [Action], [DateTime]) VALUES (80, 20062, N'Accepted Job By Booster [{"Id":49,"CoachingModel":null,"BoostingModel":null,"PlacementMatchesModel":null,"WinBoostModel":null,"PersonalInformation":{"Id":49,"UserName":"eleazarchecking","Password":"Temppass123$","FirstName":"izzy","LastName":"perr","Email":"eleazarcheckings@gmail.com","Discord":"?#2427","PaymentMethod":"Paypal","stripeToken":null},"TFTPlacementModel":null,"TFTBoostingModel":null,"BoosterAssignedTo":{"Balance":0.00,"DiscordId":"309020515459399680","Id":20062,"UserName":"bentheblaster27@gmail.com","NormalizedUserName":"BENTHEBLASTER27@GMAIL.COM","Email":"bentheblaster27@gmail.com","NormalizedEmail":"BENTHEBLASTER27@GMAIL.COM","EmailConfirmed":false,"PasswordHash":"AQAAAAEAACcQAAAAEIbX6lW8+QSKMEmk+ibYNbi8pO6l/IQMU7DTCzqzwPuoyru/clu7IxWOjPtkEOFXdQ==","SecurityStamp":"37P5VLX7FJRFRLUERARZSPVQ4Z2IFL6Y","ConcurrencyStamp":"332cdfa5-4857-4a98-8a2e-d57f1b87d35e","PhoneNumber":null,"PhoneNumberConfirmed":false,"TwoFactorEnabled":false,"LockoutEnd":null,"LockoutEnabled":true,"AccessFailedCount":0},"BoosterCompletionConfirmed":false,"CustomerCompletionConfirmed":false,"Pricing":"25.7","BoosterPricing":null,"JobAvailable":false,"PayPalApproval":"https://www.paypal.com/checkoutnow?token=17L20789DR644115F","PayPalCapture":"https://api.paypal.com/v2/checkout/orders/17L20789DR644115F/capture","PurchaseType":0}]', CAST(N'2020-11-09T04:48:01.7025574' AS DateTime2))
GO
INSERT [LeagueOfLegendsAuditModel] ([Id], [UserId], [Action], [DateTime]) VALUES (81, 10047, N'Accepted Job By Booster [{"Id":50,"CoachingModel":null,"BoostingModel":null,"PlacementMatchesModel":null,"WinBoostModel":null,"PersonalInformation":{"Id":50,"UserName":"Strder","Password":"yIkMC1ZsVDcdqfAHGKVZ","FirstName":null,"LastName":null,"Email":"paulvanharten1996@hotmail.nl","Discord":"Strider#3886","PaymentMethod":"Paypal","stripeToken":null},"TFTPlacementModel":null,"TFTBoostingModel":null,"BoosterAssignedTo":{"Balance":0.00,"DiscordId":"310440282506264577","Id":10047,"UserName":"mathieu@kompu.be","NormalizedUserName":"MATHIEU@KOMPU.BE","Email":"mathieu@kompu.be","NormalizedEmail":"MATHIEU@KOMPU.BE","EmailConfirmed":false,"PasswordHash":"AQAAAAEAACcQAAAAEJBYxZpRVtV8UpDLHfY+p0YvP2L3l1ERNuxw/QYAtoLU58LBGxoCHpd4K0BAavVTIg==","SecurityStamp":"LCC27TQK26BWCND53HK2XWQA55UANX5Y","ConcurrencyStamp":"3d2e7178-ca6e-4ad5-8148-902097f399f2","PhoneNumber":null,"PhoneNumberConfirmed":false,"TwoFactorEnabled":false,"LockoutEnd":null,"LockoutEnabled":true,"AccessFailedCount":0},"BoosterCompletionConfirmed":false,"CustomerCompletionConfirmed":false,"Pricing":"12.32","BoosterPricing":null,"JobAvailable":false,"PayPalApproval":"https://www.paypal.com/checkoutnow?token=32T93884EU969182E","PayPalCapture":"https://api.paypal.com/v2/checkout/orders/32T93884EU969182E/capture","PurchaseType":0}]', CAST(N'2020-11-09T07:15:29.6900206' AS DateTime2))
GO
INSERT [LeagueOfLegendsAuditModel] ([Id], [UserId], [Action], [DateTime]) VALUES (82, 10047, N'Cancelled Job By Booster [{"Id":50,"CoachingModel":null,"BoostingModel":null,"PlacementMatchesModel":null,"WinBoostModel":null,"PersonalInformation":{"Id":50,"UserName":"Strder","Password":"yIkMC1ZsVDcdqfAHGKVZ","FirstName":null,"LastName":null,"Email":"paulvanharten1996@hotmail.nl","Discord":"Strider#3886","PaymentMethod":"Paypal","stripeToken":null},"TFTPlacementModel":null,"TFTBoostingModel":null,"BoosterAssignedTo":null,"BoosterCompletionConfirmed":false,"CustomerCompletionConfirmed":false,"Pricing":"12.32","BoosterPricing":null,"JobAvailable":true,"PayPalApproval":"https://www.paypal.com/checkoutnow?token=32T93884EU969182E","PayPalCapture":"https://api.paypal.com/v2/checkout/orders/32T93884EU969182E/capture","PurchaseType":0}]', CAST(N'2020-11-09T07:19:41.2763872' AS DateTime2))
GO
INSERT [LeagueOfLegendsAuditModel] ([Id], [UserId], [Action], [DateTime]) VALUES (83, 20062, N'Accepted Job By Booster [{"Id":50,"CoachingModel":null,"BoostingModel":null,"PlacementMatchesModel":null,"WinBoostModel":null,"PersonalInformation":{"Id":50,"UserName":"Strder","Password":"yIkMC1ZsVDcdqfAHGKVZ","FirstName":null,"LastName":null,"Email":"paulvanharten1996@hotmail.nl","Discord":"Strider#3886","PaymentMethod":"Paypal","stripeToken":null},"TFTPlacementModel":null,"TFTBoostingModel":null,"BoosterAssignedTo":{"Balance":0.00,"DiscordId":"309020515459399680","Id":20062,"UserName":"bentheblaster27@gmail.com","NormalizedUserName":"BENTHEBLASTER27@GMAIL.COM","Email":"bentheblaster27@gmail.com","NormalizedEmail":"BENTHEBLASTER27@GMAIL.COM","EmailConfirmed":false,"PasswordHash":"AQAAAAEAACcQAAAAEIbX6lW8+QSKMEmk+ibYNbi8pO6l/IQMU7DTCzqzwPuoyru/clu7IxWOjPtkEOFXdQ==","SecurityStamp":"37P5VLX7FJRFRLUERARZSPVQ4Z2IFL6Y","ConcurrencyStamp":"332cdfa5-4857-4a98-8a2e-d57f1b87d35e","PhoneNumber":null,"PhoneNumberConfirmed":false,"TwoFactorEnabled":false,"LockoutEnd":null,"LockoutEnabled":true,"AccessFailedCount":0},"BoosterCompletionConfirmed":false,"CustomerCompletionConfirmed":false,"Pricing":"12.32","BoosterPricing":null,"JobAvailable":false,"PayPalApproval":"https://www.paypal.com/checkoutnow?token=32T93884EU969182E","PayPalCapture":"https://api.paypal.com/v2/checkout/orders/32T93884EU969182E/capture","PurchaseType":0}]', CAST(N'2020-11-09T09:08:28.9995959' AS DateTime2))
GO
INSERT [LeagueOfLegendsAuditModel] ([Id], [UserId], [Action], [DateTime]) VALUES (84, 10040, N'Accepted Job By Booster [{"Id":51,"CoachingModel":null,"BoostingModel":null,"PlacementMatchesModel":null,"WinBoostModel":null,"PersonalInformation":{"Id":51,"UserName":"Sparklix12","Password":"RipKacper123","FirstName":"Wouter","LastName":"De Roos","Email":"wouter.de.roos12@gmail.com","Discord":"Sparklix#1025","PaymentMethod":"Paypal","stripeToken":null},"TFTPlacementModel":null,"TFTBoostingModel":null,"BoosterAssignedTo":{"Balance":0.00,"DiscordId":"513011253338177536","Id":10040,"UserName":"dennis.mueller62@web.de","NormalizedUserName":"DENNIS.MUELLER62@WEB.DE","Email":"dennis.mueller62@web.de","NormalizedEmail":"DENNIS.MUELLER62@WEB.DE","EmailConfirmed":false,"PasswordHash":"AQAAAAEAACcQAAAAEPCavyGLlf0079VzWDolD4zTuz8cbCl0vyQm8GCcQ0BPiwk9c1OaCOszSN8rDfpHGA==","SecurityStamp":"V4BHI3SGGUDJORU7NSKWOSRKJXQJIWY2","ConcurrencyStamp":"11329de2-c8b3-4c73-8804-7980f65770d0","PhoneNumber":null,"PhoneNumberConfirmed":false,"TwoFactorEnabled":false,"LockoutEnd":null,"LockoutEnabled":true,"AccessFailedCount":0},"BoosterCompletionConfirmed":false,"CustomerCompletionConfirmed":false,"Pricing":"13.72","BoosterPricing":null,"JobAvailable":false,"PayPalApproval":"https://www.paypal.com/checkoutnow?token=4LL808925Y462493Y","PayPalCapture":"https://api.paypal.com/v2/checkout/orders/4LL808925Y462493Y/capture","PurchaseType":0}]', CAST(N'2020-11-09T09:24:36.5098109' AS DateTime2))
GO
INSERT [LeagueOfLegendsAuditModel] ([Id], [UserId], [Action], [DateTime]) VALUES (85, 10041, N'Completed Job By Booster [{"Id":27,"CoachingModel":null,"BoostingModel":null,"PlacementMatchesModel":null,"WinBoostModel":null,"PersonalInformation":{"Id":27,"UserName":"asunadevilmaycry","Password":"Chicken66Nugget","FirstName":null,"LastName":null,"Email":"loonyloaf@aol.com","Discord":"loonyloaf#1313","PaymentMethod":"Paypal","stripeToken":null},"TFTPlacementModel":null,"TFTBoostingModel":null,"BoosterAssignedTo":{"Balance":0.00,"DiscordId":null,"Id":10041,"UserName":"qs235874@gmail.com","NormalizedUserName":"QS235874@GMAIL.COM","Email":"qs235874@gmail.com","NormalizedEmail":"QS235874@GMAIL.COM","EmailConfirmed":false,"PasswordHash":"AQAAAAEAACcQAAAAEN08az11W8Rdu6cg9Jt7b4PnWIZJ8U7WGkGGfDheg2lgujSNm9K/i7fdHTIudJ9vaQ==","SecurityStamp":"PY4XQZWBDTHRD47TIWQ36CERNBOOCBU3","ConcurrencyStamp":"1cbf6c44-3e42-4c1d-b58b-b0de6096e36b","PhoneNumber":null,"PhoneNumberConfirmed":false,"TwoFactorEnabled":false,"LockoutEnd":null,"LockoutEnabled":true,"AccessFailedCount":0},"BoosterCompletionConfirmed":true,"CustomerCompletionConfirmed":false,"Pricing":"69.04","BoosterPricing":null,"JobAvailable":false,"PayPalApproval":"https://www.paypal.com/checkoutnow?token=3T4039211J713223E","PayPalCapture":"https://api.paypal.com/v2/checkout/orders/3T4039211J713223E/capture","PurchaseType":0}]', CAST(N'2020-11-09T10:46:48.2803093' AS DateTime2))
GO
INSERT [LeagueOfLegendsAuditModel] ([Id], [UserId], [Action], [DateTime]) VALUES (86, 20062, N'Completed Job By Booster [{"Id":50,"CoachingModel":null,"BoostingModel":null,"PlacementMatchesModel":null,"WinBoostModel":null,"PersonalInformation":{"Id":50,"UserName":"Strder","Password":"yIkMC1ZsVDcdqfAHGKVZ","FirstName":null,"LastName":null,"Email":"paulvanharten1996@hotmail.nl","Discord":"Strider#3886","PaymentMethod":"Paypal","stripeToken":null},"TFTPlacementModel":null,"TFTBoostingModel":null,"BoosterAssignedTo":{"Balance":0.00,"DiscordId":"309020515459399680","Id":20062,"UserName":"bentheblaster27@gmail.com","NormalizedUserName":"BENTHEBLASTER27@GMAIL.COM","Email":"bentheblaster27@gmail.com","NormalizedEmail":"BENTHEBLASTER27@GMAIL.COM","EmailConfirmed":false,"PasswordHash":"AQAAAAEAACcQAAAAEIbX6lW8+QSKMEmk+ibYNbi8pO6l/IQMU7DTCzqzwPuoyru/clu7IxWOjPtkEOFXdQ==","SecurityStamp":"37P5VLX7FJRFRLUERARZSPVQ4Z2IFL6Y","ConcurrencyStamp":"332cdfa5-4857-4a98-8a2e-d57f1b87d35e","PhoneNumber":null,"PhoneNumberConfirmed":false,"TwoFactorEnabled":false,"LockoutEnd":null,"LockoutEnabled":true,"AccessFailedCount":0},"BoosterCompletionConfirmed":true,"CustomerCompletionConfirmed":false,"Pricing":"12.32","BoosterPricing":null,"JobAvailable":false,"PayPalApproval":"https://www.paypal.com/checkoutnow?token=32T93884EU969182E","PayPalCapture":"https://api.paypal.com/v2/checkout/orders/32T93884EU969182E/capture","PurchaseType":0}]', CAST(N'2020-11-09T11:44:19.2265158' AS DateTime2))
GO
INSERT [LeagueOfLegendsAuditModel] ([Id], [UserId], [Action], [DateTime]) VALUES (87, 20062, N'Accepted Job By Booster [{"Id":52,"CoachingModel":null,"BoostingModel":null,"PlacementMatchesModel":null,"WinBoostModel":null,"PersonalInformation":{"Id":52,"UserName":"kushlink","Password":"dfN5LMHjLRby37m2","FirstName":null,"LastName":null,"Email":"jessevdn98@gmail.com","Discord":"YungYazyy#0069","PaymentMethod":"Paypal","stripeToken":null},"TFTPlacementModel":null,"TFTBoostingModel":null,"BoosterAssignedTo":{"Balance":0.00,"DiscordId":"309020515459399680","Id":20062,"UserName":"bentheblaster27@gmail.com","NormalizedUserName":"BENTHEBLASTER27@GMAIL.COM","Email":"bentheblaster27@gmail.com","NormalizedEmail":"BENTHEBLASTER27@GMAIL.COM","EmailConfirmed":false,"PasswordHash":"AQAAAAEAACcQAAAAEIbX6lW8+QSKMEmk+ibYNbi8pO6l/IQMU7DTCzqzwPuoyru/clu7IxWOjPtkEOFXdQ==","SecurityStamp":"37P5VLX7FJRFRLUERARZSPVQ4Z2IFL6Y","ConcurrencyStamp":"332cdfa5-4857-4a98-8a2e-d57f1b87d35e","PhoneNumber":null,"PhoneNumberConfirmed":false,"TwoFactorEnabled":false,"LockoutEnd":null,"LockoutEnabled":true,"AccessFailedCount":0},"BoosterCompletionConfirmed":false,"CustomerCompletionConfirmed":false,"Pricing":"11.05","BoosterPricing":null,"JobAvailable":false,"PayPalApproval":"https://www.paypal.com/checkoutnow?token=8AD86226J6009261P","PayPalCapture":"https://api.paypal.com/v2/checkout/orders/8AD86226J6009261P/capture","PurchaseType":0}]', CAST(N'2020-11-09T11:49:40.7347139' AS DateTime2))
GO
INSERT [LeagueOfLegendsAuditModel] ([Id], [UserId], [Action], [DateTime]) VALUES (88, 27, N'Completed Job By Booster [{"Id":48,"CoachingModel":null,"BoostingModel":null,"PlacementMatchesModel":null,"WinBoostModel":null,"PersonalInformation":{"Id":48,"UserName":"jollyclaret","Password":"rUuZk6H2J7hciiu3Kj@epWBk","FirstName":"Alex","LastName":"Jolly","Email":"alexjolly9@gmail.com","Discord":"JollyClaret#1432","PaymentMethod":"Paypal","stripeToken":null},"TFTPlacementModel":null,"TFTBoostingModel":null,"BoosterAssignedTo":{"Balance":0.00,"DiscordId":"167513524719976448","Id":27,"UserName":"zygizthegamer@gmail.com","NormalizedUserName":"ZYGIZTHEGAMER@GMAIL.COM","Email":"zygizthegamer@gmail.com","NormalizedEmail":"ZYGIZTHEGAMER@GMAIL.COM","EmailConfirmed":false,"PasswordHash":"AQAAAAEAACcQAAAAELEliQiB2ypkDc5dc2zDhBJUvhWoHFDdGRaIxF0KCcyxy5sSe9jHpPy1uPLxF9p6vw==","SecurityStamp":"YFJYQ5M4OM2ARGLLLNDR7DFMA4IFGD5Y","ConcurrencyStamp":"a1faea80-5284-4f82-9889-702924024bb2","PhoneNumber":null,"PhoneNumberConfirmed":false,"TwoFactorEnabled":false,"LockoutEnd":null,"LockoutEnabled":true,"AccessFailedCount":0},"BoosterCompletionConfirmed":true,"CustomerCompletionConfirmed":false,"Pricing":"18.15","BoosterPricing":null,"JobAvailable":false,"PayPalApproval":"https://www.paypal.com/checkoutnow?token=3LK58380MR134543J","PayPalCapture":"https://api.paypal.com/v2/checkout/orders/3LK58380MR134543J/capture","PurchaseType":0}]', CAST(N'2020-11-09T13:37:21.0162764' AS DateTime2))
GO
INSERT [LeagueOfLegendsAuditModel] ([Id], [UserId], [Action], [DateTime]) VALUES (89, 27, N'Accepted Job By Booster [{"Id":53,"CoachingModel":null,"BoostingModel":null,"PlacementMatchesModel":null,"WinBoostModel":null,"PersonalInformation":{"Id":53,"UserName":null,"Password":null,"FirstName":"Alex","LastName":"Jolly","Email":"alexjolly9@gmail.com","Discord":"JollyClaret#1432","PaymentMethod":"Paypal","stripeToken":null},"TFTPlacementModel":null,"TFTBoostingModel":null,"BoosterAssignedTo":{"Balance":0.00,"DiscordId":"167513524719976448","Id":27,"UserName":"zygizthegamer@gmail.com","NormalizedUserName":"ZYGIZTHEGAMER@GMAIL.COM","Email":"zygizthegamer@gmail.com","NormalizedEmail":"ZYGIZTHEGAMER@GMAIL.COM","EmailConfirmed":false,"PasswordHash":"AQAAAAEAACcQAAAAELEliQiB2ypkDc5dc2zDhBJUvhWoHFDdGRaIxF0KCcyxy5sSe9jHpPy1uPLxF9p6vw==","SecurityStamp":"YFJYQ5M4OM2ARGLLLNDR7DFMA4IFGD5Y","ConcurrencyStamp":"a1faea80-5284-4f82-9889-702924024bb2","PhoneNumber":null,"PhoneNumberConfirmed":false,"TwoFactorEnabled":false,"LockoutEnd":null,"LockoutEnabled":true,"AccessFailedCount":0},"BoosterCompletionConfirmed":false,"CustomerCompletionConfirmed":false,"Pricing":"3.5","BoosterPricing":null,"JobAvailable":false,"PayPalApproval":"https://www.paypal.com/checkoutnow?token=8YL52155VE945281F","PayPalCapture":"https://api.paypal.com/v2/checkout/orders/8YL52155VE945281F/capture","PurchaseType":2}]', CAST(N'2020-11-09T13:40:29.8047945' AS DateTime2))
GO
INSERT [LeagueOfLegendsAuditModel] ([Id], [UserId], [Action], [DateTime]) VALUES (90, 27, N'Completed Job By Booster [{"Id":53,"CoachingModel":null,"BoostingModel":null,"PlacementMatchesModel":null,"WinBoostModel":null,"PersonalInformation":{"Id":53,"UserName":null,"Password":null,"FirstName":"Alex","LastName":"Jolly","Email":"alexjolly9@gmail.com","Discord":"JollyClaret#1432","PaymentMethod":"Paypal","stripeToken":null},"TFTPlacementModel":null,"TFTBoostingModel":null,"BoosterAssignedTo":{"Balance":0.00,"DiscordId":"167513524719976448","Id":27,"UserName":"zygizthegamer@gmail.com","NormalizedUserName":"ZYGIZTHEGAMER@GMAIL.COM","Email":"zygizthegamer@gmail.com","NormalizedEmail":"ZYGIZTHEGAMER@GMAIL.COM","EmailConfirmed":false,"PasswordHash":"AQAAAAEAACcQAAAAELEliQiB2ypkDc5dc2zDhBJUvhWoHFDdGRaIxF0KCcyxy5sSe9jHpPy1uPLxF9p6vw==","SecurityStamp":"YFJYQ5M4OM2ARGLLLNDR7DFMA4IFGD5Y","ConcurrencyStamp":"a1faea80-5284-4f82-9889-702924024bb2","PhoneNumber":null,"PhoneNumberConfirmed":false,"TwoFactorEnabled":false,"LockoutEnd":null,"LockoutEnabled":true,"AccessFailedCount":0},"BoosterCompletionConfirmed":true,"CustomerCompletionConfirmed":false,"Pricing":"3.5","BoosterPricing":null,"JobAvailable":false,"PayPalApproval":"https://www.paypal.com/checkoutnow?token=8YL52155VE945281F","PayPalCapture":"https://api.paypal.com/v2/checkout/orders/8YL52155VE945281F/capture","PurchaseType":2}]', CAST(N'2020-11-09T14:01:05.7822890' AS DateTime2))
GO
INSERT [LeagueOfLegendsAuditModel] ([Id], [UserId], [Action], [DateTime]) VALUES (91, 10040, N'Completed Job By Booster [{"Id":51,"CoachingModel":null,"BoostingModel":null,"PlacementMatchesModel":null,"WinBoostModel":null,"PersonalInformation":{"Id":51,"UserName":"Sparklix12","Password":"RipKacper123","FirstName":"Wouter","LastName":"De Roos","Email":"wouter.de.roos12@gmail.com","Discord":"Sparklix#1025","PaymentMethod":"Paypal","stripeToken":null},"TFTPlacementModel":null,"TFTBoostingModel":null,"BoosterAssignedTo":{"Balance":0.00,"DiscordId":"513011253338177536","Id":10040,"UserName":"dennis.mueller62@web.de","NormalizedUserName":"DENNIS.MUELLER62@WEB.DE","Email":"dennis.mueller62@web.de","NormalizedEmail":"DENNIS.MUELLER62@WEB.DE","EmailConfirmed":false,"PasswordHash":"AQAAAAEAACcQAAAAEPCavyGLlf0079VzWDolD4zTuz8cbCl0vyQm8GCcQ0BPiwk9c1OaCOszSN8rDfpHGA==","SecurityStamp":"V4BHI3SGGUDJORU7NSKWOSRKJXQJIWY2","ConcurrencyStamp":"11329de2-c8b3-4c73-8804-7980f65770d0","PhoneNumber":null,"PhoneNumberConfirmed":false,"TwoFactorEnabled":false,"LockoutEnd":null,"LockoutEnabled":true,"AccessFailedCount":0},"BoosterCompletionConfirmed":true,"CustomerCompletionConfirmed":false,"Pricing":"13.72","BoosterPricing":null,"JobAvailable":false,"PayPalApproval":"https://www.paypal.com/checkoutnow?token=4LL808925Y462493Y","PayPalCapture":"https://api.paypal.com/v2/checkout/orders/4LL808925Y462493Y/capture","PurchaseType":0}]', CAST(N'2020-11-09T15:20:46.5450285' AS DateTime2))
GO
INSERT [LeagueOfLegendsAuditModel] ([Id], [UserId], [Action], [DateTime]) VALUES (92, 20062, N'Completed Job By Booster [{"Id":52,"CoachingModel":null,"BoostingModel":null,"PlacementMatchesModel":null,"WinBoostModel":null,"PersonalInformation":{"Id":52,"UserName":"kushlink","Password":"dfN5LMHjLRby37m2","FirstName":null,"LastName":null,"Email":"jessevdn98@gmail.com","Discord":"YungYazyy#0069","PaymentMethod":"Paypal","stripeToken":null},"TFTPlacementModel":null,"TFTBoostingModel":null,"BoosterAssignedTo":{"Balance":0.00,"DiscordId":"309020515459399680","Id":20062,"UserName":"bentheblaster27@gmail.com","NormalizedUserName":"BENTHEBLASTER27@GMAIL.COM","Email":"bentheblaster27@gmail.com","NormalizedEmail":"BENTHEBLASTER27@GMAIL.COM","EmailConfirmed":false,"PasswordHash":"AQAAAAEAACcQAAAAEIbX6lW8+QSKMEmk+ibYNbi8pO6l/IQMU7DTCzqzwPuoyru/clu7IxWOjPtkEOFXdQ==","SecurityStamp":"37P5VLX7FJRFRLUERARZSPVQ4Z2IFL6Y","ConcurrencyStamp":"332cdfa5-4857-4a98-8a2e-d57f1b87d35e","PhoneNumber":null,"PhoneNumberConfirmed":false,"TwoFactorEnabled":false,"LockoutEnd":null,"LockoutEnabled":true,"AccessFailedCount":0},"BoosterCompletionConfirmed":true,"CustomerCompletionConfirmed":false,"Pricing":"11.05","BoosterPricing":null,"JobAvailable":false,"PayPalApproval":"https://www.paypal.com/checkoutnow?token=8AD86226J6009261P","PayPalCapture":"https://api.paypal.com/v2/checkout/orders/8AD86226J6009261P/capture","PurchaseType":0}]', CAST(N'2020-11-09T18:46:01.6152511' AS DateTime2))
GO
INSERT [LeagueOfLegendsAuditModel] ([Id], [UserId], [Action], [DateTime]) VALUES (93, 1, N'Completed Job By Booster [{"Id":45,"CoachingModel":null,"BoostingModel":null,"PlacementMatchesModel":null,"WinBoostModel":null,"PersonalInformation":{"Id":45,"UserName":"AmariChase","Password":"Amari913","FirstName":"Angelica","LastName":"Shelton","Email":"nanarockie16@gmail.com","Discord":"Angie#9415","PaymentMethod":"Stripe","stripeToken":"tok_1HkdrJF9YOHhm6dd6tPwnvfY"},"TFTPlacementModel":null,"TFTBoostingModel":null,"BoosterAssignedTo":{"Balance":0.00,"DiscordId":"1234","Id":1,"UserName":"info@spartanboosting.com","NormalizedUserName":"INFO@SPARTANBOOSTING.COM","Email":"info@spartanboosting.com","NormalizedEmail":"INFO@SPARTANBOOSTING.COM","EmailConfirmed":false,"PasswordHash":"AQAAAAEAACcQAAAAEFon0BF3hYg2eI4tADSqBc4RW0IAlZm4mrx1dRTIgJAyLgg4uICeBDW+JpeXmR72tA==","SecurityStamp":"CGHZ4LML7NBCFMYNEXAF6G3AHXWTN6CF","ConcurrencyStamp":"79a18ba0-f357-4b94-8198-7ca44b1e93ed","PhoneNumber":null,"PhoneNumberConfirmed":false,"TwoFactorEnabled":false,"LockoutEnd":null,"LockoutEnabled":true,"AccessFailedCount":0},"BoosterCompletionConfirmed":true,"CustomerCompletionConfirmed":false,"Pricing":"25.20","BoosterPricing":null,"JobAvailable":false,"PayPalApproval":null,"PayPalCapture":null,"PurchaseType":3}]', CAST(N'2020-11-10T15:44:45.4873351' AS DateTime2))
GO
INSERT [LeagueOfLegendsAuditModel] ([Id], [UserId], [Action], [DateTime]) VALUES (94, 20066, N'Completed Job By Booster [{"Id":43,"CoachingModel":null,"BoostingModel":null,"PlacementMatchesModel":null,"WinBoostModel":null,"PersonalInformation":{"Id":43,"UserName":null,"Password":null,"FirstName":null,"LastName":null,"Email":"morice.gudd@gmail.com","Discord":"Paradyse#2273","PaymentMethod":"Paypal","stripeToken":null},"TFTPlacementModel":null,"TFTBoostingModel":null,"BoosterAssignedTo":{"Balance":0.00,"DiscordId":"352479770392395787","Id":20066,"UserName":"nikolakunchov@gmail.com","NormalizedUserName":"NIKOLAKUNCHOV@GMAIL.COM","Email":"nikolakunchov@gmail.com","NormalizedEmail":"NIKOLAKUNCHOV@GMAIL.COM","EmailConfirmed":true,"PasswordHash":"AQAAAAEAACcQAAAAENDwbtFNfsZCj0770AkqDUCdD5u1/RDtFLZVoLbxfodX3EfMz0XrXL4n24orQ/wMtA==","SecurityStamp":"5VB6DAI6YVZKDJTNP2N245D66BFGYICJ","ConcurrencyStamp":"4788bad8-6f7d-4da3-af38-ac55d06ee7b0","PhoneNumber":null,"PhoneNumberConfirmed":false,"TwoFactorEnabled":false,"LockoutEnd":null,"LockoutEnabled":true,"AccessFailedCount":0},"BoosterCompletionConfirmed":true,"CustomerCompletionConfirmed":false,"Pricing":"43.64","BoosterPricing":null,"JobAvailable":false,"PayPalApproval":"https://www.paypal.com/checkoutnow?token=6UE66876LK663952G","PayPalCapture":"https://api.paypal.com/v2/checkout/orders/6UE66876LK663952G/capture","PurchaseType":1}]', CAST(N'2020-11-17T08:10:10.0369224' AS DateTime2))
GO
INSERT [LeagueOfLegendsAuditModel] ([Id], [UserId], [Action], [DateTime]) VALUES (95, 20068, N'Accepted Job By Booster [{"Id":54,"CoachingModel":null,"BoostingModel":null,"PlacementMatchesModel":null,"WinBoostModel":null,"PersonalInformation":{"Id":54,"UserName":null,"Password":null,"FirstName":null,"LastName":null,"Email":"bucher95@gmx.net","Discord":"Piero#6517","PaymentMethod":"Paypal","stripeToken":null},"TFTPlacementModel":null,"TFTBoostingModel":null,"BoosterAssignedTo":{"Balance":0.00,"DiscordId":"168428397519831040","Id":20068,"UserName":"johannarnar003@gmail.com","NormalizedUserName":"JOHANNARNAR003@GMAIL.COM","Email":"johannarnar003@gmail.com","NormalizedEmail":"JOHANNARNAR003@GMAIL.COM","EmailConfirmed":false,"PasswordHash":"AQAAAAEAACcQAAAAEMHE1lz9gpQzowpuozKdzU/vKkDI4vkkkDv9tFno06WaiUP7eQ7EOq+QVmGNFHr/2A==","SecurityStamp":"ZVEWJ7NK7RAVJMGF2PQJAF4CUC66KU55","ConcurrencyStamp":"308b3b3d-4399-40f7-8498-0eaf7f520895","PhoneNumber":null,"PhoneNumberConfirmed":false,"TwoFactorEnabled":false,"LockoutEnd":null,"LockoutEnabled":true,"AccessFailedCount":0},"BoosterCompletionConfirmed":false,"CustomerCompletionConfirmed":false,"Pricing":"24","BoosterPricing":null,"JobAvailable":false,"PayPalApproval":"https://www.paypal.com/checkoutnow?token=0KB64582SF481962W","PayPalCapture":"https://api.paypal.com/v2/checkout/orders/0KB64582SF481962W/capture","PurchaseType":3}]', CAST(N'2020-11-23T18:47:23.7565027' AS DateTime2))
GO
INSERT [LeagueOfLegendsAuditModel] ([Id], [UserId], [Action], [DateTime]) VALUES (96, 36, N'Accepted Job By Booster [{"Id":55,"CoachingModel":null,"BoostingModel":null,"PlacementMatchesModel":null,"WinBoostModel":null,"PersonalInformation":{"Id":55,"UserName":null,"Password":null,"FirstName":null,"LastName":null,"Email":"mitchyware@yahoo.com","Discord":"Mitch#9927","PaymentMethod":"Paypal","stripeToken":null},"TFTPlacementModel":null,"TFTBoostingModel":null,"BoosterAssignedTo":{"Balance":0.00,"DiscordId":"178882301176840192","Id":36,"UserName":"adzwind1579@gmail.com","NormalizedUserName":"ADZWIND1579@GMAIL.COM","Email":"adzwind1579@gmail.com","NormalizedEmail":"ADZWIND1579@GMAIL.COM","EmailConfirmed":false,"PasswordHash":"AQAAAAEAACcQAAAAEEd28BoM0bCr3NI4K7piKFFyEtVfCG0LxhvRlhw0QL1AQ9/sGZvtfRxE3QJS/WdxQg==","SecurityStamp":"TEBBINDDBUUZTIECGLXUYBPA66Y2PVMP","ConcurrencyStamp":"d9f1e5dc-b9aa-49a7-97b3-bc0acf60f46f","PhoneNumber":null,"PhoneNumberConfirmed":false,"TwoFactorEnabled":false,"LockoutEnd":null,"LockoutEnabled":true,"AccessFailedCount":0},"BoosterCompletionConfirmed":false,"CustomerCompletionConfirmed":false,"Pricing":"22.54","BoosterPricing":null,"JobAvailable":false,"PayPalApproval":"https://www.paypal.com/checkoutnow?token=25U65609B1721622C","PayPalCapture":"https://api.paypal.com/v2/checkout/orders/25U65609B1721622C/capture","PurchaseType":1}]', CAST(N'2020-11-24T19:19:39.9301555' AS DateTime2))
GO
INSERT [LeagueOfLegendsAuditModel] ([Id], [UserId], [Action], [DateTime]) VALUES (97, 36, N'Completed Job By Booster [{"Id":55,"CoachingModel":null,"BoostingModel":null,"PlacementMatchesModel":null,"WinBoostModel":null,"PersonalInformation":{"Id":55,"UserName":null,"Password":null,"FirstName":null,"LastName":null,"Email":"mitchyware@yahoo.com","Discord":"Mitch#9927","PaymentMethod":"Paypal","stripeToken":null},"TFTPlacementModel":null,"TFTBoostingModel":null,"BoosterAssignedTo":{"Balance":0.00,"DiscordId":"178882301176840192","Id":36,"UserName":"adzwind1579@gmail.com","NormalizedUserName":"ADZWIND1579@GMAIL.COM","Email":"adzwind1579@gmail.com","NormalizedEmail":"ADZWIND1579@GMAIL.COM","EmailConfirmed":false,"PasswordHash":"AQAAAAEAACcQAAAAEEd28BoM0bCr3NI4K7piKFFyEtVfCG0LxhvRlhw0QL1AQ9/sGZvtfRxE3QJS/WdxQg==","SecurityStamp":"TEBBINDDBUUZTIECGLXUYBPA66Y2PVMP","ConcurrencyStamp":"d9f1e5dc-b9aa-49a7-97b3-bc0acf60f46f","PhoneNumber":null,"PhoneNumberConfirmed":false,"TwoFactorEnabled":false,"LockoutEnd":null,"LockoutEnabled":true,"AccessFailedCount":0},"BoosterCompletionConfirmed":true,"CustomerCompletionConfirmed":false,"Pricing":"22.54","BoosterPricing":null,"JobAvailable":false,"PayPalApproval":"https://www.paypal.com/checkoutnow?token=25U65609B1721622C","PayPalCapture":"https://api.paypal.com/v2/checkout/orders/25U65609B1721622C/capture","PurchaseType":1}]', CAST(N'2020-11-25T20:37:46.8368301' AS DateTime2))
GO
INSERT [LeagueOfLegendsAuditModel] ([Id], [UserId], [Action], [DateTime]) VALUES (98, 20068, N'Completed Job By Booster [{"Id":54,"CoachingModel":null,"BoostingModel":null,"PlacementMatchesModel":null,"WinBoostModel":null,"PersonalInformation":{"Id":54,"UserName":null,"Password":null,"FirstName":null,"LastName":null,"Email":"bucher95@gmx.net","Discord":"Piero#6517","PaymentMethod":"Paypal","stripeToken":null},"TFTPlacementModel":null,"TFTBoostingModel":null,"BoosterAssignedTo":{"Balance":0.00,"DiscordId":"168428397519831040","Id":20068,"UserName":"johannarnar003@gmail.com","NormalizedUserName":"JOHANNARNAR003@GMAIL.COM","Email":"johannarnar003@gmail.com","NormalizedEmail":"JOHANNARNAR003@GMAIL.COM","EmailConfirmed":false,"PasswordHash":"AQAAAAEAACcQAAAAEMHE1lz9gpQzowpuozKdzU/vKkDI4vkkkDv9tFno06WaiUP7eQ7EOq+QVmGNFHr/2A==","SecurityStamp":"ZVEWJ7NK7RAVJMGF2PQJAF4CUC66KU55","ConcurrencyStamp":"308b3b3d-4399-40f7-8498-0eaf7f520895","PhoneNumber":null,"PhoneNumberConfirmed":false,"TwoFactorEnabled":false,"LockoutEnd":null,"LockoutEnabled":true,"AccessFailedCount":0},"BoosterCompletionConfirmed":true,"CustomerCompletionConfirmed":false,"Pricing":"24","BoosterPricing":null,"JobAvailable":false,"PayPalApproval":"https://www.paypal.com/checkoutnow?token=0KB64582SF481962W","PayPalCapture":"https://api.paypal.com/v2/checkout/orders/0KB64582SF481962W/capture","PurchaseType":3}]', CAST(N'2020-11-26T20:01:09.1485228' AS DateTime2))
GO
INSERT [LeagueOfLegendsAuditModel] ([Id], [UserId], [Action], [DateTime]) VALUES (99, 2, N'Accepted Job By Booster [{"Id":56,"CoachingModel":null,"BoostingModel":null,"PlacementMatchesModel":null,"WinBoostModel":null,"PersonalInformation":{"Id":56,"UserName":"bobbywardell@hotmail.com","Password":"6526785","FirstName":"Robert","LastName":"Wardell","Email":"bobbywardell@hotmail.com","Discord":"sgbsfgb","PaymentMethod":"Paypal","stripeToken":null},"TFTPlacementModel":null,"TFTBoostingModel":null,"BoosterAssignedTo":{"Balance":0.00,"DiscordId":null,"Id":2,"UserName":"bobbywardell@hotmail.com","NormalizedUserName":"BOBBYWARDELL@HOTMAIL.COM","Email":"bobbywardell@hotmail.com","NormalizedEmail":"BOBBYWARDELL@HOTMAIL.COM","EmailConfirmed":false,"PasswordHash":"AQAAAAEAACcQAAAAEFjQothLB+Bt8jRrUoTau1ZcDNhWLDb61jLgda9YblB2uTsqOkWu/1K05rLfZRCW7w==","SecurityStamp":"UI5XW2MQL4JPH33KJAJ3IHNGIKHWBFUK","ConcurrencyStamp":"7581f282-cc8f-42cc-a88b-653ee6f097bc","PhoneNumber":null,"PhoneNumberConfirmed":false,"TwoFactorEnabled":false,"LockoutEnd":null,"LockoutEnabled":true,"AccessFailedCount":0},"BoosterCompletionConfirmed":false,"CustomerCompletionConfirmed":false,"AdminCompletionConfirmed":false,"Pricing":"4.71","BoosterPricing":null,"JobAvailable":false,"PayPalApproval":"https://www.sandbox.paypal.com/checkoutnow?token=8BM15839VD9020005","PayPalCapture":"https://api.sandbox.paypal.com/v2/checkout/orders/8BM15839VD9020005/capture","PurchaseType":0}]', CAST(N'2021-01-08T16:30:18.3874516' AS DateTime2))
GO
INSERT [LeagueOfLegendsAuditModel] ([Id], [UserId], [Action], [DateTime]) VALUES (100, 27, N'Accepted Job By Booster [{"Id":57,"CoachingModel":null,"BoostingModel":null,"PlacementMatchesModel":null,"WinBoostModel":null,"PersonalInformation":{"Id":57,"UserName":null,"Password":null,"FirstName":"K","LastName":"B","Email":"kissa@hotmail.no","Discord":"Kissa#1337","PaymentMethod":"Paypal","stripeToken":null},"TFTPlacementModel":null,"TFTBoostingModel":null,"BoosterAssignedTo":{"Balance":0.00,"DiscordId":"167513524719976448","Id":27,"UserName":"zygizthegamer@gmail.com","NormalizedUserName":"ZYGIZTHEGAMER@GMAIL.COM","Email":"zygizthegamer@gmail.com","NormalizedEmail":"ZYGIZTHEGAMER@GMAIL.COM","EmailConfirmed":false,"PasswordHash":"AQAAAAEAACcQAAAAELEliQiB2ypkDc5dc2zDhBJUvhWoHFDdGRaIxF0KCcyxy5sSe9jHpPy1uPLxF9p6vw==","SecurityStamp":"YFJYQ5M4OM2ARGLLLNDR7DFMA4IFGD5Y","ConcurrencyStamp":"a1faea80-5284-4f82-9889-702924024bb2","PhoneNumber":null,"PhoneNumberConfirmed":false,"TwoFactorEnabled":false,"LockoutEnd":null,"LockoutEnabled":true,"AccessFailedCount":0},"BoosterCompletionConfirmed":false,"CustomerCompletionConfirmed":false,"AdminCompletionConfirmed":false,"Pricing":"22.5","BoosterPricing":null,"JobAvailable":false,"PayPalApproval":"https://www.paypal.com/checkoutnow?token=6BB94857TK553491D","PayPalCapture":"https://api.paypal.com/v2/checkout/orders/6BB94857TK553491D/capture","PurchaseType":3}]', CAST(N'2021-01-08T16:59:56.2115868' AS DateTime2))
GO
INSERT [LeagueOfLegendsAuditModel] ([Id], [UserId], [Action], [DateTime]) VALUES (101, 27, N'Accepted Job By Booster [{"Id":58,"CoachingModel":null,"BoostingModel":null,"PlacementMatchesModel":null,"WinBoostModel":null,"PersonalInformation":{"Id":58,"UserName":null,"Password":null,"FirstName":null,"LastName":null,"Email":"kissa@hotmail.no","Discord":"Kissa#1337","PaymentMethod":"Paypal","stripeToken":null},"TFTPlacementModel":null,"TFTBoostingModel":null,"BoosterAssignedTo":{"Balance":0.00,"DiscordId":"167513524719976448","Id":27,"UserName":"zygizthegamer@gmail.com","NormalizedUserName":"ZYGIZTHEGAMER@GMAIL.COM","Email":"zygizthegamer@gmail.com","NormalizedEmail":"ZYGIZTHEGAMER@GMAIL.COM","EmailConfirmed":false,"PasswordHash":"AQAAAAEAACcQAAAAELEliQiB2ypkDc5dc2zDhBJUvhWoHFDdGRaIxF0KCcyxy5sSe9jHpPy1uPLxF9p6vw==","SecurityStamp":"YFJYQ5M4OM2ARGLLLNDR7DFMA4IFGD5Y","ConcurrencyStamp":"a1faea80-5284-4f82-9889-702924024bb2","PhoneNumber":null,"PhoneNumberConfirmed":false,"TwoFactorEnabled":false,"LockoutEnd":null,"LockoutEnabled":true,"AccessFailedCount":0},"BoosterCompletionConfirmed":false,"CustomerCompletionConfirmed":false,"AdminCompletionConfirmed":false,"Pricing":"18.0","BoosterPricing":null,"JobAvailable":false,"PayPalApproval":"https://www.paypal.com/checkoutnow?token=5KF40395EG781422P","PayPalCapture":"https://api.paypal.com/v2/checkout/orders/5KF40395EG781422P/capture","PurchaseType":3}]', CAST(N'2021-01-08T20:48:55.1273297' AS DateTime2))
GO
INSERT [LeagueOfLegendsAuditModel] ([Id], [UserId], [Action], [DateTime]) VALUES (102, 27, N'Completed Job By Booster [{"Id":57,"CoachingModel":null,"BoostingModel":null,"PlacementMatchesModel":null,"WinBoostModel":null,"PersonalInformation":{"Id":57,"UserName":null,"Password":null,"FirstName":"K","LastName":"B","Email":"kissa@hotmail.no","Discord":"Kissa#1337","PaymentMethod":"Paypal","stripeToken":null},"TFTPlacementModel":null,"TFTBoostingModel":null,"BoosterAssignedTo":{"Balance":0.00,"DiscordId":"167513524719976448","Id":27,"UserName":"zygizthegamer@gmail.com","NormalizedUserName":"ZYGIZTHEGAMER@GMAIL.COM","Email":"zygizthegamer@gmail.com","NormalizedEmail":"ZYGIZTHEGAMER@GMAIL.COM","EmailConfirmed":false,"PasswordHash":"AQAAAAEAACcQAAAAELEliQiB2ypkDc5dc2zDhBJUvhWoHFDdGRaIxF0KCcyxy5sSe9jHpPy1uPLxF9p6vw==","SecurityStamp":"YFJYQ5M4OM2ARGLLLNDR7DFMA4IFGD5Y","ConcurrencyStamp":"a1faea80-5284-4f82-9889-702924024bb2","PhoneNumber":null,"PhoneNumberConfirmed":false,"TwoFactorEnabled":false,"LockoutEnd":null,"LockoutEnabled":true,"AccessFailedCount":0},"BoosterCompletionConfirmed":true,"CustomerCompletionConfirmed":false,"AdminCompletionConfirmed":false,"Pricing":"22.5","BoosterPricing":null,"JobAvailable":false,"PayPalApproval":"https://www.paypal.com/checkoutnow?token=6BB94857TK553491D","PayPalCapture":"https://api.paypal.com/v2/checkout/orders/6BB94857TK553491D/capture","PurchaseType":3}]', CAST(N'2021-01-08T20:49:01.3824739' AS DateTime2))
GO
INSERT [LeagueOfLegendsAuditModel] ([Id], [UserId], [Action], [DateTime]) VALUES (103, 2, N'Completed Job By Booster [{"Id":56,"CoachingModel":null,"BoostingModel":null,"PlacementMatchesModel":null,"WinBoostModel":null,"PersonalInformation":{"Id":56,"UserName":"bobbywardell@hotmail.com","Password":"6526785","FirstName":"Robert","LastName":"Wardell","Email":"bobbywardell@hotmail.com","Discord":"sgbsfgb","PaymentMethod":"Paypal","stripeToken":null},"TFTPlacementModel":null,"TFTBoostingModel":null,"BoosterAssignedTo":{"Balance":3.30,"DiscordId":null,"Id":2,"UserName":"bobbywardell@hotmail.com","NormalizedUserName":"BOBBYWARDELL@HOTMAIL.COM","Email":"bobbywardell@hotmail.com","NormalizedEmail":"BOBBYWARDELL@HOTMAIL.COM","EmailConfirmed":false,"PasswordHash":"AQAAAAEAACcQAAAAEFjQothLB+Bt8jRrUoTau1ZcDNhWLDb61jLgda9YblB2uTsqOkWu/1K05rLfZRCW7w==","SecurityStamp":"UI5XW2MQL4JPH33KJAJ3IHNGIKHWBFUK","ConcurrencyStamp":"7581f282-cc8f-42cc-a88b-653ee6f097bc","PhoneNumber":null,"PhoneNumberConfirmed":false,"TwoFactorEnabled":false,"LockoutEnd":null,"LockoutEnabled":true,"AccessFailedCount":0},"BoosterCompletionConfirmed":true,"CustomerCompletionConfirmed":false,"AdminCompletionConfirmed":true,"Pricing":"4.71","BoosterPricing":null,"JobAvailable":false,"PayPalApproval":"https://www.sandbox.paypal.com/checkoutnow?token=8BM15839VD9020005","PayPalCapture":"https://api.sandbox.paypal.com/v2/checkout/orders/8BM15839VD9020005/capture","PurchaseType":0}]', CAST(N'2021-01-08T20:51:09.5870973' AS DateTime2))
GO
INSERT [LeagueOfLegendsAuditModel] ([Id], [UserId], [Action], [DateTime]) VALUES (104, 27, N'Completed Job By Booster [{"Id":58,"CoachingModel":null,"BoostingModel":null,"PlacementMatchesModel":null,"WinBoostModel":null,"PersonalInformation":{"Id":58,"UserName":null,"Password":null,"FirstName":null,"LastName":null,"Email":"kissa@hotmail.no","Discord":"Kissa#1337","PaymentMethod":"Paypal","stripeToken":null},"TFTPlacementModel":null,"TFTBoostingModel":null,"BoosterAssignedTo":{"Balance":0.00,"DiscordId":"167513524719976448","Id":27,"UserName":"zygizthegamer@gmail.com","NormalizedUserName":"ZYGIZTHEGAMER@GMAIL.COM","Email":"zygizthegamer@gmail.com","NormalizedEmail":"ZYGIZTHEGAMER@GMAIL.COM","EmailConfirmed":false,"PasswordHash":"AQAAAAEAACcQAAAAELEliQiB2ypkDc5dc2zDhBJUvhWoHFDdGRaIxF0KCcyxy5sSe9jHpPy1uPLxF9p6vw==","SecurityStamp":"YFJYQ5M4OM2ARGLLLNDR7DFMA4IFGD5Y","ConcurrencyStamp":"a1faea80-5284-4f82-9889-702924024bb2","PhoneNumber":null,"PhoneNumberConfirmed":false,"TwoFactorEnabled":false,"LockoutEnd":null,"LockoutEnabled":true,"AccessFailedCount":0},"BoosterCompletionConfirmed":true,"CustomerCompletionConfirmed":false,"AdminCompletionConfirmed":false,"Pricing":"18.0","BoosterPricing":null,"JobAvailable":false,"PayPalApproval":"https://www.paypal.com/checkoutnow?token=5KF40395EG781422P","PayPalCapture":"https://api.paypal.com/v2/checkout/orders/5KF40395EG781422P/capture","PurchaseType":3}]', CAST(N'2021-01-08T23:05:01.7706743' AS DateTime2))
GO
INSERT [LeagueOfLegendsAuditModel] ([Id], [UserId], [Action], [DateTime]) VALUES (105, 10048, N'Accepted Job By Booster [{"Id":60,"CoachingModel":null,"BoostingModel":null,"PlacementMatchesModel":null,"WinBoostModel":null,"PersonalInformation":{"Id":60,"UserName":null,"Password":null,"FirstName":"Peter","LastName":"Bucher","Email":"bucher95@gmx.net","Discord":"Piero#6517","PaymentMethod":"Paypal","stripeToken":null},"TFTPlacementModel":null,"TFTBoostingModel":null,"BoosterAssignedTo":{"Balance":0.00,"DiscordId":"194427543045013506","Id":10048,"UserName":"abdulwahid-2002@hotmail.com","NormalizedUserName":"ABDULWAHID-2002@HOTMAIL.COM","Email":"abdulwahid-2002@hotmail.com","NormalizedEmail":"ABDULWAHID-2002@HOTMAIL.COM","EmailConfirmed":false,"PasswordHash":"AQAAAAEAACcQAAAAEMO4BAZGTnC3bSAlh2rd+mfhTuUaHL00Ba43+YWUcYRCvWXGuc3wOx7vPewC8vzPgw==","SecurityStamp":"65EFP7T7T7WKZUW66ZOPZGJWPRHYNPGM","ConcurrencyStamp":"394a31b3-aff3-4cb5-8049-1b86dbae7cfa","PhoneNumber":null,"PhoneNumberConfirmed":false,"TwoFactorEnabled":false,"LockoutEnd":null,"LockoutEnabled":true,"AccessFailedCount":0},"BoosterCompletionConfirmed":false,"CustomerCompletionConfirmed":false,"AdminCompletionConfirmed":false,"Pricing":"24.0","BoosterPricing":null,"JobAvailable":false,"PayPalApproval":"https://www.paypal.com/checkoutnow?token=4J275939N2571492M","PayPalCapture":"https://api.paypal.com/v2/checkout/orders/4J275939N2571492M/capture","PurchaseType":3}]', CAST(N'2021-01-09T15:01:25.7073139' AS DateTime2))
GO
INSERT [LeagueOfLegendsAuditModel] ([Id], [UserId], [Action], [DateTime]) VALUES (106, 10048, N'Cancelled Job By Booster [{"Id":60,"CoachingModel":null,"BoostingModel":null,"PlacementMatchesModel":null,"WinBoostModel":null,"PersonalInformation":{"Id":60,"UserName":null,"Password":null,"FirstName":"Peter","LastName":"Bucher","Email":"bucher95@gmx.net","Discord":"Piero#6517","PaymentMethod":"Paypal","stripeToken":null},"TFTPlacementModel":null,"TFTBoostingModel":null,"BoosterAssignedTo":null,"BoosterCompletionConfirmed":false,"CustomerCompletionConfirmed":false,"AdminCompletionConfirmed":false,"Pricing":"24.0","BoosterPricing":null,"JobAvailable":true,"PayPalApproval":"https://www.paypal.com/checkoutnow?token=4J275939N2571492M","PayPalCapture":"https://api.paypal.com/v2/checkout/orders/4J275939N2571492M/capture","PurchaseType":3}]', CAST(N'2021-01-09T15:41:28.5883386' AS DateTime2))
GO
INSERT [LeagueOfLegendsAuditModel] ([Id], [UserId], [Action], [DateTime]) VALUES (107, 10048, N'Accepted Job By Booster [{"Id":59,"CoachingModel":null,"BoostingModel":null,"PlacementMatchesModel":null,"WinBoostModel":null,"PersonalInformation":{"Id":59,"UserName":null,"Password":null,"FirstName":null,"LastName":null,"Email":"n_andree@hotmail.com","Discord":"hide on ward#2157","PaymentMethod":"Paypal","stripeToken":null},"TFTPlacementModel":null,"TFTBoostingModel":null,"BoosterAssignedTo":{"Balance":0.00,"DiscordId":"194427543045013506","Id":10048,"UserName":"abdulwahid-2002@hotmail.com","NormalizedUserName":"ABDULWAHID-2002@HOTMAIL.COM","Email":"abdulwahid-2002@hotmail.com","NormalizedEmail":"ABDULWAHID-2002@HOTMAIL.COM","EmailConfirmed":false,"PasswordHash":"AQAAAAEAACcQAAAAEMO4BAZGTnC3bSAlh2rd+mfhTuUaHL00Ba43+YWUcYRCvWXGuc3wOx7vPewC8vzPgw==","SecurityStamp":"65EFP7T7T7WKZUW66ZOPZGJWPRHYNPGM","ConcurrencyStamp":"394a31b3-aff3-4cb5-8049-1b86dbae7cfa","PhoneNumber":null,"PhoneNumberConfirmed":false,"TwoFactorEnabled":false,"LockoutEnd":null,"LockoutEnabled":true,"AccessFailedCount":0},"BoosterCompletionConfirmed":false,"CustomerCompletionConfirmed":false,"AdminCompletionConfirmed":false,"Pricing":"63.00","BoosterPricing":null,"JobAvailable":false,"PayPalApproval":"https://www.paypal.com/checkoutnow?token=6X971737L35109631","PayPalCapture":"https://api.paypal.com/v2/checkout/orders/6X971737L35109631/capture","PurchaseType":3}]', CAST(N'2021-01-09T15:42:23.5426414' AS DateTime2))
GO
INSERT [LeagueOfLegendsAuditModel] ([Id], [UserId], [Action], [DateTime]) VALUES (108, 10048, N'Cancelled Job By Booster [{"Id":59,"CoachingModel":null,"BoostingModel":null,"PlacementMatchesModel":null,"WinBoostModel":null,"PersonalInformation":{"Id":59,"UserName":null,"Password":null,"FirstName":null,"LastName":null,"Email":"n_andree@hotmail.com","Discord":"hide on ward#2157","PaymentMethod":"Paypal","stripeToken":null},"TFTPlacementModel":null,"TFTBoostingModel":null,"BoosterAssignedTo":null,"BoosterCompletionConfirmed":false,"CustomerCompletionConfirmed":false,"AdminCompletionConfirmed":false,"Pricing":"63.00","BoosterPricing":null,"JobAvailable":true,"PayPalApproval":"https://www.paypal.com/checkoutnow?token=6X971737L35109631","PayPalCapture":"https://api.paypal.com/v2/checkout/orders/6X971737L35109631/capture","PurchaseType":3}]', CAST(N'2021-01-09T15:42:47.2064288' AS DateTime2))
GO
INSERT [LeagueOfLegendsAuditModel] ([Id], [UserId], [Action], [DateTime]) VALUES (109, 27, N'Accepted Job By Booster [{"Id":60,"CoachingModel":null,"BoostingModel":null,"PlacementMatchesModel":null,"WinBoostModel":null,"PersonalInformation":{"Id":60,"UserName":null,"Password":null,"FirstName":"Peter","LastName":"Bucher","Email":"bucher95@gmx.net","Discord":"Piero#6517","PaymentMethod":"Paypal","stripeToken":null},"TFTPlacementModel":null,"TFTBoostingModel":null,"BoosterAssignedTo":{"Balance":0.00,"DiscordId":"167513524719976448","Id":27,"UserName":"zygizthegamer@gmail.com","NormalizedUserName":"ZYGIZTHEGAMER@GMAIL.COM","Email":"zygizthegamer@gmail.com","NormalizedEmail":"ZYGIZTHEGAMER@GMAIL.COM","EmailConfirmed":false,"PasswordHash":"AQAAAAEAACcQAAAAELEliQiB2ypkDc5dc2zDhBJUvhWoHFDdGRaIxF0KCcyxy5sSe9jHpPy1uPLxF9p6vw==","SecurityStamp":"YFJYQ5M4OM2ARGLLLNDR7DFMA4IFGD5Y","ConcurrencyStamp":"a1faea80-5284-4f82-9889-702924024bb2","PhoneNumber":null,"PhoneNumberConfirmed":false,"TwoFactorEnabled":false,"LockoutEnd":null,"LockoutEnabled":true,"AccessFailedCount":0},"BoosterCompletionConfirmed":false,"CustomerCompletionConfirmed":false,"AdminCompletionConfirmed":false,"Pricing":"24.0","BoosterPricing":null,"JobAvailable":false,"PayPalApproval":"https://www.paypal.com/checkoutnow?token=4J275939N2571492M","PayPalCapture":"https://api.paypal.com/v2/checkout/orders/4J275939N2571492M/capture","PurchaseType":3}]', CAST(N'2021-01-09T19:09:42.5319277' AS DateTime2))
GO
INSERT [LeagueOfLegendsAuditModel] ([Id], [UserId], [Action], [DateTime]) VALUES (110, 27, N'Cancelled Job By Booster [{"Id":60,"CoachingModel":null,"BoostingModel":null,"PlacementMatchesModel":null,"WinBoostModel":null,"PersonalInformation":{"Id":60,"UserName":null,"Password":null,"FirstName":"Peter","LastName":"Bucher","Email":"bucher95@gmx.net","Discord":"Piero#6517","PaymentMethod":"Paypal","stripeToken":null},"TFTPlacementModel":null,"TFTBoostingModel":null,"BoosterAssignedTo":null,"BoosterCompletionConfirmed":false,"CustomerCompletionConfirmed":false,"AdminCompletionConfirmed":false,"Pricing":"24.0","BoosterPricing":null,"JobAvailable":true,"PayPalApproval":"https://www.paypal.com/checkoutnow?token=4J275939N2571492M","PayPalCapture":"https://api.paypal.com/v2/checkout/orders/4J275939N2571492M/capture","PurchaseType":3}]', CAST(N'2021-01-09T19:19:45.2515507' AS DateTime2))
GO
INSERT [LeagueOfLegendsAuditModel] ([Id], [UserId], [Action], [DateTime]) VALUES (111, 20079, N'Accepted Job By Booster [{"Id":60,"CoachingModel":null,"BoostingModel":null,"PlacementMatchesModel":null,"WinBoostModel":null,"PersonalInformation":{"Id":60,"UserName":null,"Password":null,"FirstName":"Peter","LastName":"Bucher","Email":"bucher95@gmx.net","Discord":"Piero#6517","PaymentMethod":"Paypal","stripeToken":null},"TFTPlacementModel":null,"TFTBoostingModel":null,"BoosterAssignedTo":{"Balance":0.00,"DiscordId":null,"Id":20079,"UserName":"wilkdaniel03@gmail.com","NormalizedUserName":"WILKDANIEL03@GMAIL.COM","Email":"wilkdaniel03@gmail.com","NormalizedEmail":"WILKDANIEL03@GMAIL.COM","EmailConfirmed":false,"PasswordHash":"AQAAAAEAACcQAAAAEBxbwgLWE7Y752cvJDYtEzqbwRoT5uw0Qk+Bpt4GV7GTuObcCJHEYGL3WyaolZsqIg==","SecurityStamp":"Y57AFRUCAOM6T7N7RUB7WGVW6RYRQVWB","ConcurrencyStamp":"cdba03bc-2fa4-4452-9b8f-6f1b62ee1c4d","PhoneNumber":null,"PhoneNumberConfirmed":false,"TwoFactorEnabled":false,"LockoutEnd":null,"LockoutEnabled":true,"AccessFailedCount":0},"BoosterCompletionConfirmed":false,"CustomerCompletionConfirmed":false,"AdminCompletionConfirmed":false,"Pricing":"24.0","BoosterPricing":null,"JobAvailable":false,"PayPalApproval":"https://www.paypal.com/checkoutnow?token=4J275939N2571492M","PayPalCapture":"https://api.paypal.com/v2/checkout/orders/4J275939N2571492M/capture","PurchaseType":3}]', CAST(N'2021-01-09T20:30:00.3498049' AS DateTime2))
GO
INSERT [LeagueOfLegendsAuditModel] ([Id], [UserId], [Action], [DateTime]) VALUES (112, 38, N'Accepted Job By Booster [{"Id":61,"CoachingModel":null,"BoostingModel":null,"PlacementMatchesModel":null,"WinBoostModel":null,"PersonalInformation":{"Id":61,"UserName":null,"Password":null,"FirstName":"Charles","LastName":"Sluse","Email":"charles.sluse@mail.ru","Discord":"trenace#6079","PaymentMethod":"Paypal","stripeToken":"tok_1I7lpSF9YOHhm6ddahvcHaTC"},"TFTPlacementModel":null,"TFTBoostingModel":null,"BoosterAssignedTo":{"Balance":0.00,"DiscordId":"713992078929166348","Id":38,"UserName":"SpanishSoul1204@hotmail.com","NormalizedUserName":"SPANISHSOUL1204@HOTMAIL.COM","Email":"SpanishSoul1204@hotmail.com","NormalizedEmail":"SPANISHSOUL1204@HOTMAIL.COM","EmailConfirmed":false,"PasswordHash":"AQAAAAEAACcQAAAAEDH/1v6+E6U80cWi7NHBfNBz8tCS5COvhUYsP1qHiMXQH+ZMeJS4bnh4BSGVx2DcxA==","SecurityStamp":"BMZQOLLFARK6EC3XAATEH3XSRY4TEG3D","ConcurrencyStamp":"49b9f2d4-b467-4084-9b17-f67d7a1c72a4","PhoneNumber":null,"PhoneNumberConfirmed":false,"TwoFactorEnabled":false,"LockoutEnd":null,"LockoutEnabled":true,"AccessFailedCount":0},"BoosterCompletionConfirmed":false,"CustomerCompletionConfirmed":false,"AdminCompletionConfirmed":false,"Pricing":"30.0","BoosterPricing":null,"JobAvailable":false,"PayPalApproval":"https://www.paypal.com/checkoutnow?token=7KY96392KM608941S","PayPalCapture":"https://api.paypal.com/v2/checkout/orders/7KY96392KM608941S/capture","PurchaseType":3}]', CAST(N'2021-01-10T00:15:40.1548410' AS DateTime2))
GO
INSERT [LeagueOfLegendsAuditModel] ([Id], [UserId], [Action], [DateTime]) VALUES (113, 20079, N'Cancelled Job By Booster [{"Id":60,"CoachingModel":null,"BoostingModel":null,"PlacementMatchesModel":null,"WinBoostModel":null,"PersonalInformation":{"Id":60,"UserName":null,"Password":null,"FirstName":"Peter","LastName":"Bucher","Email":"bucher95@gmx.net","Discord":"Piero#6517","PaymentMethod":"Paypal","stripeToken":null},"TFTPlacementModel":null,"TFTBoostingModel":null,"BoosterAssignedTo":null,"BoosterCompletionConfirmed":false,"CustomerCompletionConfirmed":false,"AdminCompletionConfirmed":false,"Pricing":"24.0","BoosterPricing":null,"JobAvailable":true,"PayPalApproval":"https://www.paypal.com/checkoutnow?token=4J275939N2571492M","PayPalCapture":"https://api.paypal.com/v2/checkout/orders/4J275939N2571492M/capture","PurchaseType":3}]', CAST(N'2021-01-10T11:40:23.6766431' AS DateTime2))
GO
INSERT [LeagueOfLegendsAuditModel] ([Id], [UserId], [Action], [DateTime]) VALUES (114, 20076, N'Accepted Job By Booster [{"Id":60,"CoachingModel":null,"BoostingModel":null,"PlacementMatchesModel":null,"WinBoostModel":null,"PersonalInformation":{"Id":60,"UserName":null,"Password":null,"FirstName":"Peter","LastName":"Bucher","Email":"bucher95@gmx.net","Discord":"Piero#6517","PaymentMethod":"Paypal","stripeToken":null},"TFTPlacementModel":null,"TFTBoostingModel":null,"BoosterAssignedTo":{"Balance":0.00,"DiscordId":"348708634932281344","Id":20076,"UserName":"matekhutsishvili6@gmail.com","NormalizedUserName":"MATEKHUTSISHVILI6@GMAIL.COM","Email":"matekhutsishvili6@gmail.com","NormalizedEmail":"MATEKHUTSISHVILI6@GMAIL.COM","EmailConfirmed":false,"PasswordHash":"AQAAAAEAACcQAAAAENpdL55xkrx+rGHRj6xepVT6KAJS7qQ+Z6Ex4L/MBb+DWfbOXe0dcQKIct8P7dHGTw==","SecurityStamp":"2UOKLGFFIAO6JZSGHFPNMPU7VRL563PG","ConcurrencyStamp":"3320f229-12a1-4028-8dcc-30358a1c7c54","PhoneNumber":null,"PhoneNumberConfirmed":false,"TwoFactorEnabled":false,"LockoutEnd":null,"LockoutEnabled":true,"AccessFailedCount":0},"BoosterCompletionConfirmed":false,"CustomerCompletionConfirmed":false,"AdminCompletionConfirmed":false,"Pricing":"24.0","BoosterPricing":null,"JobAvailable":false,"PayPalApproval":"https://www.paypal.com/checkoutnow?token=4J275939N2571492M","PayPalCapture":"https://api.paypal.com/v2/checkout/orders/4J275939N2571492M/capture","PurchaseType":3}]', CAST(N'2021-01-10T11:51:52.2774876' AS DateTime2))
GO
INSERT [LeagueOfLegendsAuditModel] ([Id], [UserId], [Action], [DateTime]) VALUES (115, 20068, N'Accepted Job By Booster [{"Id":62,"CoachingModel":null,"BoostingModel":null,"PlacementMatchesModel":null,"WinBoostModel":null,"PersonalInformation":{"Id":62,"UserName":null,"Password":null,"FirstName":"Peter","LastName":"Bucher","Email":"bucher95@gmx.net","Discord":"Piero#6517","PaymentMethod":"Paypal","stripeToken":null},"TFTPlacementModel":null,"TFTBoostingModel":null,"BoosterAssignedTo":{"Balance":0.00,"DiscordId":"168428397519831040","Id":20068,"UserName":"johannarnar003@gmail.com","NormalizedUserName":"JOHANNARNAR003@GMAIL.COM","Email":"johannarnar003@gmail.com","NormalizedEmail":"JOHANNARNAR003@GMAIL.COM","EmailConfirmed":false,"PasswordHash":"AQAAAAEAACcQAAAAEMHE1lz9gpQzowpuozKdzU/vKkDI4vkkkDv9tFno06WaiUP7eQ7EOq+QVmGNFHr/2A==","SecurityStamp":"ZVEWJ7NK7RAVJMGF2PQJAF4CUC66KU55","ConcurrencyStamp":"308b3b3d-4399-40f7-8498-0eaf7f520895","PhoneNumber":null,"PhoneNumberConfirmed":false,"TwoFactorEnabled":false,"LockoutEnd":null,"LockoutEnabled":true,"AccessFailedCount":0},"BoosterCompletionConfirmed":false,"CustomerCompletionConfirmed":false,"AdminCompletionConfirmed":false,"Pricing":"2.25","BoosterPricing":null,"JobAvailable":false,"PayPalApproval":"https://www.paypal.com/checkoutnow?token=51W17652RT724143N","PayPalCapture":"https://api.paypal.com/v2/checkout/orders/51W17652RT724143N/capture","PurchaseType":4}]', CAST(N'2021-01-10T13:33:22.7886430' AS DateTime2))
GO
INSERT [LeagueOfLegendsAuditModel] ([Id], [UserId], [Action], [DateTime]) VALUES (116, 20068, N'Cancelled Job By Booster [{"Id":62,"CoachingModel":null,"BoostingModel":null,"PlacementMatchesModel":null,"WinBoostModel":null,"PersonalInformation":{"Id":62,"UserName":null,"Password":null,"FirstName":"Peter","LastName":"Bucher","Email":"bucher95@gmx.net","Discord":"Piero#6517","PaymentMethod":"Paypal","stripeToken":null},"TFTPlacementModel":null,"TFTBoostingModel":null,"BoosterAssignedTo":null,"BoosterCompletionConfirmed":false,"CustomerCompletionConfirmed":false,"AdminCompletionConfirmed":false,"Pricing":"2.25","BoosterPricing":null,"JobAvailable":true,"PayPalApproval":"https://www.paypal.com/checkoutnow?token=51W17652RT724143N","PayPalCapture":"https://api.paypal.com/v2/checkout/orders/51W17652RT724143N/capture","PurchaseType":4}]', CAST(N'2021-01-10T13:47:44.1789796' AS DateTime2))
GO
INSERT [LeagueOfLegendsAuditModel] ([Id], [UserId], [Action], [DateTime]) VALUES (117, 20068, N'Accepted Job By Booster [{"Id":59,"CoachingModel":null,"BoostingModel":null,"PlacementMatchesModel":null,"WinBoostModel":null,"PersonalInformation":{"Id":59,"UserName":null,"Password":null,"FirstName":null,"LastName":null,"Email":"n_andree@hotmail.com","Discord":"hide on ward#2157","PaymentMethod":"Paypal","stripeToken":null},"TFTPlacementModel":null,"TFTBoostingModel":null,"BoosterAssignedTo":{"Balance":0.00,"DiscordId":"168428397519831040","Id":20068,"UserName":"johannarnar003@gmail.com","NormalizedUserName":"JOHANNARNAR003@GMAIL.COM","Email":"johannarnar003@gmail.com","NormalizedEmail":"JOHANNARNAR003@GMAIL.COM","EmailConfirmed":false,"PasswordHash":"AQAAAAEAACcQAAAAEMHE1lz9gpQzowpuozKdzU/vKkDI4vkkkDv9tFno06WaiUP7eQ7EOq+QVmGNFHr/2A==","SecurityStamp":"ZVEWJ7NK7RAVJMGF2PQJAF4CUC66KU55","ConcurrencyStamp":"308b3b3d-4399-40f7-8498-0eaf7f520895","PhoneNumber":null,"PhoneNumberConfirmed":false,"TwoFactorEnabled":false,"LockoutEnd":null,"LockoutEnabled":true,"AccessFailedCount":0},"BoosterCompletionConfirmed":false,"CustomerCompletionConfirmed":false,"AdminCompletionConfirmed":false,"Pricing":"63.00","BoosterPricing":null,"JobAvailable":false,"PayPalApproval":"https://www.paypal.com/checkoutnow?token=6X971737L35109631","PayPalCapture":"https://api.paypal.com/v2/checkout/orders/6X971737L35109631/capture","PurchaseType":3}]', CAST(N'2021-01-10T14:02:23.3805238' AS DateTime2))
GO
INSERT [LeagueOfLegendsAuditModel] ([Id], [UserId], [Action], [DateTime]) VALUES (118, 20068, N'Cancelled Job By Booster [{"Id":59,"CoachingModel":null,"BoostingModel":null,"PlacementMatchesModel":null,"WinBoostModel":null,"PersonalInformation":{"Id":59,"UserName":null,"Password":null,"FirstName":null,"LastName":null,"Email":"n_andree@hotmail.com","Discord":"hide on ward#2157","PaymentMethod":"Paypal","stripeToken":null},"TFTPlacementModel":null,"TFTBoostingModel":null,"BoosterAssignedTo":null,"BoosterCompletionConfirmed":false,"CustomerCompletionConfirmed":false,"AdminCompletionConfirmed":false,"Pricing":"63.00","BoosterPricing":null,"JobAvailable":true,"PayPalApproval":"https://www.paypal.com/checkoutnow?token=6X971737L35109631","PayPalCapture":"https://api.paypal.com/v2/checkout/orders/6X971737L35109631/capture","PurchaseType":3}]', CAST(N'2021-01-10T16:24:04.9713877' AS DateTime2))
GO
INSERT [LeagueOfLegendsAuditModel] ([Id], [UserId], [Action], [DateTime]) VALUES (119, 20, N'Accepted Job By Booster [{"Id":59,"CoachingModel":null,"BoostingModel":null,"PlacementMatchesModel":null,"WinBoostModel":null,"PersonalInformation":{"Id":59,"UserName":null,"Password":null,"FirstName":null,"LastName":null,"Email":"n_andree@hotmail.com","Discord":"hide on ward#2157","PaymentMethod":"Paypal","stripeToken":null},"TFTPlacementModel":null,"TFTBoostingModel":null,"BoosterAssignedTo":{"Balance":0.00,"DiscordId":"218708417517191168","Id":20,"UserName":"baraban4obg@gmail.com","NormalizedUserName":"BARABAN4OBG@GMAIL.COM","Email":"baraban4obg@gmail.com","NormalizedEmail":"BARABAN4OBG@GMAIL.COM","EmailConfirmed":false,"PasswordHash":"AQAAAAEAACcQAAAAECrTAgZjaW4+ym6VTxINrg1gAoFHSpbTNkWp+CyJXxw9oBUkKWnpY+OitGcwEfgHPQ==","SecurityStamp":"KBA3CZB4XDTWFLLFYA57SHKNVYSQLRJF","ConcurrencyStamp":"1aee605c-0ab2-4698-9ccf-ab96ef754568","PhoneNumber":null,"PhoneNumberConfirmed":false,"TwoFactorEnabled":false,"LockoutEnd":null,"LockoutEnabled":true,"AccessFailedCount":0},"BoosterCompletionConfirmed":false,"CustomerCompletionConfirmed":false,"AdminCompletionConfirmed":false,"Pricing":"63.00","BoosterPricing":null,"JobAvailable":false,"PayPalApproval":"https://www.paypal.com/checkoutnow?token=6X971737L35109631","PayPalCapture":"https://api.paypal.com/v2/checkout/orders/6X971737L35109631/capture","PurchaseType":3}]', CAST(N'2021-01-10T16:55:52.6391835' AS DateTime2))
GO
INSERT [LeagueOfLegendsAuditModel] ([Id], [UserId], [Action], [DateTime]) VALUES (120, 20, N'Cancelled Job By Booster [{"Id":59,"CoachingModel":null,"BoostingModel":null,"PlacementMatchesModel":null,"WinBoostModel":null,"PersonalInformation":{"Id":59,"UserName":null,"Password":null,"FirstName":null,"LastName":null,"Email":"n_andree@hotmail.com","Discord":"hide on ward#2157","PaymentMethod":"Paypal","stripeToken":null},"TFTPlacementModel":null,"TFTBoostingModel":null,"BoosterAssignedTo":null,"BoosterCompletionConfirmed":false,"CustomerCompletionConfirmed":false,"AdminCompletionConfirmed":false,"Pricing":"63.00","BoosterPricing":null,"JobAvailable":true,"PayPalApproval":"https://www.paypal.com/checkoutnow?token=6X971737L35109631","PayPalCapture":"https://api.paypal.com/v2/checkout/orders/6X971737L35109631/capture","PurchaseType":3}]', CAST(N'2021-01-10T20:49:40.0167659' AS DateTime2))
GO
INSERT [LeagueOfLegendsAuditModel] ([Id], [UserId], [Action], [DateTime]) VALUES (121, 20068, N'Accepted Job By Booster [{"Id":59,"CoachingModel":null,"BoostingModel":null,"PlacementMatchesModel":null,"WinBoostModel":null,"PersonalInformation":{"Id":59,"UserName":null,"Password":null,"FirstName":null,"LastName":null,"Email":"n_andree@hotmail.com","Discord":"hide on ward#2157","PaymentMethod":"Paypal","stripeToken":null},"TFTPlacementModel":null,"TFTBoostingModel":null,"BoosterAssignedTo":{"Balance":0.00,"DiscordId":"168428397519831040","Id":20068,"UserName":"johannarnar003@gmail.com","NormalizedUserName":"JOHANNARNAR003@GMAIL.COM","Email":"johannarnar003@gmail.com","NormalizedEmail":"JOHANNARNAR003@GMAIL.COM","EmailConfirmed":false,"PasswordHash":"AQAAAAEAACcQAAAAEMHE1lz9gpQzowpuozKdzU/vKkDI4vkkkDv9tFno06WaiUP7eQ7EOq+QVmGNFHr/2A==","SecurityStamp":"ZVEWJ7NK7RAVJMGF2PQJAF4CUC66KU55","ConcurrencyStamp":"308b3b3d-4399-40f7-8498-0eaf7f520895","PhoneNumber":null,"PhoneNumberConfirmed":false,"TwoFactorEnabled":false,"LockoutEnd":null,"LockoutEnabled":true,"AccessFailedCount":0},"BoosterCompletionConfirmed":false,"CustomerCompletionConfirmed":false,"AdminCompletionConfirmed":false,"Pricing":"63.00","BoosterPricing":null,"JobAvailable":false,"PayPalApproval":"https://www.paypal.com/checkoutnow?token=6X971737L35109631","PayPalCapture":"https://api.paypal.com/v2/checkout/orders/6X971737L35109631/capture","PurchaseType":3}]', CAST(N'2021-01-10T20:54:02.2868469' AS DateTime2))
GO
INSERT [LeagueOfLegendsAuditModel] ([Id], [UserId], [Action], [DateTime]) VALUES (122, 20068, N'Cancelled Job By Booster [{"Id":59,"CoachingModel":null,"BoostingModel":null,"PlacementMatchesModel":null,"WinBoostModel":null,"PersonalInformation":{"Id":59,"UserName":null,"Password":null,"FirstName":null,"LastName":null,"Email":"n_andree@hotmail.com","Discord":"hide on ward#2157","PaymentMethod":"Paypal","stripeToken":null},"TFTPlacementModel":null,"TFTBoostingModel":null,"BoosterAssignedTo":null,"BoosterCompletionConfirmed":false,"CustomerCompletionConfirmed":false,"AdminCompletionConfirmed":false,"Pricing":"63.00","BoosterPricing":null,"JobAvailable":true,"PayPalApproval":"https://www.paypal.com/checkoutnow?token=6X971737L35109631","PayPalCapture":"https://api.paypal.com/v2/checkout/orders/6X971737L35109631/capture","PurchaseType":3}]', CAST(N'2021-01-10T21:40:30.9373625' AS DateTime2))
GO
INSERT [LeagueOfLegendsAuditModel] ([Id], [UserId], [Action], [DateTime]) VALUES (123, 1, N'Accepted Job By Booster [{"Id":59,"CoachingModel":null,"BoostingModel":null,"PlacementMatchesModel":null,"WinBoostModel":null,"PersonalInformation":{"Id":59,"UserName":null,"Password":null,"FirstName":null,"LastName":null,"Email":"n_andree@hotmail.com","Discord":"hide on ward#2157","PaymentMethod":"Paypal","stripeToken":null},"TFTPlacementModel":null,"TFTBoostingModel":null,"BoosterAssignedTo":{"Balance":0.00,"DiscordId":"1234","Id":1,"UserName":"info@spartanboosting.com","NormalizedUserName":"INFO@SPARTANBOOSTING.COM","Email":"info@spartanboosting.com","NormalizedEmail":"INFO@SPARTANBOOSTING.COM","EmailConfirmed":false,"PasswordHash":"AQAAAAEAACcQAAAAEFon0BF3hYg2eI4tADSqBc4RW0IAlZm4mrx1dRTIgJAyLgg4uICeBDW+JpeXmR72tA==","SecurityStamp":"CGHZ4LML7NBCFMYNEXAF6G3AHXWTN6CF","ConcurrencyStamp":"79a18ba0-f357-4b94-8198-7ca44b1e93ed","PhoneNumber":null,"PhoneNumberConfirmed":false,"TwoFactorEnabled":false,"LockoutEnd":null,"LockoutEnabled":true,"AccessFailedCount":0},"BoosterCompletionConfirmed":false,"CustomerCompletionConfirmed":false,"AdminCompletionConfirmed":false,"Pricing":"63.00","BoosterPricing":null,"JobAvailable":false,"PayPalApproval":"https://www.paypal.com/checkoutnow?token=6X971737L35109631","PayPalCapture":"https://api.paypal.com/v2/checkout/orders/6X971737L35109631/capture","PurchaseType":3}]', CAST(N'2021-01-10T23:29:00.8731925' AS DateTime2))
GO
INSERT [LeagueOfLegendsAuditModel] ([Id], [UserId], [Action], [DateTime]) VALUES (124, 1, N'Accepted Job By Booster [{"Id":63,"CoachingModel":null,"BoostingModel":null,"PlacementMatchesModel":null,"WinBoostModel":null,"PersonalInformation":{"Id":63,"UserName":null,"Password":null,"FirstName":"Enes","LastName":"Sardar","Email":"enes.sardar@hotmail.de","Discord":"Sensei Sakai#1087","PaymentMethod":"Paypal","stripeToken":null},"TFTPlacementModel":null,"TFTBoostingModel":null,"BoosterAssignedTo":{"Balance":0.00,"DiscordId":"1234","Id":1,"UserName":"info@spartanboosting.com","NormalizedUserName":"INFO@SPARTANBOOSTING.COM","Email":"info@spartanboosting.com","NormalizedEmail":"INFO@SPARTANBOOSTING.COM","EmailConfirmed":false,"PasswordHash":"AQAAAAEAACcQAAAAEFon0BF3hYg2eI4tADSqBc4RW0IAlZm4mrx1dRTIgJAyLgg4uICeBDW+JpeXmR72tA==","SecurityStamp":"CGHZ4LML7NBCFMYNEXAF6G3AHXWTN6CF","ConcurrencyStamp":"79a18ba0-f357-4b94-8198-7ca44b1e93ed","PhoneNumber":null,"PhoneNumberConfirmed":false,"TwoFactorEnabled":false,"LockoutEnd":null,"LockoutEnabled":true,"AccessFailedCount":0},"BoosterCompletionConfirmed":false,"CustomerCompletionConfirmed":false,"AdminCompletionConfirmed":false,"Pricing":"42.0","BoosterPricing":null,"JobAvailable":false,"PayPalApproval":"https://www.paypal.com/checkoutnow?token=23E03767KF241545W","PayPalCapture":"https://api.paypal.com/v2/checkout/orders/23E03767KF241545W/capture","PurchaseType":3}]', CAST(N'2021-01-10T23:29:07.0924421' AS DateTime2))
GO
INSERT [LeagueOfLegendsAuditModel] ([Id], [UserId], [Action], [DateTime]) VALUES (125, 38, N'Completed Job By Booster [{"Id":61,"CoachingModel":null,"BoostingModel":null,"PlacementMatchesModel":null,"WinBoostModel":null,"PersonalInformation":{"Id":61,"UserName":null,"Password":null,"FirstName":"Charles","LastName":"Sluse","Email":"charles.sluse@mail.ru","Discord":"trenace#6079","PaymentMethod":"Paypal","stripeToken":"tok_1I7lpSF9YOHhm6ddahvcHaTC"},"TFTPlacementModel":null,"TFTBoostingModel":null,"BoosterAssignedTo":{"Balance":0.00,"DiscordId":"713992078929166348","Id":38,"UserName":"SpanishSoul1204@hotmail.com","NormalizedUserName":"SPANISHSOUL1204@HOTMAIL.COM","Email":"SpanishSoul1204@hotmail.com","NormalizedEmail":"SPANISHSOUL1204@HOTMAIL.COM","EmailConfirmed":false,"PasswordHash":"AQAAAAEAACcQAAAAEDH/1v6+E6U80cWi7NHBfNBz8tCS5COvhUYsP1qHiMXQH+ZMeJS4bnh4BSGVx2DcxA==","SecurityStamp":"BMZQOLLFARK6EC3XAATEH3XSRY4TEG3D","ConcurrencyStamp":"49b9f2d4-b467-4084-9b17-f67d7a1c72a4","PhoneNumber":null,"PhoneNumberConfirmed":false,"TwoFactorEnabled":false,"LockoutEnd":null,"LockoutEnabled":true,"AccessFailedCount":0},"BoosterCompletionConfirmed":true,"CustomerCompletionConfirmed":false,"AdminCompletionConfirmed":false,"Pricing":"30.0","BoosterPricing":null,"JobAvailable":false,"PayPalApproval":"https://www.paypal.com/checkoutnow?token=7KY96392KM608941S","PayPalCapture":"https://api.paypal.com/v2/checkout/orders/7KY96392KM608941S/capture","PurchaseType":3}]', CAST(N'2021-01-11T14:58:31.1853025' AS DateTime2))
GO
INSERT [LeagueOfLegendsAuditModel] ([Id], [UserId], [Action], [DateTime]) VALUES (126, 20068, N'Accepted Job By Booster [{"Id":64,"CoachingModel":null,"BoostingModel":null,"PlacementMatchesModel":null,"WinBoostModel":null,"PersonalInformation":{"Id":64,"UserName":null,"Password":null,"FirstName":"Ajdin","LastName":"Avdic","Email":"aj989@me.com","Discord":"AJ989#8315","PaymentMethod":"Paypal","stripeToken":null},"TFTPlacementModel":null,"TFTBoostingModel":null,"BoosterAssignedTo":{"Balance":0.00,"DiscordId":"168428397519831040","Id":20068,"UserName":"johannarnar003@gmail.com","NormalizedUserName":"JOHANNARNAR003@GMAIL.COM","Email":"johannarnar003@gmail.com","NormalizedEmail":"JOHANNARNAR003@GMAIL.COM","EmailConfirmed":false,"PasswordHash":"AQAAAAEAACcQAAAAEMHE1lz9gpQzowpuozKdzU/vKkDI4vkkkDv9tFno06WaiUP7eQ7EOq+QVmGNFHr/2A==","SecurityStamp":"ZVEWJ7NK7RAVJMGF2PQJAF4CUC66KU55","ConcurrencyStamp":"308b3b3d-4399-40f7-8498-0eaf7f520895","PhoneNumber":null,"PhoneNumberConfirmed":false,"TwoFactorEnabled":false,"LockoutEnd":null,"LockoutEnabled":true,"AccessFailedCount":0},"BoosterCompletionConfirmed":false,"CustomerCompletionConfirmed":false,"AdminCompletionConfirmed":false,"Pricing":"38.25","BoosterPricing":null,"JobAvailable":false,"PayPalApproval":"https://www.paypal.com/checkoutnow?token=7E9595197J199430Y","PayPalCapture":"https://api.paypal.com/v2/checkout/orders/7E9595197J199430Y/capture","PurchaseType":3}]', CAST(N'2021-01-12T10:44:13.2785737' AS DateTime2))
GO
INSERT [LeagueOfLegendsAuditModel] ([Id], [UserId], [Action], [DateTime]) VALUES (127, 20064, N'Accepted Job By Booster [{"Id":62,"CoachingModel":null,"BoostingModel":null,"PlacementMatchesModel":null,"WinBoostModel":null,"PersonalInformation":{"Id":62,"UserName":null,"Password":null,"FirstName":"Peter","LastName":"Bucher","Email":"bucher95@gmx.net","Discord":"Piero#6517","PaymentMethod":"Paypal","stripeToken":null},"TFTPlacementModel":null,"TFTBoostingModel":null,"BoosterAssignedTo":{"Balance":0.00,"DiscordId":"564405597907451915","Id":20064,"UserName":"mrsmrs.tamo@yahoo.com","NormalizedUserName":"MRSMRS.TAMO@YAHOO.COM","Email":"mrsmrs.tamo@yahoo.com","NormalizedEmail":"MRSMRS.TAMO@YAHOO.COM","EmailConfirmed":true,"PasswordHash":"AQAAAAEAACcQAAAAEGsQLlLGeFW54+EJMTPYRCZ0yqzyqM6Ek8LbwEWLrSejY8AIAKyo8TRoTqcRczJjkQ==","SecurityStamp":"A3ZTWDGSTLQIO3FB3V7ZLRMCQ2A3RVFM","ConcurrencyStamp":"8a1c4d86-88b1-4fb6-86e9-11979cb40b5f","PhoneNumber":null,"PhoneNumberConfirmed":false,"TwoFactorEnabled":false,"LockoutEnd":null,"LockoutEnabled":true,"AccessFailedCount":0},"BoosterCompletionConfirmed":false,"CustomerCompletionConfirmed":false,"AdminCompletionConfirmed":false,"Pricing":"2.25","BoosterPricing":null,"JobAvailable":false,"PayPalApproval":"https://www.paypal.com/checkoutnow?token=51W17652RT724143N","PayPalCapture":"https://api.paypal.com/v2/checkout/orders/51W17652RT724143N/capture","PurchaseType":4}]', CAST(N'2021-01-12T14:48:32.2508420' AS DateTime2))
GO
INSERT [LeagueOfLegendsAuditModel] ([Id], [UserId], [Action], [DateTime]) VALUES (128, 20064, N'Completed Job By Booster [{"Id":62,"CoachingModel":null,"BoostingModel":null,"PlacementMatchesModel":null,"WinBoostModel":null,"PersonalInformation":{"Id":62,"UserName":null,"Password":null,"FirstName":"Peter","LastName":"Bucher","Email":"bucher95@gmx.net","Discord":"Piero#6517","PaymentMethod":"Paypal","stripeToken":null},"TFTPlacementModel":null,"TFTBoostingModel":null,"BoosterAssignedTo":{"Balance":0.00,"DiscordId":"564405597907451915","Id":20064,"UserName":"mrsmrs.tamo@yahoo.com","NormalizedUserName":"MRSMRS.TAMO@YAHOO.COM","Email":"mrsmrs.tamo@yahoo.com","NormalizedEmail":"MRSMRS.TAMO@YAHOO.COM","EmailConfirmed":true,"PasswordHash":"AQAAAAEAACcQAAAAEGsQLlLGeFW54+EJMTPYRCZ0yqzyqM6Ek8LbwEWLrSejY8AIAKyo8TRoTqcRczJjkQ==","SecurityStamp":"A3ZTWDGSTLQIO3FB3V7ZLRMCQ2A3RVFM","ConcurrencyStamp":"8a1c4d86-88b1-4fb6-86e9-11979cb40b5f","PhoneNumber":null,"PhoneNumberConfirmed":false,"TwoFactorEnabled":false,"LockoutEnd":null,"LockoutEnabled":true,"AccessFailedCount":0},"BoosterCompletionConfirmed":true,"CustomerCompletionConfirmed":false,"AdminCompletionConfirmed":false,"Pricing":"2.25","BoosterPricing":null,"JobAvailable":false,"PayPalApproval":"https://www.paypal.com/checkoutnow?token=51W17652RT724143N","PayPalCapture":"https://api.paypal.com/v2/checkout/orders/51W17652RT724143N/capture","PurchaseType":4}]', CAST(N'2021-01-12T14:48:47.7231332' AS DateTime2))
GO
INSERT [LeagueOfLegendsAuditModel] ([Id], [UserId], [Action], [DateTime]) VALUES (129, 20068, N'Completed Job By Booster [{"Id":64,"CoachingModel":null,"BoostingModel":null,"PlacementMatchesModel":null,"WinBoostModel":null,"PersonalInformation":{"Id":64,"UserName":null,"Password":null,"FirstName":"Ajdin","LastName":"Avdic","Email":"aj989@me.com","Discord":"AJ989#8315","PaymentMethod":"Paypal","stripeToken":null},"TFTPlacementModel":null,"TFTBoostingModel":null,"BoosterAssignedTo":{"Balance":0.00,"DiscordId":"168428397519831040","Id":20068,"UserName":"johannarnar003@gmail.com","NormalizedUserName":"JOHANNARNAR003@GMAIL.COM","Email":"johannarnar003@gmail.com","NormalizedEmail":"JOHANNARNAR003@GMAIL.COM","EmailConfirmed":false,"PasswordHash":"AQAAAAEAACcQAAAAEMHE1lz9gpQzowpuozKdzU/vKkDI4vkkkDv9tFno06WaiUP7eQ7EOq+QVmGNFHr/2A==","SecurityStamp":"ZVEWJ7NK7RAVJMGF2PQJAF4CUC66KU55","ConcurrencyStamp":"308b3b3d-4399-40f7-8498-0eaf7f520895","PhoneNumber":null,"PhoneNumberConfirmed":false,"TwoFactorEnabled":false,"LockoutEnd":null,"LockoutEnabled":true,"AccessFailedCount":0},"BoosterCompletionConfirmed":true,"CustomerCompletionConfirmed":false,"AdminCompletionConfirmed":false,"Pricing":"38.25","BoosterPricing":null,"JobAvailable":false,"PayPalApproval":"https://www.paypal.com/checkoutnow?token=7E9595197J199430Y","PayPalCapture":"https://api.paypal.com/v2/checkout/orders/7E9595197J199430Y/capture","PurchaseType":3}]', CAST(N'2021-01-13T15:20:47.4941311' AS DateTime2))
GO
SET IDENTITY_INSERT [LeagueOfLegendsAuditModel] OFF
GO
SET IDENTITY_INSERT [PersonalInformation] ON 

GO
INSERT [PersonalInformation] ([Id], [UserName], [Password], [FirstName], [LastName], [Email], [Discord], [PaymentMethod], [stripeToken]) VALUES (1, N'Exodus Pain', N'Not Applicable DUO', NULL, NULL, N'frankiesosexy@hotmail.com', N'frankbest99#2551', N'Paypal', NULL)
GO
INSERT [PersonalInformation] ([Id], [UserName], [Password], [FirstName], [LastName], [Email], [Discord], [PaymentMethod], [stripeToken]) VALUES (2, N'kirkhughes95', N'trotters12', N'kirk', N'hughes', N'kirkh2009@hotmail.co.uk', N'Tsuki117#4628', N'Paypal', NULL)
GO
INSERT [PersonalInformation] ([Id], [UserName], [Password], [FirstName], [LastName], [Email], [Discord], [PaymentMethod], [stripeToken]) VALUES (3, N'diddlehead20', N'Smellybum1', N'JESSE', N'LINGARD', N'smeegle76@gmail.com', N'Drxgs#4994', N'Paypal', NULL)
GO
INSERT [PersonalInformation] ([Id], [UserName], [Password], [FirstName], [LastName], [Email], [Discord], [PaymentMethod], [stripeToken]) VALUES (4, N'Current512', N'test', NULL, NULL, N'andrewapple512@gmail.com', N'110110101110111#8615', N'Paypal', NULL)
GO
INSERT [PersonalInformation] ([Id], [UserName], [Password], [FirstName], [LastName], [Email], [Discord], [PaymentMethod], [stripeToken]) VALUES (5, N'LeagueRus', N'molazm1997', N'Marko', N'Steblovnik', N'marko.steblovnik@gmail.com', N'I call you idk#2696', N'Stripe', N'tok_1HP75vF9YOHhm6ddnEfHCfZ0')
GO
INSERT [PersonalInformation] ([Id], [UserName], [Password], [FirstName], [LastName], [Email], [Discord], [PaymentMethod], [stripeToken]) VALUES (6, N'PinkOctober69', N'1023080Alex!', N'Alex', N'Fernandez', N'cruzalex305@gmail.com', N'PinkOctober#0824', N'Paypal', NULL)
GO
INSERT [PersonalInformation] ([Id], [UserName], [Password], [FirstName], [LastName], [Email], [Discord], [PaymentMethod], [stripeToken]) VALUES (7, N'bobbywardell@hotmail.com', N'Tel829988@', N'Robert', N'Wardell', N'bobbywardell@hotmail.com', N'sgbsfgb', N'Paypal', NULL)
GO
INSERT [PersonalInformation] ([Id], [UserName], [Password], [FirstName], [LastName], [Email], [Discord], [PaymentMethod], [stripeToken]) VALUES (8, N'cloneworld096', N'bugi4617', N'Han', N'Namgoong', N'bugihan@gmail.com', N'????#3929', N'Paypal', NULL)
GO
INSERT [PersonalInformation] ([Id], [UserName], [Password], [FirstName], [LastName], [Email], [Discord], [PaymentMethod], [stripeToken]) VALUES (9, N'diddlehead20', N'meowmeow1244', N'JESSE', N'LINGARD', N'jesseyakka@gmail.com', N'Drxgs#4994', N'Paypal', NULL)
GO
INSERT [PersonalInformation] ([Id], [UserName], [Password], [FirstName], [LastName], [Email], [Discord], [PaymentMethod], [stripeToken]) VALUES (10, N'Jean Piaget V2', NULL, NULL, NULL, N'simon-david97@web.de', N'J.P.#9022', N'Paypal', NULL)
GO
INSERT [PersonalInformation] ([Id], [UserName], [Password], [FirstName], [LastName], [Email], [Discord], [PaymentMethod], [stripeToken]) VALUES (11, N'nyna3789', N'Hacker4life', N'Anderson', N'Nguyen', N'nyan3789@gmail.com', N'tatsu#5750', N'Paypal', NULL)
GO
INSERT [PersonalInformation] ([Id], [UserName], [Password], [FirstName], [LastName], [Email], [Discord], [PaymentMethod], [stripeToken]) VALUES (12, N'Hightruthler', N'JvzWE2kbrFvP1C6E', N'Aaron', N'Jorquera', N'aaronjorquera1@gmail.com', N'aaaaron #2748', N'Stripe', N'tok_1Hc7yxF9YOHhm6ddDZHm3FJU')
GO
INSERT [PersonalInformation] ([Id], [UserName], [Password], [FirstName], [LastName], [Email], [Discord], [PaymentMethod], [stripeToken]) VALUES (13, N'phirestarter', NULL, N'Alex', N'Shkirenko', N'shkirenko@gmail.com', N'phirestarter#4387', N'Paypal', NULL)
GO
INSERT [PersonalInformation] ([Id], [UserName], [Password], [FirstName], [LastName], [Email], [Discord], [PaymentMethod], [stripeToken]) VALUES (14, N'BrutalQuail', N'N/A - as duo', N'Philip', N'Maxted', N'flipmaxtedff@yahoo.com', N'SoulsGuardian#8037', N'Paypal', NULL)
GO
INSERT [PersonalInformation] ([Id], [UserName], [Password], [FirstName], [LastName], [Email], [Discord], [PaymentMethod], [stripeToken]) VALUES (15, N'why you no like', N'DN!)2938', N'Dustin', N'Napier', N'dustinnapier@outlook.com', N'Acheron#6935', N'Paypal', NULL)
GO
INSERT [PersonalInformation] ([Id], [UserName], [Password], [FirstName], [LastName], [Email], [Discord], [PaymentMethod], [stripeToken]) VALUES (16, N'bobbywardell@hotmail.com', N' ', N'Robert', N'Wardell', N' ', N'sgbsfgb', N'Paypal', NULL)
GO
INSERT [PersonalInformation] ([Id], [UserName], [Password], [FirstName], [LastName], [Email], [Discord], [PaymentMethod], [stripeToken]) VALUES (17, N'Jwag', NULL, NULL, NULL, N'john30wagner@gmail.com', N'Jwag#0888', N'Paypal', NULL)
GO
INSERT [PersonalInformation] ([Id], [UserName], [Password], [FirstName], [LastName], [Email], [Discord], [PaymentMethod], [stripeToken]) VALUES (18, N'phirestarter', NULL, N'Alexander', N'Shkirenko', N'shkirenko@gmail.com', N'phirestarter#4387', N'Stripe', N'tok_1Hf9OcF9YOHhm6ddzd0vgR90')
GO
INSERT [PersonalInformation] ([Id], [UserName], [Password], [FirstName], [LastName], [Email], [Discord], [PaymentMethod], [stripeToken]) VALUES (19, N'joarxyz', N'iLL71089234', NULL, NULL, N'joarxyz1@gmail.com', N'Dyo116Fans#8308', N'Paypal', NULL)
GO
INSERT [PersonalInformation] ([Id], [UserName], [Password], [FirstName], [LastName], [Email], [Discord], [PaymentMethod], [stripeToken]) VALUES (21, N'sdoan95', N'KGILavender1s', N'Steven', N'Doan', N'sdoan95@gmail.com', N'GWC#9424', N'Paypal', NULL)
GO
INSERT [PersonalInformation] ([Id], [UserName], [Password], [FirstName], [LastName], [Email], [Discord], [PaymentMethod], [stripeToken]) VALUES (22, N'imbutta', N'Woghks12', N'Sunny', NULL, N'bonobogaming@gmail.com', N'Sunny#5964', N'Paypal', NULL)
GO
INSERT [PersonalInformation] ([Id], [UserName], [Password], [FirstName], [LastName], [Email], [Discord], [PaymentMethod], [stripeToken]) VALUES (23, N'Lord Michmich', N'n/a duo boosting', N'Florent', N'Michel', N'florent.mchl@gmail.com', N'LordMich#1537', N'Paypal', NULL)
GO
INSERT [PersonalInformation] ([Id], [UserName], [Password], [FirstName], [LastName], [Email], [Discord], [PaymentMethod], [stripeToken]) VALUES (24, N'Atroposbane178', N'Aldar@178', N'Gian', N'Corbie', N'giancorbie@gmail.com', N'Atroposbane#1568', N'Stripe', N'tok_1HhaIVF9YOHhm6ddZxeovSyV')
GO
INSERT [PersonalInformation] ([Id], [UserName], [Password], [FirstName], [LastName], [Email], [Discord], [PaymentMethod], [stripeToken]) VALUES (25, NULL, NULL, N'John', N'Wagner', N'john30wagner@gmail.com', N'Jwag#0888', N'Paypal', NULL)
GO
INSERT [PersonalInformation] ([Id], [UserName], [Password], [FirstName], [LastName], [Email], [Discord], [PaymentMethod], [stripeToken]) VALUES (26, NULL, NULL, N'Alexander', N'Shkirenko', N'shkirenko@gmail.com', N'phirestarter#4387', N'Stripe', N'tok_1Hi35PF9YOHhm6ddAC4kL0sz')
GO
INSERT [PersonalInformation] ([Id], [UserName], [Password], [FirstName], [LastName], [Email], [Discord], [PaymentMethod], [stripeToken]) VALUES (27, N'asunadevilmaycry', N'Chicken66Nugget', NULL, NULL, N'loonyloaf@aol.com', N'loonyloaf#1313', N'Paypal', NULL)
GO
INSERT [PersonalInformation] ([Id], [UserName], [Password], [FirstName], [LastName], [Email], [Discord], [PaymentMethod], [stripeToken]) VALUES (28, NULL, NULL, NULL, NULL, N'aeidanya@gmail.com', N'smol cat#8182', N'Paypal', NULL)
GO
INSERT [PersonalInformation] ([Id], [UserName], [Password], [FirstName], [LastName], [Email], [Discord], [PaymentMethod], [stripeToken]) VALUES (29, N'tapisrouge', N'Dubnation1!', N'Pooka', N'Park', N'zumanity17@gmail.com', N'Zercei#9383', N'Paypal', NULL)
GO
INSERT [PersonalInformation] ([Id], [UserName], [Password], [FirstName], [LastName], [Email], [Discord], [PaymentMethod], [stripeToken]) VALUES (30, N'xss', N'sssss', NULL, NULL, N'sssss', N'ss', N'Paypal', NULL)
GO
INSERT [PersonalInformation] ([Id], [UserName], [Password], [FirstName], [LastName], [Email], [Discord], [PaymentMethod], [stripeToken]) VALUES (31, N'Jaqwet', N'YuukiAsuna1', N'Jay', N'Ra', N'ninjaspyassasin@gmail.com', N'Jaqwe#2793', N'Paypal', NULL)
GO
INSERT [PersonalInformation] ([Id], [UserName], [Password], [FirstName], [LastName], [Email], [Discord], [PaymentMethod], [stripeToken]) VALUES (32, NULL, NULL, N'Lilian', N'Chauvet', N'aigle15@hotmail.fr', N'Nesiko#3047', N'Paypal', NULL)
GO
INSERT [PersonalInformation] ([Id], [UserName], [Password], [FirstName], [LastName], [Email], [Discord], [PaymentMethod], [stripeToken]) VALUES (33, NULL, NULL, N'AJ', N'AJ', N'aj989@me.com', N'AJ989 #8315', N'Paypal', NULL)
GO
INSERT [PersonalInformation] ([Id], [UserName], [Password], [FirstName], [LastName], [Email], [Discord], [PaymentMethod], [stripeToken]) VALUES (34, NULL, NULL, N'Jeroen', N'Deschacht', N'jeroen_deschacht@hotmail.com', N'Beatknox#3394', N'Paypal', NULL)
GO
INSERT [PersonalInformation] ([Id], [UserName], [Password], [FirstName], [LastName], [Email], [Discord], [PaymentMethod], [stripeToken]) VALUES (35, NULL, NULL, N'Milica', N'Jankovic', N'milicajankovic2003@yahoo.com', N'Vin Mistborn#8736', N'Paypal', NULL)
GO
INSERT [PersonalInformation] ([Id], [UserName], [Password], [FirstName], [LastName], [Email], [Discord], [PaymentMethod], [stripeToken]) VALUES (36, NULL, NULL, N'Alex', N'Zheng', N'zhengalex2@gmail.com', N'?Animosity?#0001', N'Paypal', NULL)
GO
INSERT [PersonalInformation] ([Id], [UserName], [Password], [FirstName], [LastName], [Email], [Discord], [PaymentMethod], [stripeToken]) VALUES (37, N'?ovember11', N'November11!!', N'James', N'Hlima', N'jameshlima007@gmail.com', N'Json#0029', N'Stripe', N'tok_1HjSokF9YOHhm6ddtt5fJhmt')
GO
INSERT [PersonalInformation] ([Id], [UserName], [Password], [FirstName], [LastName], [Email], [Discord], [PaymentMethod], [stripeToken]) VALUES (38, NULL, NULL, N'Steven', N'Drenner', N'drennervc@gmail.com', N'DREN#2774', N'Paypal', NULL)
GO
INSERT [PersonalInformation] ([Id], [UserName], [Password], [FirstName], [LastName], [Email], [Discord], [PaymentMethod], [stripeToken]) VALUES (39, N'333djr', N'rockman123!', NULL, NULL, N'zaiseric@gmail.com', N'djr#6460', N'Paypal', NULL)
GO
INSERT [PersonalInformation] ([Id], [UserName], [Password], [FirstName], [LastName], [Email], [Discord], [PaymentMethod], [stripeToken]) VALUES (40, NULL, NULL, NULL, NULL, N'morice.gudd@gmail.com', N'Paradyse#2273', N'Paypal', NULL)
GO
INSERT [PersonalInformation] ([Id], [UserName], [Password], [FirstName], [LastName], [Email], [Discord], [PaymentMethod], [stripeToken]) VALUES (41, N'tapisrouge', N'Dubnation1!', N'Pooka', N'Park', N'zumanity17@gmail.com', N'Zercei#9383', N'Paypal', NULL)
GO
INSERT [PersonalInformation] ([Id], [UserName], [Password], [FirstName], [LastName], [Email], [Discord], [PaymentMethod], [stripeToken]) VALUES (42, NULL, NULL, N'Beni', N'Bogalah', N'binyamin0122@gmail.com', N'Papa Beni#9999', N'Paypal', NULL)
GO
INSERT [PersonalInformation] ([Id], [UserName], [Password], [FirstName], [LastName], [Email], [Discord], [PaymentMethod], [stripeToken]) VALUES (43, NULL, NULL, NULL, NULL, N'morice.gudd@gmail.com', N'Paradyse#2273', N'Paypal', NULL)
GO
INSERT [PersonalInformation] ([Id], [UserName], [Password], [FirstName], [LastName], [Email], [Discord], [PaymentMethod], [stripeToken]) VALUES (44, NULL, NULL, N'Willem', N'Klose', N'willemklose@gmail.com', N'MrMomo#8659', N'Paypal', NULL)
GO
INSERT [PersonalInformation] ([Id], [UserName], [Password], [FirstName], [LastName], [Email], [Discord], [PaymentMethod], [stripeToken]) VALUES (45, N'AmariChase', N'Amari913', N'Angelica', N'Shelton', N'nanarockie16@gmail.com', N'Angie#9415', N'Stripe', N'tok_1HkdrJF9YOHhm6dd6tPwnvfY')
GO
INSERT [PersonalInformation] ([Id], [UserName], [Password], [FirstName], [LastName], [Email], [Discord], [PaymentMethod], [stripeToken]) VALUES (46, N'Neo2remember1337', N'nowayjose1337', N'jonathan', N'suazo', N'jonathannsuazo@gmail.com', N'?? ?Kudasai ???#5376', N'Paypal', NULL)
GO
INSERT [PersonalInformation] ([Id], [UserName], [Password], [FirstName], [LastName], [Email], [Discord], [PaymentMethod], [stripeToken]) VALUES (47, N'Scuttleaddictionru', N'waeller98', N'Yannick', N'Schlechtriem', N'the_lagger@hotmail.de', N'Nick Bulochki#4311', N'Paypal', NULL)
GO
INSERT [PersonalInformation] ([Id], [UserName], [Password], [FirstName], [LastName], [Email], [Discord], [PaymentMethod], [stripeToken]) VALUES (48, N'jollyclaret', N'rUuZk6H2J7hciiu3Kj@epWBk', N'Alex', N'Jolly', N'alexjolly9@gmail.com', N'JollyClaret#1432', N'Paypal', NULL)
GO
INSERT [PersonalInformation] ([Id], [UserName], [Password], [FirstName], [LastName], [Email], [Discord], [PaymentMethod], [stripeToken]) VALUES (49, N'eleazarchecking', N'Temppass123$', N'izzy', N'perr', N'eleazarcheckings@gmail.com', N'?#2427', N'Paypal', NULL)
GO
INSERT [PersonalInformation] ([Id], [UserName], [Password], [FirstName], [LastName], [Email], [Discord], [PaymentMethod], [stripeToken]) VALUES (50, N'Strder', N'yIkMC1ZsVDcdqfAHGKVZ', NULL, NULL, N'paulvanharten1996@hotmail.nl', N'Strider#3886', N'Paypal', NULL)
GO
INSERT [PersonalInformation] ([Id], [UserName], [Password], [FirstName], [LastName], [Email], [Discord], [PaymentMethod], [stripeToken]) VALUES (51, N'Sparklix12', N'RipKacper123', N'Wouter', N'De Roos', N'wouter.de.roos12@gmail.com', N'Sparklix#1025', N'Paypal', NULL)
GO
INSERT [PersonalInformation] ([Id], [UserName], [Password], [FirstName], [LastName], [Email], [Discord], [PaymentMethod], [stripeToken]) VALUES (52, N'kushlink', N'dfN5LMHjLRby37m2', NULL, NULL, N'jessevdn98@gmail.com', N'YungYazyy#0069', N'Paypal', NULL)
GO
INSERT [PersonalInformation] ([Id], [UserName], [Password], [FirstName], [LastName], [Email], [Discord], [PaymentMethod], [stripeToken]) VALUES (53, NULL, NULL, N'Alex', N'Jolly', N'alexjolly9@gmail.com', N'JollyClaret#1432', N'Paypal', NULL)
GO
INSERT [PersonalInformation] ([Id], [UserName], [Password], [FirstName], [LastName], [Email], [Discord], [PaymentMethod], [stripeToken]) VALUES (54, NULL, NULL, NULL, NULL, N'bucher95@gmx.net', N'Piero#6517', N'Paypal', NULL)
GO
INSERT [PersonalInformation] ([Id], [UserName], [Password], [FirstName], [LastName], [Email], [Discord], [PaymentMethod], [stripeToken]) VALUES (55, NULL, NULL, NULL, NULL, N'mitchyware@yahoo.com', N'Mitch#9927', N'Paypal', NULL)
GO
INSERT [PersonalInformation] ([Id], [UserName], [Password], [FirstName], [LastName], [Email], [Discord], [PaymentMethod], [stripeToken]) VALUES (56, N'bobbywardell@hotmail.com', N'6526785', N'Robert', N'Wardell', N'bobbywardell@hotmail.com', N'sgbsfgb', N'Paypal', NULL)
GO
INSERT [PersonalInformation] ([Id], [UserName], [Password], [FirstName], [LastName], [Email], [Discord], [PaymentMethod], [stripeToken]) VALUES (57, NULL, NULL, N'K', N'B', N'kissa@hotmail.no', N'Kissa#1337', N'Paypal', NULL)
GO
INSERT [PersonalInformation] ([Id], [UserName], [Password], [FirstName], [LastName], [Email], [Discord], [PaymentMethod], [stripeToken]) VALUES (58, NULL, NULL, NULL, NULL, N'kissa@hotmail.no', N'Kissa#1337', N'Paypal', NULL)
GO
INSERT [PersonalInformation] ([Id], [UserName], [Password], [FirstName], [LastName], [Email], [Discord], [PaymentMethod], [stripeToken]) VALUES (59, NULL, NULL, NULL, NULL, N'n_andree@hotmail.com', N'hide on ward#2157', N'Paypal', NULL)
GO
INSERT [PersonalInformation] ([Id], [UserName], [Password], [FirstName], [LastName], [Email], [Discord], [PaymentMethod], [stripeToken]) VALUES (60, NULL, NULL, N'Peter', N'Bucher', N'bucher95@gmx.net', N'Piero#6517', N'Paypal', NULL)
GO
INSERT [PersonalInformation] ([Id], [UserName], [Password], [FirstName], [LastName], [Email], [Discord], [PaymentMethod], [stripeToken]) VALUES (61, NULL, NULL, N'Charles', N'Sluse', N'charles.sluse@mail.ru', N'trenace#6079', N'Paypal', N'tok_1I7lpSF9YOHhm6ddahvcHaTC')
GO
INSERT [PersonalInformation] ([Id], [UserName], [Password], [FirstName], [LastName], [Email], [Discord], [PaymentMethod], [stripeToken]) VALUES (62, NULL, NULL, N'Peter', N'Bucher', N'bucher95@gmx.net', N'Piero#6517', N'Paypal', NULL)
GO
INSERT [PersonalInformation] ([Id], [UserName], [Password], [FirstName], [LastName], [Email], [Discord], [PaymentMethod], [stripeToken]) VALUES (63, NULL, NULL, N'Enes', N'Sardar', N'enes.sardar@hotmail.de', N'Sensei Sakai#1087', N'Paypal', NULL)
GO
INSERT [PersonalInformation] ([Id], [UserName], [Password], [FirstName], [LastName], [Email], [Discord], [PaymentMethod], [stripeToken]) VALUES (64, NULL, NULL, N'Ajdin', N'Avdic', N'aj989@me.com', N'AJ989#8315', N'Paypal', NULL)
GO
SET IDENTITY_INSERT [PersonalInformation] OFF
GO
SET IDENTITY_INSERT [PlacementMatchesModel] ON 

GO
INSERT [PlacementMatchesModel] ([Id], [LastSeasonStanding], [Server], [TypeOfQueue], [TypeOfService], [TypeOfDuoRegular], [TypeOfDuoPremium], [NumOfGames], [Discount]) VALUES (1, N'Unranked', N'Europe West', N'Solo/Duo (5v5)', N'Duo', N'false', N'Top', N'10', NULL)
GO
INSERT [PlacementMatchesModel] ([Id], [LastSeasonStanding], [Server], [TypeOfQueue], [TypeOfService], [TypeOfDuoRegular], [TypeOfDuoPremium], [NumOfGames], [Discount]) VALUES (2, N'Gold', N'Europe West', N'Solo/Duo (5v5)', N'Duo', N'false', N'Premium', N'5', N'ByeS10')
GO
INSERT [PlacementMatchesModel] ([Id], [LastSeasonStanding], [Server], [TypeOfQueue], [TypeOfService], [TypeOfDuoRegular], [TypeOfDuoPremium], [NumOfGames], [Discount]) VALUES (3, N'Unranked', N'North America', N'Solo/Duo (5v5)', N'Solo', N'false', N'false', N'9', NULL)
GO
INSERT [PlacementMatchesModel] ([Id], [LastSeasonStanding], [Server], [TypeOfQueue], [TypeOfService], [TypeOfDuoRegular], [TypeOfDuoPremium], [NumOfGames], [Discount]) VALUES (4, N'Unranked', N'Europe Nordic &amp; East', N'Solo/Duo (5v5)', N'Duo', N'Regular', N'false', N'8', NULL)
GO
INSERT [PlacementMatchesModel] ([Id], [LastSeasonStanding], [Server], [TypeOfQueue], [TypeOfService], [TypeOfDuoRegular], [TypeOfDuoPremium], [NumOfGames], [Discount]) VALUES (5, N'Platinum', N'Europe West', N'Solo/Duo (5v5)', N'Duo', N'Regular', N'false', N'5', NULL)
GO
INSERT [PlacementMatchesModel] ([Id], [LastSeasonStanding], [Server], [TypeOfQueue], [TypeOfService], [TypeOfDuoRegular], [TypeOfDuoPremium], [NumOfGames], [Discount]) VALUES (6, N'Platinum', N'Europe West', N'Solo/Duo (5v5)', N'Duo', N'Regular', N'false', N'4', NULL)
GO
INSERT [PlacementMatchesModel] ([Id], [LastSeasonStanding], [Server], [TypeOfQueue], [TypeOfService], [TypeOfDuoRegular], [TypeOfDuoPremium], [NumOfGames], [Discount]) VALUES (7, N'Platinum', N'North America', N'Solo/Duo (5v5)', N'Duo', N'false', N'Premium', N'9', NULL)
GO
INSERT [PlacementMatchesModel] ([Id], [LastSeasonStanding], [Server], [TypeOfQueue], [TypeOfService], [TypeOfDuoRegular], [TypeOfDuoPremium], [NumOfGames], [Discount]) VALUES (8, N'Unranked', N'Europe Nordic & East', N'Solo/Duo (5v5)', N'Duo', N'false', N'Premium', N'6', NULL)
GO
INSERT [PlacementMatchesModel] ([Id], [LastSeasonStanding], [Server], [TypeOfQueue], [TypeOfService], [TypeOfDuoRegular], [TypeOfDuoPremium], [NumOfGames], [Discount]) VALUES (9, N'Master', N'Europe West', N'Solo/Duo (5v5)', N'Solo', N'false', N'false', N'5', NULL)
GO
INSERT [PlacementMatchesModel] ([Id], [LastSeasonStanding], [Server], [TypeOfQueue], [TypeOfService], [TypeOfDuoRegular], [TypeOfDuoPremium], [NumOfGames], [Discount]) VALUES (10, N'Master', N'Europe West', N'Solo/Duo (5v5)', N'Solo', N'false', N'false', N'7', NULL)
GO
INSERT [PlacementMatchesModel] ([Id], [LastSeasonStanding], [Server], [TypeOfQueue], [TypeOfService], [TypeOfDuoRegular], [TypeOfDuoPremium], [NumOfGames], [Discount]) VALUES (11, N'Platinum', N'Europe West', N'Solo/Duo (5v5)', N'Duo', N'Regular', N'false', N'10', N'SiteLaunch15')
GO
SET IDENTITY_INSERT [PlacementMatchesModel] OFF
GO
SET IDENTITY_INSERT [PurchaseForm] ON 

GO
INSERT [PurchaseForm] ([Id], [CoachingModelId], [BoostingModelId], [PlacementMatchesModelId], [WinBoostModelId], [PersonalInformationId], [TFTPlacementModelId], [TFTBoostingModelId], [Pricing], [JobAvailable], [PayPalApproval], [PayPalCapture], [PurchaseType], [BoosterCompletionConfirmed], [BoosterPricing], [CustomerCompletionConfirmed], [BoosterAssignedToId], [AdminCompletionConfirmed], [CreatedDate], [DiscountId], [Discount]) VALUES (1, NULL, NULL, 1, NULL, 1, NULL, NULL, N'35', 0, N'https://www.paypal.com/checkoutnow?token=75T19956JU8797110', N'https://api.paypal.com/v2/checkout/orders/75T19956JU8797110/capture', 3, 1, NULL, 0, NULL, 1, CAST(N'2021-01-12T00:03:41.913' AS DateTime), NULL, NULL)
GO
INSERT [PurchaseForm] ([Id], [CoachingModelId], [BoostingModelId], [PlacementMatchesModelId], [WinBoostModelId], [PersonalInformationId], [TFTPlacementModelId], [TFTBoostingModelId], [Pricing], [JobAvailable], [PayPalApproval], [PayPalCapture], [PurchaseType], [BoosterCompletionConfirmed], [BoosterPricing], [CustomerCompletionConfirmed], [BoosterAssignedToId], [AdminCompletionConfirmed], [CreatedDate], [DiscountId], [Discount]) VALUES (2, NULL, 1, NULL, NULL, 2, NULL, NULL, N'19.85', 0, N'https://www.paypal.com/checkoutnow?token=6SG79074R98651105', N'https://api.paypal.com/v2/checkout/orders/6SG79074R98651105/capture', 0, 1, NULL, 0, 27, 1, CAST(N'2021-01-12T00:03:41.913' AS DateTime), NULL, NULL)
GO
INSERT [PurchaseForm] ([Id], [CoachingModelId], [BoostingModelId], [PlacementMatchesModelId], [WinBoostModelId], [PersonalInformationId], [TFTPlacementModelId], [TFTBoostingModelId], [Pricing], [JobAvailable], [PayPalApproval], [PayPalCapture], [PurchaseType], [BoosterCompletionConfirmed], [BoosterPricing], [CustomerCompletionConfirmed], [BoosterAssignedToId], [AdminCompletionConfirmed], [CreatedDate], [DiscountId], [Discount]) VALUES (3, NULL, 2, NULL, NULL, 3, NULL, NULL, N'22.69', 0, N'https://www.paypal.com/checkoutnow?token=3GN219889N7535310', N'https://api.paypal.com/v2/checkout/orders/3GN219889N7535310/capture', 0, 1, NULL, 0, 39, 1, CAST(N'2021-01-12T00:03:41.913' AS DateTime), NULL, NULL)
GO
INSERT [PurchaseForm] ([Id], [CoachingModelId], [BoostingModelId], [PlacementMatchesModelId], [WinBoostModelId], [PersonalInformationId], [TFTPlacementModelId], [TFTBoostingModelId], [Pricing], [JobAvailable], [PayPalApproval], [PayPalCapture], [PurchaseType], [BoosterCompletionConfirmed], [BoosterPricing], [CustomerCompletionConfirmed], [BoosterAssignedToId], [AdminCompletionConfirmed], [CreatedDate], [DiscountId], [Discount]) VALUES (4, NULL, NULL, NULL, 1, 4, NULL, NULL, N'26', 0, N'https://www.paypal.com/checkoutnow?token=3VR86244L1066033C', N'https://api.paypal.com/v2/checkout/orders/3VR86244L1066033C/capture', 2, 1, NULL, 0, 40, 1, CAST(N'2021-01-12T00:03:41.913' AS DateTime), NULL, NULL)
GO
INSERT [PurchaseForm] ([Id], [CoachingModelId], [BoostingModelId], [PlacementMatchesModelId], [WinBoostModelId], [PersonalInformationId], [TFTPlacementModelId], [TFTBoostingModelId], [Pricing], [JobAvailable], [PayPalApproval], [PayPalCapture], [PurchaseType], [BoosterCompletionConfirmed], [BoosterPricing], [CustomerCompletionConfirmed], [BoosterAssignedToId], [AdminCompletionConfirmed], [CreatedDate], [DiscountId], [Discount]) VALUES (5, NULL, 3, NULL, NULL, 5, NULL, NULL, N'37.24', 0, NULL, NULL, 1, 1, NULL, 0, 13, 1, CAST(N'2021-01-12T00:03:41.913' AS DateTime), NULL, NULL)
GO
INSERT [PurchaseForm] ([Id], [CoachingModelId], [BoostingModelId], [PlacementMatchesModelId], [WinBoostModelId], [PersonalInformationId], [TFTPlacementModelId], [TFTBoostingModelId], [Pricing], [JobAvailable], [PayPalApproval], [PayPalCapture], [PurchaseType], [BoosterCompletionConfirmed], [BoosterPricing], [CustomerCompletionConfirmed], [BoosterAssignedToId], [AdminCompletionConfirmed], [CreatedDate], [DiscountId], [Discount]) VALUES (6, NULL, 4, NULL, NULL, 6, NULL, NULL, N'64.95', 0, N'https://www.paypal.com/checkoutnow?token=871124389T827701A', N'https://api.paypal.com/v2/checkout/orders/871124389T827701A/capture', 0, 1, NULL, 0, 5, 1, CAST(N'2021-01-12T00:03:41.913' AS DateTime), NULL, NULL)
GO
INSERT [PurchaseForm] ([Id], [CoachingModelId], [BoostingModelId], [PlacementMatchesModelId], [WinBoostModelId], [PersonalInformationId], [TFTPlacementModelId], [TFTBoostingModelId], [Pricing], [JobAvailable], [PayPalApproval], [PayPalCapture], [PurchaseType], [BoosterCompletionConfirmed], [BoosterPricing], [CustomerCompletionConfirmed], [BoosterAssignedToId], [AdminCompletionConfirmed], [CreatedDate], [DiscountId], [Discount]) VALUES (8, NULL, 6, NULL, NULL, 8, NULL, NULL, N'53.15', 0, N'https://www.paypal.com/checkoutnow?token=5H578527VV962903W', N'https://api.paypal.com/v2/checkout/orders/5H578527VV962903W/capture', 0, 1, NULL, 0, 4, 1, CAST(N'2021-01-12T00:03:41.913' AS DateTime), NULL, NULL)
GO
INSERT [PurchaseForm] ([Id], [CoachingModelId], [BoostingModelId], [PlacementMatchesModelId], [WinBoostModelId], [PersonalInformationId], [TFTPlacementModelId], [TFTBoostingModelId], [Pricing], [JobAvailable], [PayPalApproval], [PayPalCapture], [PurchaseType], [BoosterCompletionConfirmed], [BoosterPricing], [CustomerCompletionConfirmed], [BoosterAssignedToId], [AdminCompletionConfirmed], [CreatedDate], [DiscountId], [Discount]) VALUES (9, NULL, 7, NULL, NULL, 9, NULL, NULL, N'36.29', 0, N'https://www.paypal.com/checkoutnow?token=4S7222464X232713X', N'https://api.paypal.com/v2/checkout/orders/4S7222464X232713X/capture', 0, 1, NULL, 0, 10043, 1, CAST(N'2021-01-12T00:03:41.913' AS DateTime), NULL, NULL)
GO
INSERT [PurchaseForm] ([Id], [CoachingModelId], [BoostingModelId], [PlacementMatchesModelId], [WinBoostModelId], [PersonalInformationId], [TFTPlacementModelId], [TFTBoostingModelId], [Pricing], [JobAvailable], [PayPalApproval], [PayPalCapture], [PurchaseType], [BoosterCompletionConfirmed], [BoosterPricing], [CustomerCompletionConfirmed], [BoosterAssignedToId], [AdminCompletionConfirmed], [CreatedDate], [DiscountId], [Discount]) VALUES (10, NULL, 8, NULL, NULL, 10, NULL, NULL, N'14.57', 0, N'https://www.paypal.com/checkoutnow?token=605683353D616173G', N'https://api.paypal.com/v2/checkout/orders/605683353D616173G/capture', 1, 1, NULL, 0, 25, 1, CAST(N'2021-01-12T00:03:41.913' AS DateTime), NULL, NULL)
GO
INSERT [PurchaseForm] ([Id], [CoachingModelId], [BoostingModelId], [PlacementMatchesModelId], [WinBoostModelId], [PersonalInformationId], [TFTPlacementModelId], [TFTBoostingModelId], [Pricing], [JobAvailable], [PayPalApproval], [PayPalCapture], [PurchaseType], [BoosterCompletionConfirmed], [BoosterPricing], [CustomerCompletionConfirmed], [BoosterAssignedToId], [AdminCompletionConfirmed], [CreatedDate], [DiscountId], [Discount]) VALUES (11, NULL, 9, NULL, NULL, 11, NULL, NULL, N'45.37', 0, N'https://www.paypal.com/checkoutnow?token=83B54087L4566590S', N'https://api.paypal.com/v2/checkout/orders/83B54087L4566590S/capture', 0, 1, NULL, 0, 10043, 1, CAST(N'2021-01-12T00:03:41.913' AS DateTime), NULL, NULL)
GO
INSERT [PurchaseForm] ([Id], [CoachingModelId], [BoostingModelId], [PlacementMatchesModelId], [WinBoostModelId], [PersonalInformationId], [TFTPlacementModelId], [TFTBoostingModelId], [Pricing], [JobAvailable], [PayPalApproval], [PayPalCapture], [PurchaseType], [BoosterCompletionConfirmed], [BoosterPricing], [CustomerCompletionConfirmed], [BoosterAssignedToId], [AdminCompletionConfirmed], [CreatedDate], [DiscountId], [Discount]) VALUES (12, NULL, 10, NULL, NULL, 12, NULL, NULL, N'95.13', 0, NULL, NULL, 0, 1, NULL, 0, 10043, 1, CAST(N'2021-01-12T00:03:41.913' AS DateTime), NULL, NULL)
GO
INSERT [PurchaseForm] ([Id], [CoachingModelId], [BoostingModelId], [PlacementMatchesModelId], [WinBoostModelId], [PersonalInformationId], [TFTPlacementModelId], [TFTBoostingModelId], [Pricing], [JobAvailable], [PayPalApproval], [PayPalCapture], [PurchaseType], [BoosterCompletionConfirmed], [BoosterPricing], [CustomerCompletionConfirmed], [BoosterAssignedToId], [AdminCompletionConfirmed], [CreatedDate], [DiscountId], [Discount]) VALUES (13, NULL, 11, NULL, NULL, 13, NULL, NULL, N'13.42', 0, N'https://www.paypal.com/checkoutnow?token=20P83128XC332990A', N'https://api.paypal.com/v2/checkout/orders/20P83128XC332990A/capture', 1, 1, NULL, 0, 5, 1, CAST(N'2021-01-12T00:03:41.913' AS DateTime), NULL, NULL)
GO
INSERT [PurchaseForm] ([Id], [CoachingModelId], [BoostingModelId], [PlacementMatchesModelId], [WinBoostModelId], [PersonalInformationId], [TFTPlacementModelId], [TFTBoostingModelId], [Pricing], [JobAvailable], [PayPalApproval], [PayPalCapture], [PurchaseType], [BoosterCompletionConfirmed], [BoosterPricing], [CustomerCompletionConfirmed], [BoosterAssignedToId], [AdminCompletionConfirmed], [CreatedDate], [DiscountId], [Discount]) VALUES (14, NULL, 12, NULL, NULL, 14, NULL, NULL, N'64.15', 0, N'https://www.paypal.com/checkoutnow?token=3N661397M36871456', N'https://api.paypal.com/v2/checkout/orders/3N661397M36871456/capture', 1, 1, NULL, 0, 3, 1, CAST(N'2021-01-12T00:03:41.913' AS DateTime), NULL, NULL)
GO
INSERT [PurchaseForm] ([Id], [CoachingModelId], [BoostingModelId], [PlacementMatchesModelId], [WinBoostModelId], [PersonalInformationId], [TFTPlacementModelId], [TFTBoostingModelId], [Pricing], [JobAvailable], [PayPalApproval], [PayPalCapture], [PurchaseType], [BoosterCompletionConfirmed], [BoosterPricing], [CustomerCompletionConfirmed], [BoosterAssignedToId], [AdminCompletionConfirmed], [CreatedDate], [DiscountId], [Discount]) VALUES (15, NULL, 13, NULL, NULL, 15, NULL, NULL, N'21.3', 0, N'https://www.paypal.com/checkoutnow?token=21P6322531169054E', N'https://api.paypal.com/v2/checkout/orders/21P6322531169054E/capture', 0, 1, NULL, 0, 5, 1, CAST(N'2021-01-12T00:03:41.913' AS DateTime), NULL, NULL)
GO
INSERT [PurchaseForm] ([Id], [CoachingModelId], [BoostingModelId], [PlacementMatchesModelId], [WinBoostModelId], [PersonalInformationId], [TFTPlacementModelId], [TFTBoostingModelId], [Pricing], [JobAvailable], [PayPalApproval], [PayPalCapture], [PurchaseType], [BoosterCompletionConfirmed], [BoosterPricing], [CustomerCompletionConfirmed], [BoosterAssignedToId], [AdminCompletionConfirmed], [CreatedDate], [DiscountId], [Discount]) VALUES (16, NULL, 14, NULL, NULL, 16, NULL, NULL, N'22.73', 0, N'https://www.sandbox.paypal.com/checkoutnow?token=8J16991682299805W', N'https://api.sandbox.paypal.com/v2/checkout/orders/8J16991682299805W/capture', 0, 1, NULL, 0, 10044, 1, CAST(N'2021-01-12T00:03:41.913' AS DateTime), NULL, NULL)
GO
INSERT [PurchaseForm] ([Id], [CoachingModelId], [BoostingModelId], [PlacementMatchesModelId], [WinBoostModelId], [PersonalInformationId], [TFTPlacementModelId], [TFTBoostingModelId], [Pricing], [JobAvailable], [PayPalApproval], [PayPalCapture], [PurchaseType], [BoosterCompletionConfirmed], [BoosterPricing], [CustomerCompletionConfirmed], [BoosterAssignedToId], [AdminCompletionConfirmed], [CreatedDate], [DiscountId], [Discount]) VALUES (17, NULL, 15, NULL, NULL, 17, NULL, NULL, N'38.63', 0, N'https://www.paypal.com/checkoutnow?token=5TH558469N737581B', N'https://api.paypal.com/v2/checkout/orders/5TH558469N737581B/capture', 1, 1, NULL, 0, 20050, 1, CAST(N'2021-01-12T00:03:41.913' AS DateTime), NULL, NULL)
GO
INSERT [PurchaseForm] ([Id], [CoachingModelId], [BoostingModelId], [PlacementMatchesModelId], [WinBoostModelId], [PersonalInformationId], [TFTPlacementModelId], [TFTBoostingModelId], [Pricing], [JobAvailable], [PayPalApproval], [PayPalCapture], [PurchaseType], [BoosterCompletionConfirmed], [BoosterPricing], [CustomerCompletionConfirmed], [BoosterAssignedToId], [AdminCompletionConfirmed], [CreatedDate], [DiscountId], [Discount]) VALUES (18, NULL, 16, NULL, NULL, 18, NULL, NULL, N'17.36', 0, NULL, NULL, 1, 1, NULL, 0, 5, 1, CAST(N'2021-01-12T00:03:41.913' AS DateTime), NULL, NULL)
GO
INSERT [PurchaseForm] ([Id], [CoachingModelId], [BoostingModelId], [PlacementMatchesModelId], [WinBoostModelId], [PersonalInformationId], [TFTPlacementModelId], [TFTBoostingModelId], [Pricing], [JobAvailable], [PayPalApproval], [PayPalCapture], [PurchaseType], [BoosterCompletionConfirmed], [BoosterPricing], [CustomerCompletionConfirmed], [BoosterAssignedToId], [AdminCompletionConfirmed], [CreatedDate], [DiscountId], [Discount]) VALUES (19, NULL, 17, NULL, NULL, 19, NULL, NULL, N'105.76', 0, N'https://www.paypal.com/checkoutnow?token=5SU14686RF5215642', N'https://api.paypal.com/v2/checkout/orders/5SU14686RF5215642/capture', 0, 1, NULL, 0, 3, 1, CAST(N'2021-01-12T00:03:41.913' AS DateTime), NULL, NULL)
GO
INSERT [PurchaseForm] ([Id], [CoachingModelId], [BoostingModelId], [PlacementMatchesModelId], [WinBoostModelId], [PersonalInformationId], [TFTPlacementModelId], [TFTBoostingModelId], [Pricing], [JobAvailable], [PayPalApproval], [PayPalCapture], [PurchaseType], [BoosterCompletionConfirmed], [BoosterPricing], [CustomerCompletionConfirmed], [BoosterAssignedToId], [AdminCompletionConfirmed], [CreatedDate], [DiscountId], [Discount]) VALUES (21, NULL, 19, NULL, NULL, 21, NULL, NULL, N'41.39', 0, N'https://www.paypal.com/checkoutnow?token=05L22357E18913646', N'https://api.paypal.com/v2/checkout/orders/05L22357E18913646/capture', 0, 1, NULL, 0, 10041, 1, CAST(N'2021-01-12T00:03:41.913' AS DateTime), NULL, NULL)
GO
INSERT [PurchaseForm] ([Id], [CoachingModelId], [BoostingModelId], [PlacementMatchesModelId], [WinBoostModelId], [PersonalInformationId], [TFTPlacementModelId], [TFTBoostingModelId], [Pricing], [JobAvailable], [PayPalApproval], [PayPalCapture], [PurchaseType], [BoosterCompletionConfirmed], [BoosterPricing], [CustomerCompletionConfirmed], [BoosterAssignedToId], [AdminCompletionConfirmed], [CreatedDate], [DiscountId], [Discount]) VALUES (22, NULL, 20, NULL, NULL, 22, NULL, NULL, N'85.77', 0, N'https://www.paypal.com/checkoutnow?token=18287463SG652213E', N'https://api.paypal.com/v2/checkout/orders/18287463SG652213E/capture', 0, 1, NULL, 0, 10041, 1, CAST(N'2021-01-12T00:03:41.913' AS DateTime), NULL, NULL)
GO
INSERT [PurchaseForm] ([Id], [CoachingModelId], [BoostingModelId], [PlacementMatchesModelId], [WinBoostModelId], [PersonalInformationId], [TFTPlacementModelId], [TFTBoostingModelId], [Pricing], [JobAvailable], [PayPalApproval], [PayPalCapture], [PurchaseType], [BoosterCompletionConfirmed], [BoosterPricing], [CustomerCompletionConfirmed], [BoosterAssignedToId], [AdminCompletionConfirmed], [CreatedDate], [DiscountId], [Discount]) VALUES (23, NULL, 21, NULL, NULL, 23, NULL, NULL, N'37.64', 0, N'https://www.paypal.com/checkoutnow?token=1M959829GL5182200', N'https://api.paypal.com/v2/checkout/orders/1M959829GL5182200/capture', 1, 1, NULL, 0, 1, 1, CAST(N'2021-01-12T00:03:41.913' AS DateTime), NULL, NULL)
GO
INSERT [PurchaseForm] ([Id], [CoachingModelId], [BoostingModelId], [PlacementMatchesModelId], [WinBoostModelId], [PersonalInformationId], [TFTPlacementModelId], [TFTBoostingModelId], [Pricing], [JobAvailable], [PayPalApproval], [PayPalCapture], [PurchaseType], [BoosterCompletionConfirmed], [BoosterPricing], [CustomerCompletionConfirmed], [BoosterAssignedToId], [AdminCompletionConfirmed], [CreatedDate], [DiscountId], [Discount]) VALUES (24, NULL, 22, NULL, NULL, 24, NULL, NULL, N'122.56', 0, NULL, NULL, 0, 1, NULL, 0, 1, 1, CAST(N'2021-01-12T00:03:41.913' AS DateTime), NULL, NULL)
GO
INSERT [PurchaseForm] ([Id], [CoachingModelId], [BoostingModelId], [PlacementMatchesModelId], [WinBoostModelId], [PersonalInformationId], [TFTPlacementModelId], [TFTBoostingModelId], [Pricing], [JobAvailable], [PayPalApproval], [PayPalCapture], [PurchaseType], [BoosterCompletionConfirmed], [BoosterPricing], [CustomerCompletionConfirmed], [BoosterAssignedToId], [AdminCompletionConfirmed], [CreatedDate], [DiscountId], [Discount]) VALUES (26, NULL, 24, NULL, NULL, 26, NULL, NULL, N'34.3', 0, NULL, NULL, 1, 1, NULL, 0, 1, 1, CAST(N'2021-01-12T00:03:41.913' AS DateTime), NULL, NULL)
GO
INSERT [PurchaseForm] ([Id], [CoachingModelId], [BoostingModelId], [PlacementMatchesModelId], [WinBoostModelId], [PersonalInformationId], [TFTPlacementModelId], [TFTBoostingModelId], [Pricing], [JobAvailable], [PayPalApproval], [PayPalCapture], [PurchaseType], [BoosterCompletionConfirmed], [BoosterPricing], [CustomerCompletionConfirmed], [BoosterAssignedToId], [AdminCompletionConfirmed], [CreatedDate], [DiscountId], [Discount]) VALUES (27, NULL, 25, NULL, NULL, 27, NULL, NULL, N'69.04', 0, N'https://www.paypal.com/checkoutnow?token=3T4039211J713223E', N'https://api.paypal.com/v2/checkout/orders/3T4039211J713223E/capture', 0, 1, NULL, 0, 10041, 1, CAST(N'2021-01-12T00:03:41.913' AS DateTime), NULL, NULL)
GO
INSERT [PurchaseForm] ([Id], [CoachingModelId], [BoostingModelId], [PlacementMatchesModelId], [WinBoostModelId], [PersonalInformationId], [TFTPlacementModelId], [TFTBoostingModelId], [Pricing], [JobAvailable], [PayPalApproval], [PayPalCapture], [PurchaseType], [BoosterCompletionConfirmed], [BoosterPricing], [CustomerCompletionConfirmed], [BoosterAssignedToId], [AdminCompletionConfirmed], [CreatedDate], [DiscountId], [Discount]) VALUES (28, NULL, 26, NULL, NULL, 28, NULL, NULL, N'100.3', 0, N'https://www.paypal.com/checkoutnow?token=0HN54259HU278461X', N'https://api.paypal.com/v2/checkout/orders/0HN54259HU278461X/capture', 1, 1, NULL, 0, 20058, 1, CAST(N'2021-01-12T00:03:41.913' AS DateTime), NULL, NULL)
GO
INSERT [PurchaseForm] ([Id], [CoachingModelId], [BoostingModelId], [PlacementMatchesModelId], [WinBoostModelId], [PersonalInformationId], [TFTPlacementModelId], [TFTBoostingModelId], [Pricing], [JobAvailable], [PayPalApproval], [PayPalCapture], [PurchaseType], [BoosterCompletionConfirmed], [BoosterPricing], [CustomerCompletionConfirmed], [BoosterAssignedToId], [AdminCompletionConfirmed], [CreatedDate], [DiscountId], [Discount]) VALUES (29, NULL, 27, NULL, NULL, 29, NULL, NULL, N'18.82', 0, N'https://www.paypal.com/checkoutnow?token=9NP94573YP6037409', N'https://api.paypal.com/v2/checkout/orders/9NP94573YP6037409/capture', 0, 1, NULL, 0, 22, 1, CAST(N'2021-01-12T00:03:41.913' AS DateTime), NULL, NULL)
GO
INSERT [PurchaseForm] ([Id], [CoachingModelId], [BoostingModelId], [PlacementMatchesModelId], [WinBoostModelId], [PersonalInformationId], [TFTPlacementModelId], [TFTBoostingModelId], [Pricing], [JobAvailable], [PayPalApproval], [PayPalCapture], [PurchaseType], [BoosterCompletionConfirmed], [BoosterPricing], [CustomerCompletionConfirmed], [BoosterAssignedToId], [AdminCompletionConfirmed], [CreatedDate], [DiscountId], [Discount]) VALUES (30, NULL, 28, NULL, NULL, 30, NULL, NULL, N'50.02', 0, N'https://www.paypal.com/checkoutnow?token=32M92384NK841201K', N'https://api.paypal.com/v2/checkout/orders/32M92384NK841201K/capture', 0, 1, NULL, 0, 22, 1, CAST(N'2021-01-12T00:03:41.913' AS DateTime), NULL, NULL)
GO
INSERT [PurchaseForm] ([Id], [CoachingModelId], [BoostingModelId], [PlacementMatchesModelId], [WinBoostModelId], [PersonalInformationId], [TFTPlacementModelId], [TFTBoostingModelId], [Pricing], [JobAvailable], [PayPalApproval], [PayPalCapture], [PurchaseType], [BoosterCompletionConfirmed], [BoosterPricing], [CustomerCompletionConfirmed], [BoosterAssignedToId], [AdminCompletionConfirmed], [CreatedDate], [DiscountId], [Discount]) VALUES (31, NULL, 29, NULL, NULL, 31, NULL, NULL, N'80.64', 0, N'https://www.paypal.com/checkoutnow?token=4HD26419JY159620U', N'https://api.paypal.com/v2/checkout/orders/4HD26419JY159620U/capture', 0, 1, NULL, 0, 10041, 1, CAST(N'2021-01-12T00:03:41.913' AS DateTime), NULL, NULL)
GO
INSERT [PurchaseForm] ([Id], [CoachingModelId], [BoostingModelId], [PlacementMatchesModelId], [WinBoostModelId], [PersonalInformationId], [TFTPlacementModelId], [TFTBoostingModelId], [Pricing], [JobAvailable], [PayPalApproval], [PayPalCapture], [PurchaseType], [BoosterCompletionConfirmed], [BoosterPricing], [CustomerCompletionConfirmed], [BoosterAssignedToId], [AdminCompletionConfirmed], [CreatedDate], [DiscountId], [Discount]) VALUES (32, NULL, 30, NULL, NULL, 32, NULL, NULL, N'37.64', 0, N'https://www.paypal.com/checkoutnow?token=7M722821UB131000H', N'https://api.paypal.com/v2/checkout/orders/7M722821UB131000H/capture', 1, 1, NULL, 0, 3, 1, CAST(N'2021-01-12T00:03:41.913' AS DateTime), NULL, NULL)
GO
INSERT [PurchaseForm] ([Id], [CoachingModelId], [BoostingModelId], [PlacementMatchesModelId], [WinBoostModelId], [PersonalInformationId], [TFTPlacementModelId], [TFTBoostingModelId], [Pricing], [JobAvailable], [PayPalApproval], [PayPalCapture], [PurchaseType], [BoosterCompletionConfirmed], [BoosterPricing], [CustomerCompletionConfirmed], [BoosterAssignedToId], [AdminCompletionConfirmed], [CreatedDate], [DiscountId], [Discount]) VALUES (34, NULL, 32, NULL, NULL, 34, NULL, NULL, N'69.43', 0, N'https://www.paypal.com/checkoutnow?token=12H019864H4727508', N'https://api.paypal.com/v2/checkout/orders/12H019864H4727508/capture', 1, 1, NULL, 0, 27, 1, CAST(N'2021-01-12T00:03:41.913' AS DateTime), NULL, NULL)
GO
INSERT [PurchaseForm] ([Id], [CoachingModelId], [BoostingModelId], [PlacementMatchesModelId], [WinBoostModelId], [PersonalInformationId], [TFTPlacementModelId], [TFTBoostingModelId], [Pricing], [JobAvailable], [PayPalApproval], [PayPalCapture], [PurchaseType], [BoosterCompletionConfirmed], [BoosterPricing], [CustomerCompletionConfirmed], [BoosterAssignedToId], [AdminCompletionConfirmed], [CreatedDate], [DiscountId], [Discount]) VALUES (35, NULL, NULL, NULL, 2, 35, NULL, NULL, N'9.6', 0, N'https://www.paypal.com/checkoutnow?token=64V89589H85049335', N'https://api.paypal.com/v2/checkout/orders/64V89589H85049335/capture', 2, 1, NULL, 0, 36, 1, CAST(N'2021-01-12T00:03:41.913' AS DateTime), NULL, NULL)
GO
INSERT [PurchaseForm] ([Id], [CoachingModelId], [BoostingModelId], [PlacementMatchesModelId], [WinBoostModelId], [PersonalInformationId], [TFTPlacementModelId], [TFTBoostingModelId], [Pricing], [JobAvailable], [PayPalApproval], [PayPalCapture], [PurchaseType], [BoosterCompletionConfirmed], [BoosterPricing], [CustomerCompletionConfirmed], [BoosterAssignedToId], [AdminCompletionConfirmed], [CreatedDate], [DiscountId], [Discount]) VALUES (36, NULL, 33, NULL, NULL, 36, NULL, NULL, N'15.83', 0, N'https://www.paypal.com/checkoutnow?token=42B779866X390193H', N'https://api.paypal.com/v2/checkout/orders/42B779866X390193H/capture', 1, 1, NULL, 0, 27, 1, CAST(N'2021-01-12T00:03:41.913' AS DateTime), NULL, NULL)
GO
INSERT [PurchaseForm] ([Id], [CoachingModelId], [BoostingModelId], [PlacementMatchesModelId], [WinBoostModelId], [PersonalInformationId], [TFTPlacementModelId], [TFTBoostingModelId], [Pricing], [JobAvailable], [PayPalApproval], [PayPalCapture], [PurchaseType], [BoosterCompletionConfirmed], [BoosterPricing], [CustomerCompletionConfirmed], [BoosterAssignedToId], [AdminCompletionConfirmed], [CreatedDate], [DiscountId], [Discount]) VALUES (37, NULL, 34, NULL, NULL, 37, NULL, NULL, N'102.97', 0, NULL, NULL, 0, 1, NULL, 0, 20058, 1, CAST(N'2021-01-12T00:03:41.913' AS DateTime), NULL, NULL)
GO
INSERT [PurchaseForm] ([Id], [CoachingModelId], [BoostingModelId], [PlacementMatchesModelId], [WinBoostModelId], [PersonalInformationId], [TFTPlacementModelId], [TFTBoostingModelId], [Pricing], [JobAvailable], [PayPalApproval], [PayPalCapture], [PurchaseType], [BoosterCompletionConfirmed], [BoosterPricing], [CustomerCompletionConfirmed], [BoosterAssignedToId], [AdminCompletionConfirmed], [CreatedDate], [DiscountId], [Discount]) VALUES (39, NULL, 36, NULL, NULL, 39, NULL, NULL, N'20.78', 0, N'https://www.paypal.com/checkoutnow?token=7FY238918H575902T', N'https://api.paypal.com/v2/checkout/orders/7FY238918H575902T/capture', 0, 1, NULL, 0, 9, 1, CAST(N'2021-01-12T00:03:41.913' AS DateTime), NULL, NULL)
GO
INSERT [PurchaseForm] ([Id], [CoachingModelId], [BoostingModelId], [PlacementMatchesModelId], [WinBoostModelId], [PersonalInformationId], [TFTPlacementModelId], [TFTBoostingModelId], [Pricing], [JobAvailable], [PayPalApproval], [PayPalCapture], [PurchaseType], [BoosterCompletionConfirmed], [BoosterPricing], [CustomerCompletionConfirmed], [BoosterAssignedToId], [AdminCompletionConfirmed], [CreatedDate], [DiscountId], [Discount]) VALUES (40, NULL, NULL, 2, NULL, 40, NULL, NULL, N'16', 0, N'https://www.paypal.com/checkoutnow?token=8BE79830BE7713631', N'https://api.paypal.com/v2/checkout/orders/8BE79830BE7713631/capture', 3, 1, NULL, 0, 20066, 1, CAST(N'2021-01-12T00:03:41.913' AS DateTime), NULL, NULL)
GO
INSERT [PurchaseForm] ([Id], [CoachingModelId], [BoostingModelId], [PlacementMatchesModelId], [WinBoostModelId], [PersonalInformationId], [TFTPlacementModelId], [TFTBoostingModelId], [Pricing], [JobAvailable], [PayPalApproval], [PayPalCapture], [PurchaseType], [BoosterCompletionConfirmed], [BoosterPricing], [CustomerCompletionConfirmed], [BoosterAssignedToId], [AdminCompletionConfirmed], [CreatedDate], [DiscountId], [Discount]) VALUES (41, NULL, 37, NULL, NULL, 41, NULL, NULL, N'20.7', 0, N'https://www.paypal.com/checkoutnow?token=8A231722A6056924W', N'https://api.paypal.com/v2/checkout/orders/8A231722A6056924W/capture', 0, 1, NULL, 0, 20062, 1, CAST(N'2021-01-12T00:03:41.913' AS DateTime), NULL, NULL)
GO
INSERT [PurchaseForm] ([Id], [CoachingModelId], [BoostingModelId], [PlacementMatchesModelId], [WinBoostModelId], [PersonalInformationId], [TFTPlacementModelId], [TFTBoostingModelId], [Pricing], [JobAvailable], [PayPalApproval], [PayPalCapture], [PurchaseType], [BoosterCompletionConfirmed], [BoosterPricing], [CustomerCompletionConfirmed], [BoosterAssignedToId], [AdminCompletionConfirmed], [CreatedDate], [DiscountId], [Discount]) VALUES (42, NULL, NULL, NULL, NULL, 42, 1, NULL, N'12', 0, N'https://www.paypal.com/checkoutnow?token=47R17282XF961040A', N'https://api.paypal.com/v2/checkout/orders/47R17282XF961040A/capture', 4, 1, NULL, 0, 20067, 1, CAST(N'2021-01-12T00:03:41.913' AS DateTime), NULL, NULL)
GO
INSERT [PurchaseForm] ([Id], [CoachingModelId], [BoostingModelId], [PlacementMatchesModelId], [WinBoostModelId], [PersonalInformationId], [TFTPlacementModelId], [TFTBoostingModelId], [Pricing], [JobAvailable], [PayPalApproval], [PayPalCapture], [PurchaseType], [BoosterCompletionConfirmed], [BoosterPricing], [CustomerCompletionConfirmed], [BoosterAssignedToId], [AdminCompletionConfirmed], [CreatedDate], [DiscountId], [Discount]) VALUES (43, NULL, 38, NULL, NULL, 43, NULL, NULL, N'43.64', 0, N'https://www.paypal.com/checkoutnow?token=6UE66876LK663952G', N'https://api.paypal.com/v2/checkout/orders/6UE66876LK663952G/capture', 1, 1, NULL, 0, 20066, 1, CAST(N'2021-01-12T00:03:41.913' AS DateTime), NULL, NULL)
GO
INSERT [PurchaseForm] ([Id], [CoachingModelId], [BoostingModelId], [PlacementMatchesModelId], [WinBoostModelId], [PersonalInformationId], [TFTPlacementModelId], [TFTBoostingModelId], [Pricing], [JobAvailable], [PayPalApproval], [PayPalCapture], [PurchaseType], [BoosterCompletionConfirmed], [BoosterPricing], [CustomerCompletionConfirmed], [BoosterAssignedToId], [AdminCompletionConfirmed], [CreatedDate], [DiscountId], [Discount]) VALUES (44, NULL, 39, NULL, NULL, 44, NULL, NULL, N'8.94', 0, N'https://www.paypal.com/checkoutnow?token=91B05210DM455040E', N'https://api.paypal.com/v2/checkout/orders/91B05210DM455040E/capture', 1, 1, NULL, 0, 1, 1, CAST(N'2021-01-12T00:03:41.913' AS DateTime), NULL, NULL)
GO
INSERT [PurchaseForm] ([Id], [CoachingModelId], [BoostingModelId], [PlacementMatchesModelId], [WinBoostModelId], [PersonalInformationId], [TFTPlacementModelId], [TFTBoostingModelId], [Pricing], [JobAvailable], [PayPalApproval], [PayPalCapture], [PurchaseType], [BoosterCompletionConfirmed], [BoosterPricing], [CustomerCompletionConfirmed], [BoosterAssignedToId], [AdminCompletionConfirmed], [CreatedDate], [DiscountId], [Discount]) VALUES (45, NULL, NULL, 3, NULL, 45, NULL, NULL, N'25.20', 0, NULL, NULL, 3, 1, NULL, 0, 1, 1, CAST(N'2021-01-12T00:03:41.913' AS DateTime), NULL, NULL)
GO
INSERT [PurchaseForm] ([Id], [CoachingModelId], [BoostingModelId], [PlacementMatchesModelId], [WinBoostModelId], [PersonalInformationId], [TFTPlacementModelId], [TFTBoostingModelId], [Pricing], [JobAvailable], [PayPalApproval], [PayPalCapture], [PurchaseType], [BoosterCompletionConfirmed], [BoosterPricing], [CustomerCompletionConfirmed], [BoosterAssignedToId], [AdminCompletionConfirmed], [CreatedDate], [DiscountId], [Discount]) VALUES (46, NULL, 40, NULL, NULL, 46, NULL, NULL, N'18.94', 0, N'https://www.paypal.com/checkoutnow?token=13220651X22741300', N'https://api.paypal.com/v2/checkout/orders/13220651X22741300/capture', 0, 1, NULL, 0, 20062, 1, CAST(N'2021-01-12T00:03:41.913' AS DateTime), NULL, NULL)
GO
INSERT [PurchaseForm] ([Id], [CoachingModelId], [BoostingModelId], [PlacementMatchesModelId], [WinBoostModelId], [PersonalInformationId], [TFTPlacementModelId], [TFTBoostingModelId], [Pricing], [JobAvailable], [PayPalApproval], [PayPalCapture], [PurchaseType], [BoosterCompletionConfirmed], [BoosterPricing], [CustomerCompletionConfirmed], [BoosterAssignedToId], [AdminCompletionConfirmed], [CreatedDate], [DiscountId], [Discount]) VALUES (48, NULL, 42, NULL, NULL, 48, NULL, NULL, N'18.15', 0, N'https://www.paypal.com/checkoutnow?token=3LK58380MR134543J', N'https://api.paypal.com/v2/checkout/orders/3LK58380MR134543J/capture', 0, 1, NULL, 0, 27, 1, CAST(N'2021-01-12T00:03:41.913' AS DateTime), NULL, NULL)
GO
INSERT [PurchaseForm] ([Id], [CoachingModelId], [BoostingModelId], [PlacementMatchesModelId], [WinBoostModelId], [PersonalInformationId], [TFTPlacementModelId], [TFTBoostingModelId], [Pricing], [JobAvailable], [PayPalApproval], [PayPalCapture], [PurchaseType], [BoosterCompletionConfirmed], [BoosterPricing], [CustomerCompletionConfirmed], [BoosterAssignedToId], [AdminCompletionConfirmed], [CreatedDate], [DiscountId], [Discount]) VALUES (50, NULL, 44, NULL, NULL, 50, NULL, NULL, N'12.32', 0, N'https://www.paypal.com/checkoutnow?token=32T93884EU969182E', N'https://api.paypal.com/v2/checkout/orders/32T93884EU969182E/capture', 0, 1, NULL, 0, 20062, 1, CAST(N'2021-01-12T00:03:41.913' AS DateTime), NULL, NULL)
GO
INSERT [PurchaseForm] ([Id], [CoachingModelId], [BoostingModelId], [PlacementMatchesModelId], [WinBoostModelId], [PersonalInformationId], [TFTPlacementModelId], [TFTBoostingModelId], [Pricing], [JobAvailable], [PayPalApproval], [PayPalCapture], [PurchaseType], [BoosterCompletionConfirmed], [BoosterPricing], [CustomerCompletionConfirmed], [BoosterAssignedToId], [AdminCompletionConfirmed], [CreatedDate], [DiscountId], [Discount]) VALUES (51, NULL, 45, NULL, NULL, 51, NULL, NULL, N'13.72', 0, N'https://www.paypal.com/checkoutnow?token=4LL808925Y462493Y', N'https://api.paypal.com/v2/checkout/orders/4LL808925Y462493Y/capture', 0, 1, NULL, 0, 10040, 1, CAST(N'2021-01-12T00:03:41.913' AS DateTime), NULL, NULL)
GO
INSERT [PurchaseForm] ([Id], [CoachingModelId], [BoostingModelId], [PlacementMatchesModelId], [WinBoostModelId], [PersonalInformationId], [TFTPlacementModelId], [TFTBoostingModelId], [Pricing], [JobAvailable], [PayPalApproval], [PayPalCapture], [PurchaseType], [BoosterCompletionConfirmed], [BoosterPricing], [CustomerCompletionConfirmed], [BoosterAssignedToId], [AdminCompletionConfirmed], [CreatedDate], [DiscountId], [Discount]) VALUES (52, NULL, 46, NULL, NULL, 52, NULL, NULL, N'11.05', 0, N'https://www.paypal.com/checkoutnow?token=8AD86226J6009261P', N'https://api.paypal.com/v2/checkout/orders/8AD86226J6009261P/capture', 0, 1, NULL, 0, 20062, 1, CAST(N'2021-01-12T00:03:41.913' AS DateTime), NULL, NULL)
GO
INSERT [PurchaseForm] ([Id], [CoachingModelId], [BoostingModelId], [PlacementMatchesModelId], [WinBoostModelId], [PersonalInformationId], [TFTPlacementModelId], [TFTBoostingModelId], [Pricing], [JobAvailable], [PayPalApproval], [PayPalCapture], [PurchaseType], [BoosterCompletionConfirmed], [BoosterPricing], [CustomerCompletionConfirmed], [BoosterAssignedToId], [AdminCompletionConfirmed], [CreatedDate], [DiscountId], [Discount]) VALUES (53, NULL, NULL, NULL, 3, 53, NULL, NULL, N'3.5', 0, N'https://www.paypal.com/checkoutnow?token=8YL52155VE945281F', N'https://api.paypal.com/v2/checkout/orders/8YL52155VE945281F/capture', 2, 1, NULL, 0, 27, 1, CAST(N'2021-01-12T00:03:41.913' AS DateTime), NULL, NULL)
GO
INSERT [PurchaseForm] ([Id], [CoachingModelId], [BoostingModelId], [PlacementMatchesModelId], [WinBoostModelId], [PersonalInformationId], [TFTPlacementModelId], [TFTBoostingModelId], [Pricing], [JobAvailable], [PayPalApproval], [PayPalCapture], [PurchaseType], [BoosterCompletionConfirmed], [BoosterPricing], [CustomerCompletionConfirmed], [BoosterAssignedToId], [AdminCompletionConfirmed], [CreatedDate], [DiscountId], [Discount]) VALUES (54, NULL, NULL, 4, NULL, 54, NULL, NULL, N'24', 0, N'https://www.paypal.com/checkoutnow?token=0KB64582SF481962W', N'https://api.paypal.com/v2/checkout/orders/0KB64582SF481962W/capture', 3, 1, NULL, 0, 20068, 1, CAST(N'2021-01-12T00:03:41.913' AS DateTime), NULL, NULL)
GO
INSERT [PurchaseForm] ([Id], [CoachingModelId], [BoostingModelId], [PlacementMatchesModelId], [WinBoostModelId], [PersonalInformationId], [TFTPlacementModelId], [TFTBoostingModelId], [Pricing], [JobAvailable], [PayPalApproval], [PayPalCapture], [PurchaseType], [BoosterCompletionConfirmed], [BoosterPricing], [CustomerCompletionConfirmed], [BoosterAssignedToId], [AdminCompletionConfirmed], [CreatedDate], [DiscountId], [Discount]) VALUES (55, NULL, 47, NULL, NULL, 55, NULL, NULL, N'22.54', 0, N'https://www.paypal.com/checkoutnow?token=25U65609B1721622C', N'https://api.paypal.com/v2/checkout/orders/25U65609B1721622C/capture', 1, 1, NULL, 0, 36, 1, CAST(N'2021-01-12T00:03:41.913' AS DateTime), NULL, NULL)
GO
INSERT [PurchaseForm] ([Id], [CoachingModelId], [BoostingModelId], [PlacementMatchesModelId], [WinBoostModelId], [PersonalInformationId], [TFTPlacementModelId], [TFTBoostingModelId], [Pricing], [JobAvailable], [PayPalApproval], [PayPalCapture], [PurchaseType], [BoosterCompletionConfirmed], [BoosterPricing], [CustomerCompletionConfirmed], [BoosterAssignedToId], [AdminCompletionConfirmed], [CreatedDate], [DiscountId], [Discount]) VALUES (56, NULL, 48, NULL, NULL, 56, NULL, NULL, N'4.71', 0, N'https://www.sandbox.paypal.com/checkoutnow?token=8BM15839VD9020005', N'https://api.sandbox.paypal.com/v2/checkout/orders/8BM15839VD9020005/capture', 0, 1, NULL, 0, 2, 1, CAST(N'2021-01-12T00:03:41.913' AS DateTime), NULL, NULL)
GO
INSERT [PurchaseForm] ([Id], [CoachingModelId], [BoostingModelId], [PlacementMatchesModelId], [WinBoostModelId], [PersonalInformationId], [TFTPlacementModelId], [TFTBoostingModelId], [Pricing], [JobAvailable], [PayPalApproval], [PayPalCapture], [PurchaseType], [BoosterCompletionConfirmed], [BoosterPricing], [CustomerCompletionConfirmed], [BoosterAssignedToId], [AdminCompletionConfirmed], [CreatedDate], [DiscountId], [Discount]) VALUES (57, NULL, NULL, 5, NULL, 57, NULL, NULL, N'22.5', 0, N'https://www.paypal.com/checkoutnow?token=6BB94857TK553491D', N'https://api.paypal.com/v2/checkout/orders/6BB94857TK553491D/capture', 3, 1, NULL, 0, 27, 1, CAST(N'2021-01-12T00:03:41.913' AS DateTime), NULL, NULL)
GO
INSERT [PurchaseForm] ([Id], [CoachingModelId], [BoostingModelId], [PlacementMatchesModelId], [WinBoostModelId], [PersonalInformationId], [TFTPlacementModelId], [TFTBoostingModelId], [Pricing], [JobAvailable], [PayPalApproval], [PayPalCapture], [PurchaseType], [BoosterCompletionConfirmed], [BoosterPricing], [CustomerCompletionConfirmed], [BoosterAssignedToId], [AdminCompletionConfirmed], [CreatedDate], [DiscountId], [Discount]) VALUES (58, NULL, NULL, 6, NULL, 58, NULL, NULL, N'18.0', 0, N'https://www.paypal.com/checkoutnow?token=5KF40395EG781422P', N'https://api.paypal.com/v2/checkout/orders/5KF40395EG781422P/capture', 3, 1, NULL, 0, 27, 1, CAST(N'2021-01-12T00:03:41.913' AS DateTime), NULL, NULL)
GO
INSERT [PurchaseForm] ([Id], [CoachingModelId], [BoostingModelId], [PlacementMatchesModelId], [WinBoostModelId], [PersonalInformationId], [TFTPlacementModelId], [TFTBoostingModelId], [Pricing], [JobAvailable], [PayPalApproval], [PayPalCapture], [PurchaseType], [BoosterCompletionConfirmed], [BoosterPricing], [CustomerCompletionConfirmed], [BoosterAssignedToId], [AdminCompletionConfirmed], [CreatedDate], [DiscountId], [Discount]) VALUES (59, NULL, NULL, 7, NULL, 59, NULL, NULL, N'63.00', 0, N'https://www.paypal.com/checkoutnow?token=6X971737L35109631', N'https://api.paypal.com/v2/checkout/orders/6X971737L35109631/capture', 3, 0, NULL, 0, 1, 0, CAST(N'2021-01-12T00:03:41.913' AS DateTime), NULL, NULL)
GO
INSERT [PurchaseForm] ([Id], [CoachingModelId], [BoostingModelId], [PlacementMatchesModelId], [WinBoostModelId], [PersonalInformationId], [TFTPlacementModelId], [TFTBoostingModelId], [Pricing], [JobAvailable], [PayPalApproval], [PayPalCapture], [PurchaseType], [BoosterCompletionConfirmed], [BoosterPricing], [CustomerCompletionConfirmed], [BoosterAssignedToId], [AdminCompletionConfirmed], [CreatedDate], [DiscountId], [Discount]) VALUES (60, NULL, NULL, 8, NULL, 60, NULL, NULL, N'24.0', 0, N'https://www.paypal.com/checkoutnow?token=4J275939N2571492M', N'https://api.paypal.com/v2/checkout/orders/4J275939N2571492M/capture', 3, 0, NULL, 0, 20076, 0, CAST(N'2021-01-12T00:03:41.913' AS DateTime), NULL, NULL)
GO
INSERT [PurchaseForm] ([Id], [CoachingModelId], [BoostingModelId], [PlacementMatchesModelId], [WinBoostModelId], [PersonalInformationId], [TFTPlacementModelId], [TFTBoostingModelId], [Pricing], [JobAvailable], [PayPalApproval], [PayPalCapture], [PurchaseType], [BoosterCompletionConfirmed], [BoosterPricing], [CustomerCompletionConfirmed], [BoosterAssignedToId], [AdminCompletionConfirmed], [CreatedDate], [DiscountId], [Discount]) VALUES (61, NULL, NULL, 9, NULL, 61, NULL, NULL, N'30.0', 0, N'https://www.paypal.com/checkoutnow?token=7KY96392KM608941S', N'https://api.paypal.com/v2/checkout/orders/7KY96392KM608941S/capture', 3, 1, NULL, 0, 38, 0, CAST(N'2021-01-12T00:03:41.913' AS DateTime), NULL, NULL)
GO
INSERT [PurchaseForm] ([Id], [CoachingModelId], [BoostingModelId], [PlacementMatchesModelId], [WinBoostModelId], [PersonalInformationId], [TFTPlacementModelId], [TFTBoostingModelId], [Pricing], [JobAvailable], [PayPalApproval], [PayPalCapture], [PurchaseType], [BoosterCompletionConfirmed], [BoosterPricing], [CustomerCompletionConfirmed], [BoosterAssignedToId], [AdminCompletionConfirmed], [CreatedDate], [DiscountId], [Discount]) VALUES (62, NULL, NULL, NULL, NULL, 62, 2, NULL, N'2.25', 0, N'https://www.paypal.com/checkoutnow?token=51W17652RT724143N', N'https://api.paypal.com/v2/checkout/orders/51W17652RT724143N/capture', 4, 1, NULL, 0, 20064, 0, CAST(N'2021-01-12T00:03:41.913' AS DateTime), NULL, NULL)
GO
INSERT [PurchaseForm] ([Id], [CoachingModelId], [BoostingModelId], [PlacementMatchesModelId], [WinBoostModelId], [PersonalInformationId], [TFTPlacementModelId], [TFTBoostingModelId], [Pricing], [JobAvailable], [PayPalApproval], [PayPalCapture], [PurchaseType], [BoosterCompletionConfirmed], [BoosterPricing], [CustomerCompletionConfirmed], [BoosterAssignedToId], [AdminCompletionConfirmed], [CreatedDate], [DiscountId], [Discount]) VALUES (63, NULL, NULL, 10, NULL, 63, NULL, NULL, N'42.0', 0, N'https://www.paypal.com/checkoutnow?token=23E03767KF241545W', N'https://api.paypal.com/v2/checkout/orders/23E03767KF241545W/capture', 3, 0, NULL, 0, 1, 0, CAST(N'2021-01-12T00:03:41.913' AS DateTime), NULL, NULL)
GO
INSERT [PurchaseForm] ([Id], [CoachingModelId], [BoostingModelId], [PlacementMatchesModelId], [WinBoostModelId], [PersonalInformationId], [TFTPlacementModelId], [TFTBoostingModelId], [Pricing], [JobAvailable], [PayPalApproval], [PayPalCapture], [PurchaseType], [BoosterCompletionConfirmed], [BoosterPricing], [CustomerCompletionConfirmed], [BoosterAssignedToId], [AdminCompletionConfirmed], [CreatedDate], [DiscountId], [Discount]) VALUES (64, NULL, NULL, 11, NULL, 64, NULL, NULL, N'38.25', 0, N'https://www.paypal.com/checkoutnow?token=7E9595197J199430Y', N'https://api.paypal.com/v2/checkout/orders/7E9595197J199430Y/capture', 3, 1, NULL, 0, 20068, 0, CAST(N'2021-01-12T11:43:38.443' AS DateTime), NULL, NULL)
GO
SET IDENTITY_INSERT [PurchaseForm] OFF
GO
SET IDENTITY_INSERT [TFTPlacementModel] ON 

GO
INSERT [TFTPlacementModel] ([Id], [LastSeasonStanding], [Server], [NumberOfGames], [DiscountCode]) VALUES (1, N'Gold', N'Europe West', N'5', NULL)
GO
INSERT [TFTPlacementModel] ([Id], [LastSeasonStanding], [Server], [NumberOfGames], [DiscountCode]) VALUES (2, N'Unranked', N'Europe Nordic &amp; East', N'1', NULL)
GO
SET IDENTITY_INSERT [TFTPlacementModel] OFF
GO
SET IDENTITY_INSERT [WinBoostModel] ON 

GO
INSERT [WinBoostModel] ([Id], [YourCurrentLeague], [CurrentDivision], [Server], [TypeOfService], [TypeOfQueue], [TypeOfDuoRegular], [TypeOfDuoPremium], [Discount], [NumOfGames]) VALUES (1, N'Diamond', N'IV', N'North America', N'Duo', N'Solo/Duo (5v5)', N'Regular', N'false', NULL, N'2')
GO
INSERT [WinBoostModel] ([Id], [YourCurrentLeague], [CurrentDivision], [Server], [TypeOfService], [TypeOfQueue], [TypeOfDuoRegular], [TypeOfDuoPremium], [Discount], [NumOfGames]) VALUES (2, N'Platinum', N'II', N'Europe Nordic &amp; East', N'Solo', N'Solo/Duo (5v5)', N'false', N'false', N'ByeS10', N'2')
GO
INSERT [WinBoostModel] ([Id], [YourCurrentLeague], [CurrentDivision], [Server], [TypeOfService], [TypeOfQueue], [TypeOfDuoRegular], [TypeOfDuoPremium], [Discount], [NumOfGames]) VALUES (3, N'Gold', N'IV', N'Europe West', N'Solo', N'Solo/Duo (5v5)', N'false', N'false', NULL, N'1')
GO
SET IDENTITY_INSERT [WinBoostModel] OFF
GO
ALTER TABLE [AspNetUsers] ADD  DEFAULT ((0.0)) FOR [Balance]
GO
ALTER TABLE [Discount] ADD  DEFAULT ((0)) FOR [SingleUse]
GO
ALTER TABLE [PurchaseForm] ADD  DEFAULT (CONVERT([bit],(0))) FOR [BoosterCompletionConfirmed]
GO
ALTER TABLE [PurchaseForm] ADD  DEFAULT (CONVERT([bit],(0))) FOR [CustomerCompletionConfirmed]
GO
ALTER TABLE [PurchaseForm] ADD  CONSTRAINT [AdminCompletionConfirmedConstraint]  DEFAULT ((0)) FOR [AdminCompletionConfirmed]
GO
ALTER TABLE [PurchaseForm] ADD  DEFAULT (getdate()) FOR [CreatedDate]
GO
ALTER TABLE [AspNetRoleClaims]  WITH CHECK ADD  CONSTRAINT [FK_AspNetRoleClaims_AspNetRoles_RoleId] FOREIGN KEY([RoleId])
REFERENCES [AspNetRoles] ([Id])
ON DELETE CASCADE
GO
ALTER TABLE [AspNetRoleClaims] CHECK CONSTRAINT [FK_AspNetRoleClaims_AspNetRoles_RoleId]
GO
ALTER TABLE [AspNetUserClaims]  WITH CHECK ADD  CONSTRAINT [FK_AspNetUserClaims_AspNetUsers_UserId] FOREIGN KEY([UserId])
REFERENCES [AspNetUsers] ([Id])
ON DELETE CASCADE
GO
ALTER TABLE [AspNetUserClaims] CHECK CONSTRAINT [FK_AspNetUserClaims_AspNetUsers_UserId]
GO
ALTER TABLE [AspNetUserLogins]  WITH CHECK ADD  CONSTRAINT [FK_AspNetUserLogins_AspNetUsers_UserId] FOREIGN KEY([UserId])
REFERENCES [AspNetUsers] ([Id])
ON DELETE CASCADE
GO
ALTER TABLE [AspNetUserLogins] CHECK CONSTRAINT [FK_AspNetUserLogins_AspNetUsers_UserId]
GO
ALTER TABLE [AspNetUserRoles]  WITH CHECK ADD  CONSTRAINT [FK_AspNetUserRoles_AspNetRoles_RoleId] FOREIGN KEY([RoleId])
REFERENCES [AspNetRoles] ([Id])
ON DELETE CASCADE
GO
ALTER TABLE [AspNetUserRoles] CHECK CONSTRAINT [FK_AspNetUserRoles_AspNetRoles_RoleId]
GO
ALTER TABLE [AspNetUserRoles]  WITH CHECK ADD  CONSTRAINT [FK_AspNetUserRoles_AspNetUsers_UserId] FOREIGN KEY([UserId])
REFERENCES [AspNetUsers] ([Id])
ON DELETE CASCADE
GO
ALTER TABLE [AspNetUserRoles] CHECK CONSTRAINT [FK_AspNetUserRoles_AspNetUsers_UserId]
GO
ALTER TABLE [AspNetUserTokens]  WITH CHECK ADD  CONSTRAINT [FK_AspNetUserTokens_AspNetUsers_UserId] FOREIGN KEY([UserId])
REFERENCES [AspNetUsers] ([Id])
ON DELETE CASCADE
GO
ALTER TABLE [AspNetUserTokens] CHECK CONSTRAINT [FK_AspNetUserTokens_AspNetUsers_UserId]
GO
ALTER TABLE [ChatModel]  WITH CHECK ADD  CONSTRAINT [FK_ChatModel_AspNetUsers_RecieverId] FOREIGN KEY([RecieverId])
REFERENCES [AspNetUsers] ([Id])
GO
ALTER TABLE [ChatModel] CHECK CONSTRAINT [FK_ChatModel_AspNetUsers_RecieverId]
GO
ALTER TABLE [ChatModel]  WITH CHECK ADD  CONSTRAINT [FK_ChatModel_AspNetUsers_SenderId] FOREIGN KEY([SenderId])
REFERENCES [AspNetUsers] ([Id])
GO
ALTER TABLE [ChatModel] CHECK CONSTRAINT [FK_ChatModel_AspNetUsers_SenderId]
GO
ALTER TABLE [ChatModel]  WITH CHECK ADD  CONSTRAINT [FK_ChatModel_PurchaseForm_purchaseFormId] FOREIGN KEY([purchaseFormId])
REFERENCES [PurchaseForm] ([Id])
GO
ALTER TABLE [ChatModel] CHECK CONSTRAINT [FK_ChatModel_PurchaseForm_purchaseFormId]
GO
ALTER TABLE [LeagueOfLegendsAuditModel]  WITH CHECK ADD  CONSTRAINT [FK_LeagueOfLegendsAuditModel_AspNetUsers_UserId] FOREIGN KEY([UserId])
REFERENCES [AspNetUsers] ([Id])
GO
ALTER TABLE [LeagueOfLegendsAuditModel] CHECK CONSTRAINT [FK_LeagueOfLegendsAuditModel_AspNetUsers_UserId]
GO
ALTER TABLE [PurchaseForm]  WITH CHECK ADD FOREIGN KEY([Discount])
REFERENCES [Discount] ([Id])
GO
ALTER TABLE [PurchaseForm]  WITH CHECK ADD  CONSTRAINT [FK_PurchaseForm_AspNetUsers_BoosterAssignedToId] FOREIGN KEY([BoosterAssignedToId])
REFERENCES [AspNetUsers] ([Id])
GO
ALTER TABLE [PurchaseForm] CHECK CONSTRAINT [FK_PurchaseForm_AspNetUsers_BoosterAssignedToId]
GO
ALTER TABLE [PurchaseForm]  WITH CHECK ADD  CONSTRAINT [FK_PurchaseForm_BoostingModel_BoostingModelId] FOREIGN KEY([BoostingModelId])
REFERENCES [BoostingModel] ([Id])
GO
ALTER TABLE [PurchaseForm] CHECK CONSTRAINT [FK_PurchaseForm_BoostingModel_BoostingModelId]
GO
ALTER TABLE [PurchaseForm]  WITH CHECK ADD  CONSTRAINT [FK_PurchaseForm_CoachingModel_CoachingModelId] FOREIGN KEY([CoachingModelId])
REFERENCES [CoachingModel] ([Id])
GO
ALTER TABLE [PurchaseForm] CHECK CONSTRAINT [FK_PurchaseForm_CoachingModel_CoachingModelId]
GO
ALTER TABLE [PurchaseForm]  WITH CHECK ADD  CONSTRAINT [FK_PurchaseForm_PersonalInformation_PersonalInformationId] FOREIGN KEY([PersonalInformationId])
REFERENCES [PersonalInformation] ([Id])
GO
ALTER TABLE [PurchaseForm] CHECK CONSTRAINT [FK_PurchaseForm_PersonalInformation_PersonalInformationId]
GO
ALTER TABLE [PurchaseForm]  WITH CHECK ADD  CONSTRAINT [FK_PurchaseForm_PlacementMatchesModel_PlacementMatchesModelId] FOREIGN KEY([PlacementMatchesModelId])
REFERENCES [PlacementMatchesModel] ([Id])
GO
ALTER TABLE [PurchaseForm] CHECK CONSTRAINT [FK_PurchaseForm_PlacementMatchesModel_PlacementMatchesModelId]
GO
ALTER TABLE [PurchaseForm]  WITH CHECK ADD  CONSTRAINT [FK_PurchaseForm_TFTBoostingModel_TFTBoostingModelId] FOREIGN KEY([TFTBoostingModelId])
REFERENCES [TFTBoostingModel] ([Id])
GO
ALTER TABLE [PurchaseForm] CHECK CONSTRAINT [FK_PurchaseForm_TFTBoostingModel_TFTBoostingModelId]
GO
ALTER TABLE [PurchaseForm]  WITH CHECK ADD  CONSTRAINT [FK_PurchaseForm_TFTPlacementModel_TFTPlacementModelId] FOREIGN KEY([TFTPlacementModelId])
REFERENCES [TFTPlacementModel] ([Id])
GO
ALTER TABLE [PurchaseForm] CHECK CONSTRAINT [FK_PurchaseForm_TFTPlacementModel_TFTPlacementModelId]
GO
ALTER TABLE [PurchaseForm]  WITH CHECK ADD  CONSTRAINT [FK_PurchaseForm_WinBoostModel_WinBoostModelId] FOREIGN KEY([WinBoostModelId])
REFERENCES [WinBoostModel] ([Id])
GO
ALTER TABLE [PurchaseForm] CHECK CONSTRAINT [FK_PurchaseForm_WinBoostModel_WinBoostModelId]
GO
